"key","datasetKey","decimalLongitude","decimalLatitude","stateProvince","year","month","day","country","locality","collectionCode","catalogNumber","recordedBy","institutionCode","notes","citation","doi"
1305187139,"bf2a4bf0-5f31-11de-b67e-b8a03c50a862",-2.596944,56.009722,"Scotland",2015,4,21,"United Kingdom","Tyninghame, Fir Links Wood","E","E00786359","Coppins, A.M.","E","proper GBIF citations were not initially included here and were added subsequently on 20 November 2020","Rob Cubey (2018). Royal Botanic Garden Edinburgh Herbarium (E). Royal Botanic Garden Edinburgh. Occurrence dataset https://doi.org/10.15468/ypoair accessed via GBIF.org on 2020-11-20.. Accessed from R via rgbif (https://github.com/ropensci/rgbif) on 2020-11-20","https://doi.org/10.15468/ypoair"
1305184338,"bf2a4bf0-5f31-11de-b67e-b8a03c50a862",-2.649722,56.024722,"Scotland",2015,6,6,"United Kingdom","Whitekirk Parish Church","E","E00786336","Coppins, Brian J.","E","proper GBIF citations were not initially included here and were added subsequently on 20 November 2020","Rob Cubey (2018). Royal Botanic Garden Edinburgh Herbarium (E). Royal Botanic Garden Edinburgh. Occurrence dataset https://doi.org/10.15468/ypoair accessed via GBIF.org on 2020-11-20.. Accessed from R via rgbif (https://github.com/ropensci/rgbif) on 2020-11-20","https://doi.org/10.15468/ypoair"
1305184442,"bf2a4bf0-5f31-11de-b67e-b8a03c50a862",-3.436944,51.173889,"England",2013,6,28,"United Kingdom","Dunster Park & Heathlands SSSI, Dunster Park","E","E00786318","Coppins, Brian J.","E","proper GBIF citations were not initially included here and were added subsequently on 20 November 2020","Rob Cubey (2018). Royal Botanic Garden Edinburgh Herbarium (E). Royal Botanic Garden Edinburgh. Occurrence dataset https://doi.org/10.15468/ypoair accessed via GBIF.org on 2020-11-20.. Accessed from R via rgbif (https://github.com/ropensci/rgbif) on 2020-11-20","https://doi.org/10.15468/ypoair"
788646733,"aab0cf80-0c64-11dd-84d1-b8a03c50a862",13.98394,55.90104,NA,2008,10,1,"Sweden","No locality information available","General","1409464","Ulf Arup","LD","proper GBIF citations were not initially included here and were added subsequently on 20 November 2020","Wittzell H, Shah M (2020). Lund Botanical Museum (LD). Lund Botanical Museum (LD). Occurrence dataset https://doi.org/10.15468/c4w4co accessed via GBIF.org on 2020-11-20.. Accessed from R via rgbif (https://github.com/ropensci/rgbif) on 2020-11-20","https://doi.org/10.15468/c4w4co"
1212028009,"85739778-f762-11e1-a439-00145eb45e9a",27.1767,35.78,NA,2007,9,22,"Greece","GREECE, Dodecanese, Karpathos island. Trail from Avlona to Vourgounda bay. Alt. 300 m.","Lichen Herbarium Berlin","101992","H. Sipman & Th. Raus","B","proper GBIF citations were not initially included here and were added subsequently on 20 November 2020","Botanic Garden and Botanical Museum Berlin (2016). Lichens at Herbarium Berolinense, Berlin (B). Occurrence dataset https://doi.org/10.15468/gmyyyu accessed via GBIF.org on 2020-11-20.. Accessed from R via rgbif (https://github.com/ropensci/rgbif) on 2020-11-20","https://doi.org/10.15468/gmyyyu"
1212027861,"85739778-f762-11e1-a439-00145eb45e9a",26.895,35.3883,NA,2007,10,1,"Greece","GREECE, Dodecanese, Kasos island. Alt. 350 m.","Lichen Herbarium Berlin","102453","H. Sipman & Th. Raus","B","proper GBIF citations were not initially included here and were added subsequently on 20 November 2020","Botanic Garden and Botanical Museum Berlin (2016). Lichens at Herbarium Berolinense, Berlin (B). Occurrence dataset https://doi.org/10.15468/gmyyyu accessed via GBIF.org on 2020-11-20.. Accessed from R via rgbif (https://github.com/ropensci/rgbif) on 2020-11-20","https://doi.org/10.15468/gmyyyu"
1212027996,"85739778-f762-11e1-a439-00145eb45e9a",26.895,35.3883,NA,2007,10,1,"Greece","GREECE, Dodecanese, Kasos island. Alt. 350 m.","Lichen Herbarium Berlin","102479","H. Sipman & Th. Raus","B","proper GBIF citations were not initially included here and were added subsequently on 20 November 2020","Botanic Garden and Botanical Museum Berlin (2016). Lichens at Herbarium Berolinense, Berlin (B). Occurrence dataset https://doi.org/10.15468/gmyyyu accessed via GBIF.org on 2020-11-20.. Accessed from R via rgbif (https://github.com/ropensci/rgbif) on 2020-11-20","https://doi.org/10.15468/gmyyyu"
1143573146,"bf2a4bf0-5f31-11de-b67e-b8a03c50a862",-1.281111,50.765,"England",2006,8,8,"United Kingdom","Castle Point, east of Cowes","E","E00745168","Yahr, Rebecca","E","proper GBIF citations were not initially included here and were added subsequently on 20 November 2020","Rob Cubey (2018). Royal Botanic Garden Edinburgh Herbarium (E). Royal Botanic Garden Edinburgh. Occurrence dataset https://doi.org/10.15468/ypoair accessed via GBIF.org on 2020-11-20.. Accessed from R via rgbif (https://github.com/ropensci/rgbif) on 2020-11-20","https://doi.org/10.15468/ypoair"
621562,"aab0cf80-0c64-11dd-84d1-b8a03c50a862",15.36684,56.14493,"Blekinge",1989,5,31,"Sweden","No locality information available","General","1046495","U. Arup & S. Ekman","LD","proper GBIF citations were not initially included here and were added subsequently on 20 November 2020","Wittzell H, Shah M (2020). Lund Botanical Museum (LD). Lund Botanical Museum (LD). Occurrence dataset https://doi.org/10.15468/c4w4co accessed via GBIF.org on 2020-11-20.. Accessed from R via rgbif (https://github.com/ropensci/rgbif) on 2020-11-20","https://doi.org/10.15468/c4w4co"
621566,"aab0cf80-0c64-11dd-84d1-b8a03c50a862",15.24992,56.24794,"Blekinge",1989,5,31,"Sweden","No locality information available","General","1046751","U. Arup & S. Ekman","LD","proper GBIF citations were not initially included here and were added subsequently on 20 November 2020","Wittzell H, Shah M (2020). Lund Botanical Museum (LD). Lund Botanical Museum (LD). Occurrence dataset https://doi.org/10.15468/c4w4co accessed via GBIF.org on 2020-11-20.. Accessed from R via rgbif (https://github.com/ropensci/rgbif) on 2020-11-20","https://doi.org/10.15468/c4w4co"
621553,"aab0cf80-0c64-11dd-84d1-b8a03c50a862",16.110116,56.499274,NA,1988,4,1,"Sweden","No locality information available","General","1045983","Ulf Arup","LD","proper GBIF citations were not initially included here and were added subsequently on 20 November 2020","Wittzell H, Shah M (2020). Lund Botanical Museum (LD). Lund Botanical Museum (LD). Occurrence dataset https://doi.org/10.15468/c4w4co accessed via GBIF.org on 2020-11-20.. Accessed from R via rgbif (https://github.com/ropensci/rgbif) on 2020-11-20","https://doi.org/10.15468/c4w4co"
621563,"aab0cf80-0c64-11dd-84d1-b8a03c50a862",14.83434,56.23612,"Blekinge",1988,5,7,"Sweden","No locality information available","General","1046559","Ulf Arup","LD","proper GBIF citations were not initially included here and were added subsequently on 20 November 2020","Wittzell H, Shah M (2020). Lund Botanical Museum (LD). Lund Botanical Museum (LD). Occurrence dataset https://doi.org/10.15468/c4w4co accessed via GBIF.org on 2020-11-20.. Accessed from R via rgbif (https://github.com/ropensci/rgbif) on 2020-11-20","https://doi.org/10.15468/c4w4co"
621588,"aab0cf80-0c64-11dd-84d1-b8a03c50a862",12.56199,56.44196,"Skåne",1988,5,5,"Sweden","Hallands Väderö","General","1050176","U. Arup & S. Ekman","LD","proper GBIF citations were not initially included here and were added subsequently on 20 November 2020","Wittzell H, Shah M (2020). Lund Botanical Museum (LD). Lund Botanical Museum (LD). Occurrence dataset https://doi.org/10.15468/c4w4co accessed via GBIF.org on 2020-11-20.. Accessed from R via rgbif (https://github.com/ropensci/rgbif) on 2020-11-20","https://doi.org/10.15468/c4w4co"
621567,"aab0cf80-0c64-11dd-84d1-b8a03c50a862",14.57337,56.0362,"Blekinge",1988,7,5,"Sweden","No locality information available","General","1046815","S. Ekman & A. Thell","LD","proper GBIF citations were not initially included here and were added subsequently on 20 November 2020","Wittzell H, Shah M (2020). Lund Botanical Museum (LD). Lund Botanical Museum (LD). Occurrence dataset https://doi.org/10.15468/c4w4co accessed via GBIF.org on 2020-11-20.. Accessed from R via rgbif (https://github.com/ropensci/rgbif) on 2020-11-20","https://doi.org/10.15468/c4w4co"
621584,"aab0cf80-0c64-11dd-84d1-b8a03c50a862",12.56199,56.44196,"Skåne",1988,8,10,"Sweden","Hallands Väderö","General","1049920","U. Arup & S. Ekman","LD","proper GBIF citations were not initially included here and were added subsequently on 20 November 2020","Wittzell H, Shah M (2020). Lund Botanical Museum (LD). Lund Botanical Museum (LD). Occurrence dataset https://doi.org/10.15468/c4w4co accessed via GBIF.org on 2020-11-20.. Accessed from R via rgbif (https://github.com/ropensci/rgbif) on 2020-11-20","https://doi.org/10.15468/c4w4co"
621586,"aab0cf80-0c64-11dd-84d1-b8a03c50a862",12.56199,56.44196,"Skåne",1988,8,10,"Sweden","Hallands Väderö","General","1050048","U. Arup & S. Ekman","LD","proper GBIF citations were not initially included here and were added subsequently on 20 November 2020","Wittzell H, Shah M (2020). Lund Botanical Museum (LD). Lund Botanical Museum (LD). Occurrence dataset https://doi.org/10.15468/c4w4co accessed via GBIF.org on 2020-11-20.. Accessed from R via rgbif (https://github.com/ropensci/rgbif) on 2020-11-20","https://doi.org/10.15468/c4w4co"
621585,"aab0cf80-0c64-11dd-84d1-b8a03c50a862",12.56199,56.44196,"Skåne",1988,9,14,"Sweden","Hallands Väderö","General","1049984","U. Arup & S. Ekman","LD","proper GBIF citations were not initially included here and were added subsequently on 20 November 2020","Wittzell H, Shah M (2020). Lund Botanical Museum (LD). Lund Botanical Museum (LD). Occurrence dataset https://doi.org/10.15468/c4w4co accessed via GBIF.org on 2020-11-20.. Accessed from R via rgbif (https://github.com/ropensci/rgbif) on 2020-11-20","https://doi.org/10.15468/c4w4co"
621587,"aab0cf80-0c64-11dd-84d1-b8a03c50a862",12.56199,56.44196,"Skåne",1988,9,14,"Sweden","Hallands Väderö","General","1050112","U. Arup & S. Ekman","LD","proper GBIF citations were not initially included here and were added subsequently on 20 November 2020","Wittzell H, Shah M (2020). Lund Botanical Museum (LD). Lund Botanical Museum (LD). Occurrence dataset https://doi.org/10.15468/c4w4co accessed via GBIF.org on 2020-11-20.. Accessed from R via rgbif (https://github.com/ropensci/rgbif) on 2020-11-20","https://doi.org/10.15468/c4w4co"
621564,"aab0cf80-0c64-11dd-84d1-b8a03c50a862",14.54948,56.05441,"Blekinge",1988,11,17,"Sweden","Valjehalvön","General","1046623","Louise Lindblom & Jan Måreby","LD","proper GBIF citations were not initially included here and were added subsequently on 20 November 2020","Wittzell H, Shah M (2020). Lund Botanical Museum (LD). Lund Botanical Museum (LD). Occurrence dataset https://doi.org/10.15468/c4w4co accessed via GBIF.org on 2020-11-20.. Accessed from R via rgbif (https://github.com/ropensci/rgbif) on 2020-11-20","https://doi.org/10.15468/c4w4co"
621591,"aab0cf80-0c64-11dd-84d1-b8a03c50a862",13.19888,55.57788,"Skåne",1987,6,25,"Sweden","No locality information available","General","1050368","Ulf Arup","LD","proper GBIF citations were not initially included here and were added subsequently on 20 November 2020","Wittzell H, Shah M (2020). Lund Botanical Museum (LD). Lund Botanical Museum (LD). Occurrence dataset https://doi.org/10.15468/c4w4co accessed via GBIF.org on 2020-11-20.. Accessed from R via rgbif (https://github.com/ropensci/rgbif) on 2020-11-20","https://doi.org/10.15468/c4w4co"
621593,"aab0cf80-0c64-11dd-84d1-b8a03c50a862",13.42643,55.56817,"Skåne",1987,6,30,"Sweden","No locality information available","General","1050496","Ulf Arup","LD","proper GBIF citations were not initially included here and were added subsequently on 20 November 2020","Wittzell H, Shah M (2020). Lund Botanical Museum (LD). Lund Botanical Museum (LD). Occurrence dataset https://doi.org/10.15468/c4w4co accessed via GBIF.org on 2020-11-20.. Accessed from R via rgbif (https://github.com/ropensci/rgbif) on 2020-11-20","https://doi.org/10.15468/c4w4co"
621670,"aab0cf80-0c64-11dd-84d1-b8a03c50a862",14.35018,56.08603,"Skåne",1987,6,20,"Sweden","No locality information available","General","1085888","Ulf Arup & Stefan Ekman","LD","proper GBIF citations were not initially included here and were added subsequently on 20 November 2020","Wittzell H, Shah M (2020). Lund Botanical Museum (LD). Lund Botanical Museum (LD). Occurrence dataset https://doi.org/10.15468/c4w4co accessed via GBIF.org on 2020-11-20.. Accessed from R via rgbif (https://github.com/ropensci/rgbif) on 2020-11-20","https://doi.org/10.15468/c4w4co"
621589,"aab0cf80-0c64-11dd-84d1-b8a03c50a862",14.47533,56.05848,"Skåne",1987,7,29,"Sweden","Årup","General","1050240","Ulf Arup & Stefan Ekman","LD","proper GBIF citations were not initially included here and were added subsequently on 20 November 2020","Wittzell H, Shah M (2020). Lund Botanical Museum (LD). Lund Botanical Museum (LD). Occurrence dataset https://doi.org/10.15468/c4w4co accessed via GBIF.org on 2020-11-20.. Accessed from R via rgbif (https://github.com/ropensci/rgbif) on 2020-11-20","https://doi.org/10.15468/c4w4co"
621590,"aab0cf80-0c64-11dd-84d1-b8a03c50a862",13.98699,55.48596,"Skåne",1987,7,1,"Sweden","No locality information available","General","1050304","Ulf Arup","LD","proper GBIF citations were not initially included here and were added subsequently on 20 November 2020","Wittzell H, Shah M (2020). Lund Botanical Museum (LD). Lund Botanical Museum (LD). Occurrence dataset https://doi.org/10.15468/c4w4co accessed via GBIF.org on 2020-11-20.. Accessed from R via rgbif (https://github.com/ropensci/rgbif) on 2020-11-20","https://doi.org/10.15468/c4w4co"
621592,"aab0cf80-0c64-11dd-84d1-b8a03c50a862",14.18209,56.112,"Skåne",1987,7,29,"Sweden","No locality information available","General","1050432","U. Arup & S. Ekman","LD","proper GBIF citations were not initially included here and were added subsequently on 20 November 2020","Wittzell H, Shah M (2020). Lund Botanical Museum (LD). Lund Botanical Museum (LD). Occurrence dataset https://doi.org/10.15468/c4w4co accessed via GBIF.org on 2020-11-20.. Accessed from R via rgbif (https://github.com/ropensci/rgbif) on 2020-11-20","https://doi.org/10.15468/c4w4co"
621594,"aab0cf80-0c64-11dd-84d1-b8a03c50a862",12.99669,56.08818,"Skåne",1987,7,23,"Sweden","No locality information available","General","1050560","Ulf Arup","LD","proper GBIF citations were not initially included here and were added subsequently on 20 November 2020","Wittzell H, Shah M (2020). Lund Botanical Museum (LD). Lund Botanical Museum (LD). Occurrence dataset https://doi.org/10.15468/c4w4co accessed via GBIF.org on 2020-11-20.. Accessed from R via rgbif (https://github.com/ropensci/rgbif) on 2020-11-20","https://doi.org/10.15468/c4w4co"
621671,"aab0cf80-0c64-11dd-84d1-b8a03c50a862",13.51173,55.87403,"Skåne",1987,7,6,"Sweden","No locality information available","General","1085952","Ulf Arup","LD","proper GBIF citations were not initially included here and were added subsequently on 20 November 2020","Wittzell H, Shah M (2020). Lund Botanical Museum (LD). Lund Botanical Museum (LD). Occurrence dataset https://doi.org/10.15468/c4w4co accessed via GBIF.org on 2020-11-20.. Accessed from R via rgbif (https://github.com/ropensci/rgbif) on 2020-11-20","https://doi.org/10.15468/c4w4co"
621672,"aab0cf80-0c64-11dd-84d1-b8a03c50a862",13.77479,55.5089,"Skåne",1987,7,3,"Sweden","No locality information available","General","1086016","U. Arup","LD","proper GBIF citations were not initially included here and were added subsequently on 20 November 2020","Wittzell H, Shah M (2020). Lund Botanical Museum (LD). Lund Botanical Museum (LD). Occurrence dataset https://doi.org/10.15468/c4w4co accessed via GBIF.org on 2020-11-20.. Accessed from R via rgbif (https://github.com/ropensci/rgbif) on 2020-11-20","https://doi.org/10.15468/c4w4co"
621673,"aab0cf80-0c64-11dd-84d1-b8a03c50a862",14.50586,56.08145,"Skåne",1987,7,29,"Sweden","No locality information available","General","1086080","Ulf Arup","LD","proper GBIF citations were not initially included here and were added subsequently on 20 November 2020","Wittzell H, Shah M (2020). Lund Botanical Museum (LD). Lund Botanical Museum (LD). Occurrence dataset https://doi.org/10.15468/c4w4co accessed via GBIF.org on 2020-11-20.. Accessed from R via rgbif (https://github.com/ropensci/rgbif) on 2020-11-20","https://doi.org/10.15468/c4w4co"
621701,"aab0cf80-0c64-11dd-84d1-b8a03c50a862",12.83006,56.09009,"Skåne",1987,7,21,"Sweden","Rosendal","General","1089232","Ulf Arup","LD","proper GBIF citations were not initially included here and were added subsequently on 20 November 2020","Wittzell H, Shah M (2020). Lund Botanical Museum (LD). Lund Botanical Museum (LD). Occurrence dataset https://doi.org/10.15468/c4w4co accessed via GBIF.org on 2020-11-20.. Accessed from R via rgbif (https://github.com/ropensci/rgbif) on 2020-11-20","https://doi.org/10.15468/c4w4co"
621705,"aab0cf80-0c64-11dd-84d1-b8a03c50a862",14.09076,56.08736,"Skåne",1987,12,26,"Sweden","No locality information available","General","1089360","Stefan Ekman","LD","proper GBIF citations were not initially included here and were added subsequently on 20 November 2020","Wittzell H, Shah M (2020). Lund Botanical Museum (LD). Lund Botanical Museum (LD). Occurrence dataset https://doi.org/10.15468/c4w4co accessed via GBIF.org on 2020-11-20.. Accessed from R via rgbif (https://github.com/ropensci/rgbif) on 2020-11-20","https://doi.org/10.15468/c4w4co"
621557,"aab0cf80-0c64-11dd-84d1-b8a03c50a862",16.57072,56.77512,"Öland",1983,8,2,"Sweden","Rälla","General","1046239","Ingvar Kärnefelt","LD","proper GBIF citations were not initially included here and were added subsequently on 20 November 2020","Wittzell H, Shah M (2020). Lund Botanical Museum (LD). Lund Botanical Museum (LD). Occurrence dataset https://doi.org/10.15468/c4w4co accessed via GBIF.org on 2020-11-20.. Accessed from R via rgbif (https://github.com/ropensci/rgbif) on 2020-11-20","https://doi.org/10.15468/c4w4co"
621612,"aab0cf80-0c64-11dd-84d1-b8a03c50a862",12.56199,56.44196,"Skåne",1967,5,28,"Sweden","Hallands Väderö","General","1056239","O. Almborn & A. Vezda","LD","proper GBIF citations were not initially included here and were added subsequently on 20 November 2020","Wittzell H, Shah M (2020). Lund Botanical Museum (LD). Lund Botanical Museum (LD). Occurrence dataset https://doi.org/10.15468/c4w4co accessed via GBIF.org on 2020-11-20.. Accessed from R via rgbif (https://github.com/ropensci/rgbif) on 2020-11-20","https://doi.org/10.15468/c4w4co"
621768,"aab0cf80-0c64-11dd-84d1-b8a03c50a862",12.56199,56.44196,"Skåne",1950,6,9,"Sweden","Hallands Väderö","General","1092271","Ove Almborn","LD","proper GBIF citations were not initially included here and were added subsequently on 20 November 2020","Wittzell H, Shah M (2020). Lund Botanical Museum (LD). Lund Botanical Museum (LD). Occurrence dataset https://doi.org/10.15468/c4w4co accessed via GBIF.org on 2020-11-20.. Accessed from R via rgbif (https://github.com/ropensci/rgbif) on 2020-11-20","https://doi.org/10.15468/c4w4co"
621781,"aab0cf80-0c64-11dd-84d1-b8a03c50a862",12.56199,56.44196,"Skåne",1950,6,12,"Sweden","Hallands Väderö","General","1092463","Ove Almborn","LD","proper GBIF citations were not initially included here and were added subsequently on 20 November 2020","Wittzell H, Shah M (2020). Lund Botanical Museum (LD). Lund Botanical Museum (LD). Occurrence dataset https://doi.org/10.15468/c4w4co accessed via GBIF.org on 2020-11-20.. Accessed from R via rgbif (https://github.com/ropensci/rgbif) on 2020-11-20","https://doi.org/10.15468/c4w4co"
621203,"aab0cf80-0c64-11dd-84d1-b8a03c50a862",13.27169,55.54033,"Skåne",1949,9,11,"Sweden","Bökeberg","General","1011119","Ove Almborn","LD","proper GBIF citations were not initially included here and were added subsequently on 20 November 2020","Wittzell H, Shah M (2020). Lund Botanical Museum (LD). Lund Botanical Museum (LD). Occurrence dataset https://doi.org/10.15468/c4w4co accessed via GBIF.org on 2020-11-20.. Accessed from R via rgbif (https://github.com/ropensci/rgbif) on 2020-11-20","https://doi.org/10.15468/c4w4co"
621613,"aab0cf80-0c64-11dd-84d1-b8a03c50a862",12.56199,56.44196,"Skåne",1948,7,8,"Sweden","Hallands Väderö","General","1056303","Ove Almborn","LD","proper GBIF citations were not initially included here and were added subsequently on 20 November 2020","Wittzell H, Shah M (2020). Lund Botanical Museum (LD). Lund Botanical Museum (LD). Occurrence dataset https://doi.org/10.15468/c4w4co accessed via GBIF.org on 2020-11-20.. Accessed from R via rgbif (https://github.com/ropensci/rgbif) on 2020-11-20","https://doi.org/10.15468/c4w4co"
621707,"aab0cf80-0c64-11dd-84d1-b8a03c50a862",12.55457,56.45073,"Skåne",1948,7,18,"Sweden","Hallands Väderö: Tångekärret","General","1089424","Ove Almborn","LD","proper GBIF citations were not initially included here and were added subsequently on 20 November 2020","Wittzell H, Shah M (2020). Lund Botanical Museum (LD). Lund Botanical Museum (LD). Occurrence dataset https://doi.org/10.15468/c4w4co accessed via GBIF.org on 2020-11-20.. Accessed from R via rgbif (https://github.com/ropensci/rgbif) on 2020-11-20","https://doi.org/10.15468/c4w4co"
621773,"aab0cf80-0c64-11dd-84d1-b8a03c50a862",12.55393,56.44847,"Skåne",1948,7,15,"Sweden","Hallands Väderö: Norreskog","General","1092335","Ove Almborn","LD","proper GBIF citations were not initially included here and were added subsequently on 20 November 2020","Wittzell H, Shah M (2020). Lund Botanical Museum (LD). Lund Botanical Museum (LD). Occurrence dataset https://doi.org/10.15468/c4w4co accessed via GBIF.org on 2020-11-20.. Accessed from R via rgbif (https://github.com/ropensci/rgbif) on 2020-11-20","https://doi.org/10.15468/c4w4co"
621778,"aab0cf80-0c64-11dd-84d1-b8a03c50a862",12.55393,56.44847,"Skåne",1948,7,12,"Sweden","Hallands Väderö: Norreskog","General","1092399","Ove Almborn","LD","proper GBIF citations were not initially included here and were added subsequently on 20 November 2020","Wittzell H, Shah M (2020). Lund Botanical Museum (LD). Lund Botanical Museum (LD). Occurrence dataset https://doi.org/10.15468/c4w4co accessed via GBIF.org on 2020-11-20.. Accessed from R via rgbif (https://github.com/ropensci/rgbif) on 2020-11-20","https://doi.org/10.15468/c4w4co"
621595,"aab0cf80-0c64-11dd-84d1-b8a03c50a862",13.51173,55.87403,"Skåne",1947,5,8,"Sweden","No locality information available","General","1050624","Ove Almborn","LD","proper GBIF citations were not initially included here and were added subsequently on 20 November 2020","Wittzell H, Shah M (2020). Lund Botanical Museum (LD). Lund Botanical Museum (LD). Occurrence dataset https://doi.org/10.15468/c4w4co accessed via GBIF.org on 2020-11-20.. Accessed from R via rgbif (https://github.com/ropensci/rgbif) on 2020-11-20","https://doi.org/10.15468/c4w4co"
621762,"aab0cf80-0c64-11dd-84d1-b8a03c50a862",13.51173,55.87403,"Skåne",1947,5,8,"Sweden","No locality information available","General","1092143","Ove Almborn","LD","proper GBIF citations were not initially included here and were added subsequently on 20 November 2020","Wittzell H, Shah M (2020). Lund Botanical Museum (LD). Lund Botanical Museum (LD). Occurrence dataset https://doi.org/10.15468/c4w4co accessed via GBIF.org on 2020-11-20.. Accessed from R via rgbif (https://github.com/ropensci/rgbif) on 2020-11-20","https://doi.org/10.15468/c4w4co"
621625,"aab0cf80-0c64-11dd-84d1-b8a03c50a862",15.5745,56.20193,"Blekinge",1947,8,22,"Sweden","Skärva","General","1067616","Ove Almborn","LD","proper GBIF citations were not initially included here and were added subsequently on 20 November 2020","Wittzell H, Shah M (2020). Lund Botanical Museum (LD). Lund Botanical Museum (LD). Occurrence dataset https://doi.org/10.15468/c4w4co accessed via GBIF.org on 2020-11-20.. Accessed from R via rgbif (https://github.com/ropensci/rgbif) on 2020-11-20","https://doi.org/10.15468/c4w4co"
621703,"aab0cf80-0c64-11dd-84d1-b8a03c50a862",14.35509,56.10634,"Skåne",1947,8,20,"Sweden","Plaggeboda","General","1089296","Ove Almborn","LD","proper GBIF citations were not initially included here and were added subsequently on 20 November 2020","Wittzell H, Shah M (2020). Lund Botanical Museum (LD). Lund Botanical Museum (LD). Occurrence dataset https://doi.org/10.15468/c4w4co accessed via GBIF.org on 2020-11-20.. Accessed from R via rgbif (https://github.com/ropensci/rgbif) on 2020-11-20","https://doi.org/10.15468/c4w4co"
621559,"aab0cf80-0c64-11dd-84d1-b8a03c50a862",15.48498,56.16132,"Blekinge",1946,6,26,"Sweden","Tromtö","General","1046367","Ove Almborn","LD","proper GBIF citations were not initially included here and were added subsequently on 20 November 2020","Wittzell H, Shah M (2020). Lund Botanical Museum (LD). Lund Botanical Museum (LD). Occurrence dataset https://doi.org/10.15468/c4w4co accessed via GBIF.org on 2020-11-20.. Accessed from R via rgbif (https://github.com/ropensci/rgbif) on 2020-11-20","https://doi.org/10.15468/c4w4co"
621531,"aab0cf80-0c64-11dd-84d1-b8a03c50a862",11.969722,55.288611,"Sjælland",1946,7,10,"Denmark","Gisselfeld","General","1044831","Ove Almborn","LD","proper GBIF citations were not initially included here and were added subsequently on 20 November 2020","Wittzell H, Shah M (2020). Lund Botanical Museum (LD). Lund Botanical Museum (LD). Occurrence dataset https://doi.org/10.15468/c4w4co accessed via GBIF.org on 2020-11-20.. Accessed from R via rgbif (https://github.com/ropensci/rgbif) on 2020-11-20","https://doi.org/10.15468/c4w4co"
621532,"aab0cf80-0c64-11dd-84d1-b8a03c50a862",11.783333,55.715278,"Sjælland",1946,7,8,"Denmark","Dragerup Skov","General","1044895","Ove Almborn","LD","proper GBIF citations were not initially included here and were added subsequently on 20 November 2020","Wittzell H, Shah M (2020). Lund Botanical Museum (LD). Lund Botanical Museum (LD). Occurrence dataset https://doi.org/10.15468/c4w4co accessed via GBIF.org on 2020-11-20.. Accessed from R via rgbif (https://github.com/ropensci/rgbif) on 2020-11-20","https://doi.org/10.15468/c4w4co"
621533,"aab0cf80-0c64-11dd-84d1-b8a03c50a862",11.555833,55.431389,"Sjælland",1946,7,9,"Denmark","Sorø","General","1044959","Ove Almborn","LD","proper GBIF citations were not initially included here and were added subsequently on 20 November 2020","Wittzell H, Shah M (2020). Lund Botanical Museum (LD). Lund Botanical Museum (LD). Occurrence dataset https://doi.org/10.15468/c4w4co accessed via GBIF.org on 2020-11-20.. Accessed from R via rgbif (https://github.com/ropensci/rgbif) on 2020-11-20","https://doi.org/10.15468/c4w4co"
621535,"aab0cf80-0c64-11dd-84d1-b8a03c50a862",12.003611,54.762222,"Falster",1946,7,15,"Denmark","Sønder Alslev","General","1045023","Ove Almborn","LD","proper GBIF citations were not initially included here and were added subsequently on 20 November 2020","Wittzell H, Shah M (2020). Lund Botanical Museum (LD). Lund Botanical Museum (LD). Occurrence dataset https://doi.org/10.15468/c4w4co accessed via GBIF.org on 2020-11-20.. Accessed from R via rgbif (https://github.com/ropensci/rgbif) on 2020-11-20","https://doi.org/10.15468/c4w4co"
621537,"aab0cf80-0c64-11dd-84d1-b8a03c50a862",10.844167,54.997222,"Langeland",1946,7,18,"Denmark","Tranekær","General","1045087","Ove Almborn","LD","proper GBIF citations were not initially included here and were added subsequently on 20 November 2020","Wittzell H, Shah M (2020). Lund Botanical Museum (LD). Lund Botanical Museum (LD). Occurrence dataset https://doi.org/10.15468/c4w4co accessed via GBIF.org on 2020-11-20.. Accessed from R via rgbif (https://github.com/ropensci/rgbif) on 2020-11-20","https://doi.org/10.15468/c4w4co"
621539,"aab0cf80-0c64-11dd-84d1-b8a03c50a862",12.378611,56.050556,"Sjælland",1946,7,6,"Denmark","Esrum","General","1045151","Ove Almborn","LD","proper GBIF citations were not initially included here and were added subsequently on 20 November 2020","Wittzell H, Shah M (2020). Lund Botanical Museum (LD). Lund Botanical Museum (LD). Occurrence dataset https://doi.org/10.15468/c4w4co accessed via GBIF.org on 2020-11-20.. Accessed from R via rgbif (https://github.com/ropensci/rgbif) on 2020-11-20","https://doi.org/10.15468/c4w4co"
621542,"aab0cf80-0c64-11dd-84d1-b8a03c50a862",11.484444,54.833056,"Lolland",1946,7,17,"Denmark","Knuthenborg","General","1045279","Ove Almborn","LD","proper GBIF citations were not initially included here and were added subsequently on 20 November 2020","Wittzell H, Shah M (2020). Lund Botanical Museum (LD). Lund Botanical Museum (LD). Occurrence dataset https://doi.org/10.15468/c4w4co accessed via GBIF.org on 2020-11-20.. Accessed from R via rgbif (https://github.com/ropensci/rgbif) on 2020-11-20","https://doi.org/10.15468/c4w4co"
621543,"aab0cf80-0c64-11dd-84d1-b8a03c50a862",11.3525,55.665,"Sjælland",1946,7,6,"Denmark","Bjergsted","General","1045343","Ove Almborn","LD","proper GBIF citations were not initially included here and were added subsequently on 20 November 2020","Wittzell H, Shah M (2020). Lund Botanical Museum (LD). Lund Botanical Museum (LD). Occurrence dataset https://doi.org/10.15468/c4w4co accessed via GBIF.org on 2020-11-20.. Accessed from R via rgbif (https://github.com/ropensci/rgbif) on 2020-11-20","https://doi.org/10.15468/c4w4co"
621646,"aab0cf80-0c64-11dd-84d1-b8a03c50a862",15.29936,56.18511,"Blekinge",1946,8,6,"Sweden","Fornanäs","General","1075856","Ove Almborn","LD","proper GBIF citations were not initially included here and were added subsequently on 20 November 2020","Wittzell H, Shah M (2020). Lund Botanical Museum (LD). Lund Botanical Museum (LD). Occurrence dataset https://doi.org/10.15468/c4w4co accessed via GBIF.org on 2020-11-20.. Accessed from R via rgbif (https://github.com/ropensci/rgbif) on 2020-11-20","https://doi.org/10.15468/c4w4co"
621760,"aab0cf80-0c64-11dd-84d1-b8a03c50a862",13.2073,55.56513,"Skåne",1946,9,17,"Sweden","Torup","General","1092079","Ove Almborn","LD","proper GBIF citations were not initially included here and were added subsequently on 20 November 2020","Wittzell H, Shah M (2020). Lund Botanical Museum (LD). Lund Botanical Museum (LD). Occurrence dataset https://doi.org/10.15468/c4w4co accessed via GBIF.org on 2020-11-20.. Accessed from R via rgbif (https://github.com/ropensci/rgbif) on 2020-11-20","https://doi.org/10.15468/c4w4co"
621561,"aab0cf80-0c64-11dd-84d1-b8a03c50a862",14.68469,56.11277,"Blekinge",1946,10,12,"Sweden","No locality information available","General","1046431","Ove Almborn","LD","proper GBIF citations were not initially included here and were added subsequently on 20 November 2020","Wittzell H, Shah M (2020). Lund Botanical Museum (LD). Lund Botanical Museum (LD). Occurrence dataset https://doi.org/10.15468/c4w4co accessed via GBIF.org on 2020-11-20.. Accessed from R via rgbif (https://github.com/ropensci/rgbif) on 2020-11-20","https://doi.org/10.15468/c4w4co"
621576,"aab0cf80-0c64-11dd-84d1-b8a03c50a862",12.99669,56.08818,"Skåne",1946,10,8,"Sweden","No locality information available","General","1047391","Ove Almborn","LD","proper GBIF citations were not initially included here and were added subsequently on 20 November 2020","Wittzell H, Shah M (2020). Lund Botanical Museum (LD). Lund Botanical Museum (LD). Occurrence dataset https://doi.org/10.15468/c4w4co accessed via GBIF.org on 2020-11-20.. Accessed from R via rgbif (https://github.com/ropensci/rgbif) on 2020-11-20","https://doi.org/10.15468/c4w4co"
621573,"aab0cf80-0c64-11dd-84d1-b8a03c50a862",13.43176,55.58181,"Skåne",1945,8,27,"Sweden","Häckeberga","General","1047199","Ove Almborn","LD","proper GBIF citations were not initially included here and were added subsequently on 20 November 2020","Wittzell H, Shah M (2020). Lund Botanical Museum (LD). Lund Botanical Museum (LD). Occurrence dataset https://doi.org/10.15468/c4w4co accessed via GBIF.org on 2020-11-20.. Accessed from R via rgbif (https://github.com/ropensci/rgbif) on 2020-11-20","https://doi.org/10.15468/c4w4co"
621577,"aab0cf80-0c64-11dd-84d1-b8a03c50a862",13.98699,55.48596,"Skåne",1945,9,30,"Sweden","No locality information available","General","1047455","Ove Almborn","LD","proper GBIF citations were not initially included here and were added subsequently on 20 November 2020","Wittzell H, Shah M (2020). Lund Botanical Museum (LD). Lund Botanical Museum (LD). Occurrence dataset https://doi.org/10.15468/c4w4co accessed via GBIF.org on 2020-11-20.. Accessed from R via rgbif (https://github.com/ropensci/rgbif) on 2020-11-20","https://doi.org/10.15468/c4w4co"
621575,"aab0cf80-0c64-11dd-84d1-b8a03c50a862",13.77838,55.45139,"Skåne",1945,10,1,"Sweden","Bergsjöholm","General","1047327","Ove Almborn","LD","proper GBIF citations were not initially included here and were added subsequently on 20 November 2020","Wittzell H, Shah M (2020). Lund Botanical Museum (LD). Lund Botanical Museum (LD). Occurrence dataset https://doi.org/10.15468/c4w4co accessed via GBIF.org on 2020-11-20.. Accessed from R via rgbif (https://github.com/ropensci/rgbif) on 2020-11-20","https://doi.org/10.15468/c4w4co"
233999311,"905daf20-04fd-11df-8c28-b8a03c50a862",13.98105,55.90151,NA,1944,6,23,"Sweden","Maltesholm","General","60105","Ove Almborn","UME","proper GBIF citations were not initially included here and were added subsequently on 20 November 2020","Telenius A, Stenman K (2017). Herbarium of Umeå University (UME). GBIF-Sweden. Occurrence dataset https://doi.org/10.15468/gatdg4 accessed via GBIF.org on 2020-11-20.. Accessed from R via rgbif (https://github.com/ropensci/rgbif) on 2020-11-20","https://doi.org/10.15468/gatdg4"
621614,"aab0cf80-0c64-11dd-84d1-b8a03c50a862",13.98105,55.90151,"Skåne",1944,6,28,"Sweden","Maltesholm","General","1056367","Ove Almborn","LD","proper GBIF citations were not initially included here and were added subsequently on 20 November 2020","Wittzell H, Shah M (2020). Lund Botanical Museum (LD). Lund Botanical Museum (LD). Occurrence dataset https://doi.org/10.15468/c4w4co accessed via GBIF.org on 2020-11-20.. Accessed from R via rgbif (https://github.com/ropensci/rgbif) on 2020-11-20","https://doi.org/10.15468/c4w4co"
621615,"aab0cf80-0c64-11dd-84d1-b8a03c50a862",14.18209,56.112,"Skåne",1944,6,19,"Sweden","No locality information available","General","1056431","Ove Almborn","LD","proper GBIF citations were not initially included here and were added subsequently on 20 November 2020","Wittzell H, Shah M (2020). Lund Botanical Museum (LD). Lund Botanical Museum (LD). Occurrence dataset https://doi.org/10.15468/c4w4co accessed via GBIF.org on 2020-11-20.. Accessed from R via rgbif (https://github.com/ropensci/rgbif) on 2020-11-20","https://doi.org/10.15468/c4w4co"
621582,"aab0cf80-0c64-11dd-84d1-b8a03c50a862",12.56199,56.44196,"Skåne",1944,7,5,"Sweden","Hallands Väderö","General","1048960","Ove Almborn","LD","proper GBIF citations were not initially included here and were added subsequently on 20 November 2020","Wittzell H, Shah M (2020). Lund Botanical Museum (LD). Lund Botanical Museum (LD). Occurrence dataset https://doi.org/10.15468/c4w4co accessed via GBIF.org on 2020-11-20.. Accessed from R via rgbif (https://github.com/ropensci/rgbif) on 2020-11-20","https://doi.org/10.15468/c4w4co"
621571,"aab0cf80-0c64-11dd-84d1-b8a03c50a862",13.36706,55.50987,"Skåne",1943,7,5,"Sweden","No locality information available","General","1047071","G. Degelius","LD","proper GBIF citations were not initially included here and were added subsequently on 20 November 2020","Wittzell H, Shah M (2020). Lund Botanical Museum (LD). Lund Botanical Museum (LD). Occurrence dataset https://doi.org/10.15468/c4w4co accessed via GBIF.org on 2020-11-20.. Accessed from R via rgbif (https://github.com/ropensci/rgbif) on 2020-11-20","https://doi.org/10.15468/c4w4co"
621572,"aab0cf80-0c64-11dd-84d1-b8a03c50a862",12.83006,56.09009,"Skåne",1943,7,13,"Sweden","Rosendal","General","1047135","Ove Almborn","LD","proper GBIF citations were not initially included here and were added subsequently on 20 November 2020","Wittzell H, Shah M (2020). Lund Botanical Museum (LD). Lund Botanical Museum (LD). Occurrence dataset https://doi.org/10.15468/c4w4co accessed via GBIF.org on 2020-11-20.. Accessed from R via rgbif (https://github.com/ropensci/rgbif) on 2020-11-20","https://doi.org/10.15468/c4w4co"
621574,"aab0cf80-0c64-11dd-84d1-b8a03c50a862",14.35509,56.10634,"Skåne",1943,7,19,"Sweden","Plaggeboda","General","1047263","Gunnar Degelius","LD","proper GBIF citations were not initially included here and were added subsequently on 20 November 2020","Wittzell H, Shah M (2020). Lund Botanical Museum (LD). Lund Botanical Museum (LD). Occurrence dataset https://doi.org/10.15468/c4w4co accessed via GBIF.org on 2020-11-20.. Accessed from R via rgbif (https://github.com/ropensci/rgbif) on 2020-11-20","https://doi.org/10.15468/c4w4co"
621208,"aab0cf80-0c64-11dd-84d1-b8a03c50a862",13.77479,55.5089,"Skåne",1943,9,18,"Sweden","No locality information available","General","1011183","Ove Almborn","LD","proper GBIF citations were not initially included here and were added subsequently on 20 November 2020","Wittzell H, Shah M (2020). Lund Botanical Museum (LD). Lund Botanical Museum (LD). Occurrence dataset https://doi.org/10.15468/c4w4co accessed via GBIF.org on 2020-11-20.. Accessed from R via rgbif (https://github.com/ropensci/rgbif) on 2020-11-20","https://doi.org/10.15468/c4w4co"
621765,"aab0cf80-0c64-11dd-84d1-b8a03c50a862",13.77479,55.5089,"Skåne",1943,9,18,"Sweden","No locality information available","General","1092207","Ove Almborn","LD","proper GBIF citations were not initially included here and were added subsequently on 20 November 2020","Wittzell H, Shah M (2020). Lund Botanical Museum (LD). Lund Botanical Museum (LD). Occurrence dataset https://doi.org/10.15468/c4w4co accessed via GBIF.org on 2020-11-20.. Accessed from R via rgbif (https://github.com/ropensci/rgbif) on 2020-11-20","https://doi.org/10.15468/c4w4co"
1503036917,"aec6d756-3aa8-465e-83fd-4f6ee83e693e",-3.1,51.0167,NA,1930,3,1,"United Kingdom","Taunton","Botany","C0002550F","W. Watson","F","proper GBIF citations were not initially included here and were added subsequently on 20 November 2020","Grant S, von Konrat M (2020). Field Museum of Natural History (Botany) Lichen Collection. Version 2.11. Field Museum. Occurrence dataset https://doi.org/10.15468/sc258x accessed via GBIF.org on 2020-11-20.. Accessed from R via rgbif (https://github.com/ropensci/rgbif) on 2020-11-20","https://doi.org/10.15468/sc258x"
2270722114,"98bceab6-3c3e-4163-945d-6ca10576ebf1",14.25,56.133333,NA,1918,7,18,"Sweden","Ekestad",NA,NA,"E.P. Vrang","ASU","proper GBIF citations were not initially included here and were added subsequently on 20 November 2020","Arizona State University Biocollections (2020). Arizona State University Lichen Herbarium. Occurrence dataset https://doi.org/10.15468/qrwfjc accessed via GBIF.org on 2020-11-20.. Accessed from R via rgbif (https://github.com/ropensci/rgbif) on 2020-11-20","https://doi.org/10.15468/qrwfjc"
1065695490,"905daf20-04fd-11df-8c28-b8a03c50a862",12.614343,56.126715,NA,1903,NA,NA,"Sweden","Christinelund","General","58944","N. Alvthin","UME","proper GBIF citations were not initially included here and were added subsequently on 20 November 2020","Telenius A, Stenman K (2017). Herbarium of Umeå University (UME). GBIF-Sweden. Occurrence dataset https://doi.org/10.15468/gatdg4 accessed via GBIF.org on 2020-11-20.. Accessed from R via rgbif (https://github.com/ropensci/rgbif) on 2020-11-20","https://doi.org/10.15468/gatdg4"
621674,"aab0cf80-0c64-11dd-84d1-b8a03c50a862",12.61434,56.12671,"Skåne",1903,NA,NA,"Sweden","Christinelund","General","1086144","N. Alvthin","LD","proper GBIF citations were not initially included here and were added subsequently on 20 November 2020","Wittzell H, Shah M (2020). Lund Botanical Museum (LD). Lund Botanical Museum (LD). Occurrence dataset https://doi.org/10.15468/c4w4co accessed via GBIF.org on 2020-11-20.. Accessed from R via rgbif (https://github.com/ropensci/rgbif) on 2020-11-20","https://doi.org/10.15468/c4w4co"
621570,"aab0cf80-0c64-11dd-84d1-b8a03c50a862",12.56199,56.44196,"Skåne",1893,NA,NA,"Sweden","Hallands Väderö","General","1047007","N. Alvthin","LD","proper GBIF citations were not initially included here and were added subsequently on 20 November 2020","Wittzell H, Shah M (2020). Lund Botanical Museum (LD). Lund Botanical Museum (LD). Occurrence dataset https://doi.org/10.15468/c4w4co accessed via GBIF.org on 2020-11-20.. Accessed from R via rgbif (https://github.com/ropensci/rgbif) on 2020-11-20","https://doi.org/10.15468/c4w4co"
621610,"aab0cf80-0c64-11dd-84d1-b8a03c50a862",12.56199,56.44196,"Skåne",1893,NA,NA,"Sweden","Hallands Väderö","General","1055152","N. Alvthin","LD","proper GBIF citations were not initially included here and were added subsequently on 20 November 2020","Wittzell H, Shah M (2020). Lund Botanical Museum (LD). Lund Botanical Museum (LD). Occurrence dataset https://doi.org/10.15468/c4w4co accessed via GBIF.org on 2020-11-20.. Accessed from R via rgbif (https://github.com/ropensci/rgbif) on 2020-11-20","https://doi.org/10.15468/c4w4co"
621568,"aab0cf80-0c64-11dd-84d1-b8a03c50a862",13.77479,55.5089,"Skåne",1890,7,NA,"Sweden","No locality information available","General","1046879","Alfred Berg","LD","proper GBIF citations were not initially included here and were added subsequently on 20 November 2020","Wittzell H, Shah M (2020). Lund Botanical Museum (LD). Lund Botanical Museum (LD). Occurrence dataset https://doi.org/10.15468/c4w4co accessed via GBIF.org on 2020-11-20.. Accessed from R via rgbif (https://github.com/ropensci/rgbif) on 2020-11-20","https://doi.org/10.15468/c4w4co"
621569,"aab0cf80-0c64-11dd-84d1-b8a03c50a862",12.56199,56.44196,"Skåne",1884,NA,NA,"Sweden","Hallands Väderö","General","1046943","P. J. Hellbom","LD","proper GBIF citations were not initially included here and were added subsequently on 20 November 2020","Wittzell H, Shah M (2020). Lund Botanical Museum (LD). Lund Botanical Museum (LD). Occurrence dataset https://doi.org/10.15468/c4w4co accessed via GBIF.org on 2020-11-20.. Accessed from R via rgbif (https://github.com/ropensci/rgbif) on 2020-11-20","https://doi.org/10.15468/c4w4co"
621555,"aab0cf80-0c64-11dd-84d1-b8a03c50a862",15.60925,56.18389,"Blekinge",1876,9,NA,"Sweden","Vämö","General","1046111","F. Svanlund","LD","proper GBIF citations were not initially included here and were added subsequently on 20 November 2020","Wittzell H, Shah M (2020). Lund Botanical Museum (LD). Lund Botanical Museum (LD). Occurrence dataset https://doi.org/10.15468/c4w4co accessed via GBIF.org on 2020-11-20.. Accessed from R via rgbif (https://github.com/ropensci/rgbif) on 2020-11-20","https://doi.org/10.15468/c4w4co"
621554,"aab0cf80-0c64-11dd-84d1-b8a03c50a862",15.60925,56.18389,"Blekinge",1874,NA,NA,"Sweden","Vämö","General","1046047","H. Falk","LD","proper GBIF citations were not initially included here and were added subsequently on 20 November 2020","Wittzell H, Shah M (2020). Lund Botanical Museum (LD). Lund Botanical Museum (LD). Occurrence dataset https://doi.org/10.15468/c4w4co accessed via GBIF.org on 2020-11-20.. Accessed from R via rgbif (https://github.com/ropensci/rgbif) on 2020-11-20","https://doi.org/10.15468/c4w4co"
621556,"aab0cf80-0c64-11dd-84d1-b8a03c50a862",15.402068,56.196601,"Blekinge",1873,NA,NA,"Sweden","Listerby","General","1046175","H. Falk","LD","proper GBIF citations were not initially included here and were added subsequently on 20 November 2020","Wittzell H, Shah M (2020). Lund Botanical Museum (LD). Lund Botanical Museum (LD). Occurrence dataset https://doi.org/10.15468/c4w4co accessed via GBIF.org on 2020-11-20.. Accessed from R via rgbif (https://github.com/ropensci/rgbif) on 2020-11-20","https://doi.org/10.15468/c4w4co"
621623,"aab0cf80-0c64-11dd-84d1-b8a03c50a862",15.60925,56.18389,"Blekinge",1873,NA,NA,"Sweden","Vämö","General","1067552","H. Falk","LD","proper GBIF citations were not initially included here and were added subsequently on 20 November 2020","Wittzell H, Shah M (2020). Lund Botanical Museum (LD). Lund Botanical Museum (LD). Occurrence dataset https://doi.org/10.15468/c4w4co accessed via GBIF.org on 2020-11-20.. Accessed from R via rgbif (https://github.com/ropensci/rgbif) on 2020-11-20","https://doi.org/10.15468/c4w4co"
621565,"aab0cf80-0c64-11dd-84d1-b8a03c50a862",14.750498,56.162891,"Blekinge",1871,NA,NA,"Sweden","Elleholm","General","1046687","Johan Hulting","LD","proper GBIF citations were not initially included here and were added subsequently on 20 November 2020","Wittzell H, Shah M (2020). Lund Botanical Museum (LD). Lund Botanical Museum (LD). Occurrence dataset https://doi.org/10.15468/c4w4co accessed via GBIF.org on 2020-11-20.. Accessed from R via rgbif (https://github.com/ropensci/rgbif) on 2020-11-20","https://doi.org/10.15468/c4w4co"
621558,"aab0cf80-0c64-11dd-84d1-b8a03c50a862",18.42899,57.76091,"Gotland",1857,NA,NA,"Sweden","Kambs","General","1046303","O. G. Blomberg","LD","proper GBIF citations were not initially included here and were added subsequently on 20 November 2020","Wittzell H, Shah M (2020). Lund Botanical Museum (LD). Lund Botanical Museum (LD). Occurrence dataset https://doi.org/10.15468/c4w4co accessed via GBIF.org on 2020-11-20.. Accessed from R via rgbif (https://github.com/ropensci/rgbif) on 2020-11-20","https://doi.org/10.15468/c4w4co"
