"key","datasetKey","decimalLongitude","decimalLatitude","stateProvince","year","month","day","country","catalogNumber","recordedBy","institutionCode","locality","collectionCode","notes","citation","doi"
2381428863,"2e4cc37b-302e-4f1b-bbbb-1f674ff90e14",5.267133,60.205643,"Hordaland",2019,7,3,"Norway","JK19-097","Klepsland, Jon T.","BioFokus","Korsneset skytefelt","BioFokus","proper GBIF citations were not initially included here and were added subsequently on 20 November 2020","Blindheim T (2020). BioFokus. Version 1.1574. BioFokus. Occurrence dataset https://doi.org/10.15468/jxbhqx accessed via GBIF.org on 2020-11-20.. Accessed from R via rgbif (https://github.com/ropensci/rgbif) on 2020-11-20","https://doi.org/10.15468/jxbhqx"
1324743593,"fb1ecd28-f09e-4747-8bde-0b3d7a6f78d1",6.55203,58.25445,"VEST-AGDER",2016,1,31,"Norway","99464","Johnsen, J.I.","BG","Kleppe","L","proper GBIF citations were not initially included here and were added subsequently on 20 November 2020","University of Bergen: University Museum (2020). Lichen herbarium, UiB. Version 1.926. Occurrence dataset https://doi.org/10.15468/gpfklm accessed via GBIF.org on 2020-11-20.. Accessed from R via rgbif (https://github.com/ropensci/rgbif) on 2020-11-20","https://doi.org/10.15468/gpfklm"
1324743597,"fb1ecd28-f09e-4747-8bde-0b3d7a6f78d1",5.68274,58.97091,"Rogaland",2016,1,23,"Norway","99465","Johnsen, J.I.","BG","Vestsiden av Lt. Stokkavatnet","L","proper GBIF citations were not initially included here and were added subsequently on 20 November 2020","University of Bergen: University Museum (2020). Lichen herbarium, UiB. Version 1.926. Occurrence dataset https://doi.org/10.15468/gpfklm accessed via GBIF.org on 2020-11-20.. Accessed from R via rgbif (https://github.com/ropensci/rgbif) on 2020-11-20","https://doi.org/10.15468/gpfklm"
1324743652,"fb1ecd28-f09e-4747-8bde-0b3d7a6f78d1",5.63249,59.6702,"Rogaland",2016,3,10,"Norway","99637","Tønsberg, T.","BG","between Utbjoa and Innbjoa, Vedvik, W of the stream, between the gravel road and the cabin","L","proper GBIF citations were not initially included here and were added subsequently on 20 November 2020","University of Bergen: University Museum (2020). Lichen herbarium, UiB. Version 1.926. Occurrence dataset https://doi.org/10.15468/gpfklm accessed via GBIF.org on 2020-11-20.. Accessed from R via rgbif (https://github.com/ropensci/rgbif) on 2020-11-20","https://doi.org/10.15468/gpfklm"
2238538874,"84d26682-f762-11e1-a439-00145eb45e9a",8.487749,57.021537,NA,2016,5,26,"Denmark","DMS-9245525","Ulrik Søchting",NA,"Glarbjerg Sande",NA,"proper GBIF citations were not initially included here and were added subsequently on 20 November 2020","Frøslev T G, Heilmann-Clausen J, Lange C, Læssøe T, Petersen J H, Søchting U, Jeppesen T S, Vesterholt J (2020). Danish Mycological Society, fungal records database. Danish Mycological Society. Occurrence dataset https://doi.org/10.15468/zn159h accessed via GBIF.org on 2020-11-20.. Accessed from R via rgbif (https://github.com/ropensci/rgbif) on 2020-11-20","https://doi.org/10.15468/zn159h"
2238542045,"84d26682-f762-11e1-a439-00145eb45e9a",8.444498,56.939602,NA,2016,5,18,"Denmark","DMS-9245537","Ulrik Søchting",NA,"Dyrhøj Bakker",NA,"proper GBIF citations were not initially included here and were added subsequently on 20 November 2020","Frøslev T G, Heilmann-Clausen J, Lange C, Læssøe T, Petersen J H, Søchting U, Jeppesen T S, Vesterholt J (2020). Danish Mycological Society, fungal records database. Danish Mycological Society. Occurrence dataset https://doi.org/10.15468/zn159h accessed via GBIF.org on 2020-11-20.. Accessed from R via rgbif (https://github.com/ropensci/rgbif) on 2020-11-20","https://doi.org/10.15468/zn159h"
2238542036,"84d26682-f762-11e1-a439-00145eb45e9a",8.273912,56.809439,NA,2016,6,1,"Denmark","DMS-9246765","Lennarth Skov Espersen",NA,"Roddenbjerg",NA,"proper GBIF citations were not initially included here and were added subsequently on 20 November 2020","Frøslev T G, Heilmann-Clausen J, Lange C, Læssøe T, Petersen J H, Søchting U, Jeppesen T S, Vesterholt J (2020). Danish Mycological Society, fungal records database. Danish Mycological Society. Occurrence dataset https://doi.org/10.15468/zn159h accessed via GBIF.org on 2020-11-20.. Accessed from R via rgbif (https://github.com/ropensci/rgbif) on 2020-11-20","https://doi.org/10.15468/zn159h"
2238541606,"84d26682-f762-11e1-a439-00145eb45e9a",8.546884,57.042976,NA,2016,7,28,"Denmark","DMS-9245845","Ulrik Søchting",NA,"Bleghule",NA,"proper GBIF citations were not initially included here and were added subsequently on 20 November 2020","Frøslev T G, Heilmann-Clausen J, Lange C, Læssøe T, Petersen J H, Søchting U, Jeppesen T S, Vesterholt J (2020). Danish Mycological Society, fungal records database. Danish Mycological Society. Occurrence dataset https://doi.org/10.15468/zn159h accessed via GBIF.org on 2020-11-20.. Accessed from R via rgbif (https://github.com/ropensci/rgbif) on 2020-11-20","https://doi.org/10.15468/zn159h"
1675764043,"828a3d8c-f762-11e1-a439-00145eb45e9a",6.79,47.810417,NA,2016,9,17,"France","49255-771",NA,"FR","St. Antoine, Waldreservat","Herbarium Senckenbergianum (FR) - Fungi","proper GBIF citations were not initially included here and were added subsequently on 20 November 2020","Senckenberg. Herbarium Senckenbergianum (FR) - Fungi. Occurrence dataset https://doi.org/10.15468/0oaq5v accessed via GBIF.org on 2020-11-20.. Accessed from R via rgbif (https://github.com/ropensci/rgbif) on 2020-11-20","https://doi.org/10.15468/0oaq5v"
1675763886,"828a3d8c-f762-11e1-a439-00145eb45e9a",8.294635,50.156017,NA,2015,1,9,"Germany","221522",NA,"FR","Hoher Taunus, das Theißtal westl. von Niedernhausen, Feldkreuz bei den Fischteichen","Herbarium Senckenbergianum (FR) - Fungi","proper GBIF citations were not initially included here and were added subsequently on 20 November 2020","Senckenberg. Herbarium Senckenbergianum (FR) - Fungi. Occurrence dataset https://doi.org/10.15468/0oaq5v accessed via GBIF.org on 2020-11-20.. Accessed from R via rgbif (https://github.com/ropensci/rgbif) on 2020-11-20","https://doi.org/10.15468/0oaq5v"
1229461299,"2e4cc37b-302e-4f1b-bbbb-1f674ff90e14",5.671336,58.951659,"Rogaland",2015,6,24,"Norway","JK15-L277","Klepsland, Jon T.","BioFokus","Madlamoen","BioFokus","proper GBIF citations were not initially included here and were added subsequently on 20 November 2020","Blindheim T (2020). BioFokus. Version 1.1574. BioFokus. Occurrence dataset https://doi.org/10.15468/jxbhqx accessed via GBIF.org on 2020-11-20.. Accessed from R via rgbif (https://github.com/ropensci/rgbif) on 2020-11-20","https://doi.org/10.15468/jxbhqx"
1324743002,"fb1ecd28-f09e-4747-8bde-0b3d7a6f78d1",5.67137,58.95165,"Rogaland",2015,6,24,"Norway","98608","Klepsland, J.T.","BG","Madlamoen","L","proper GBIF citations were not initially included here and were added subsequently on 20 November 2020","University of Bergen: University Museum (2020). Lichen herbarium, UiB. Version 1.926. Occurrence dataset https://doi.org/10.15468/gpfklm accessed via GBIF.org on 2020-11-20.. Accessed from R via rgbif (https://github.com/ropensci/rgbif) on 2020-11-20","https://doi.org/10.15468/gpfklm"
1324743000,"fb1ecd28-f09e-4747-8bde-0b3d7a6f78d1",5.78691,58.72014,"Rogaland",2015,11,3,"Norway","98609","Johnsen, J.I.","BG","Hadland","L","proper GBIF citations were not initially included here and were added subsequently on 20 November 2020","University of Bergen: University Museum (2020). Lichen herbarium, UiB. Version 1.926. Occurrence dataset https://doi.org/10.15468/gpfklm accessed via GBIF.org on 2020-11-20.. Accessed from R via rgbif (https://github.com/ropensci/rgbif) on 2020-11-20","https://doi.org/10.15468/gpfklm"
1324743590,"fb1ecd28-f09e-4747-8bde-0b3d7a6f78d1",6.30869,58.35105,"Rogaland",2015,11,12,"Norway","99466","Johnsen, J.I.","BG","Eikebakka øst","L","proper GBIF citations were not initially included here and were added subsequently on 20 November 2020","University of Bergen: University Museum (2020). Lichen herbarium, UiB. Version 1.926. Occurrence dataset https://doi.org/10.15468/gpfklm accessed via GBIF.org on 2020-11-20.. Accessed from R via rgbif (https://github.com/ropensci/rgbif) on 2020-11-20","https://doi.org/10.15468/gpfklm"
1324320671,"7948250c-6958-4a29-a670-ed1015b26252",6.3077,58.3283,"Rogaland",2014,8,13,"Norway","200605","Jon T. Klepsland","O","Lauvås, Øvre","L","proper GBIF citations were not initially included here and were added subsequently on 20 November 2020","Natural History Museum, University of Oslo (2020). Lichen herbarium, Oslo (O). Version 1.1331. Occurrence dataset https://doi.org/10.15468/ktu7bj accessed via GBIF.org on 2020-11-20.. Accessed from R via rgbif (https://github.com/ropensci/rgbif) on 2020-11-20","https://doi.org/10.15468/ktu7bj"
1324742246,"fb1ecd28-f09e-4747-8bde-0b3d7a6f78d1",5.71109,59.10249,"Rogaland",2014,8,26,"Norway","96925","Johnsen, J.I.","BG","NW of Vikstemmen","L","proper GBIF citations were not initially included here and were added subsequently on 20 November 2020","University of Bergen: University Museum (2020). Lichen herbarium, UiB. Version 1.926. Occurrence dataset https://doi.org/10.15468/gpfklm accessed via GBIF.org on 2020-11-20.. Accessed from R via rgbif (https://github.com/ropensci/rgbif) on 2020-11-20","https://doi.org/10.15468/gpfklm"
1324742269,"fb1ecd28-f09e-4747-8bde-0b3d7a6f78d1",5.71097,59.10186,"Rogaland",2014,8,26,"Norway","96926","Johnsen, J.I.","BG","W of Vikstemmen","L","proper GBIF citations were not initially included here and were added subsequently on 20 November 2020","University of Bergen: University Museum (2020). Lichen herbarium, UiB. Version 1.926. Occurrence dataset https://doi.org/10.15468/gpfklm accessed via GBIF.org on 2020-11-20.. Accessed from R via rgbif (https://github.com/ropensci/rgbif) on 2020-11-20","https://doi.org/10.15468/gpfklm"
1324742270,"fb1ecd28-f09e-4747-8bde-0b3d7a6f78d1",5.70826,59.10098,"Rogaland",2014,8,26,"Norway","96923","Johnsen, J.I.","BG","N-facing slope of Vikefjellet","L","proper GBIF citations were not initially included here and were added subsequently on 20 November 2020","University of Bergen: University Museum (2020). Lichen herbarium, UiB. Version 1.926. Occurrence dataset https://doi.org/10.15468/gpfklm accessed via GBIF.org on 2020-11-20.. Accessed from R via rgbif (https://github.com/ropensci/rgbif) on 2020-11-20","https://doi.org/10.15468/gpfklm"
1324742284,"fb1ecd28-f09e-4747-8bde-0b3d7a6f78d1",5.71123,59.10276,"Rogaland",2014,8,26,"Norway","96924","Johnsen, J.I.","BG","NW of Vikstemmen","L","proper GBIF citations were not initially included here and were added subsequently on 20 November 2020","University of Bergen: University Museum (2020). Lichen herbarium, UiB. Version 1.926. Occurrence dataset https://doi.org/10.15468/gpfklm accessed via GBIF.org on 2020-11-20.. Accessed from R via rgbif (https://github.com/ropensci/rgbif) on 2020-11-20","https://doi.org/10.15468/gpfklm"
1324741865,"fb1ecd28-f09e-4747-8bde-0b3d7a6f78d1",5.63322,59.11168,"Rogaland",2013,5,11,"Norway","96148","Johnsen, J.I.","BG","SV-av Asmervikstemnen","L","proper GBIF citations were not initially included here and were added subsequently on 20 November 2020","University of Bergen: University Museum (2020). Lichen herbarium, UiB. Version 1.926. Occurrence dataset https://doi.org/10.15468/gpfklm accessed via GBIF.org on 2020-11-20.. Accessed from R via rgbif (https://github.com/ropensci/rgbif) on 2020-11-20","https://doi.org/10.15468/gpfklm"
1324741863,"fb1ecd28-f09e-4747-8bde-0b3d7a6f78d1",5.63923,58.99679,"Rogaland",2012,1,14,"Norway","96157","Johnsen, J.I.","BG","Ryggmyra","L","proper GBIF citations were not initially included here and were added subsequently on 20 November 2020","University of Bergen: University Museum (2020). Lichen herbarium, UiB. Version 1.926. Occurrence dataset https://doi.org/10.15468/gpfklm accessed via GBIF.org on 2020-11-20.. Accessed from R via rgbif (https://github.com/ropensci/rgbif) on 2020-11-20","https://doi.org/10.15468/gpfklm"
1324742651,"fb1ecd28-f09e-4747-8bde-0b3d7a6f78d1",5.64853,58.99074,"Rogaland",2012,1,14,"Norway","97575","Johnsen, J.I.","BG","Finnestad, Foren","L","proper GBIF citations were not initially included here and were added subsequently on 20 November 2020","University of Bergen: University Museum (2020). Lichen herbarium, UiB. Version 1.926. Occurrence dataset https://doi.org/10.15468/gpfklm accessed via GBIF.org on 2020-11-20.. Accessed from R via rgbif (https://github.com/ropensci/rgbif) on 2020-11-20","https://doi.org/10.15468/gpfklm"
1265800420,"6aeebd1a-c3ad-4bc5-bdfe-24de0e2e9052",1.89566,42.29847,"Barcelona",2012,6,NA,"Spain","BC-Lichenotheca-930121-3","P. Aymerich","BC","Bagà; Bagà, Els Orris","BC-Lichenotheca","proper GBIF citations were not initially included here and were added subsequently on 20 November 2020","Nualart N, Muñiz D (2019). Institut Botanic de Barcelona (IBB-CSIC-ICUB), BC-Lichen. Version 1.7. Botanical Institute of Barcelona (IBB-CSIC-ICUB). Occurrence dataset https://doi.org/10.15468/dgecw5 accessed via GBIF.org on 2020-11-20.. Accessed from R via rgbif (https://github.com/ropensci/rgbif) on 2020-11-20","https://doi.org/10.15468/dgecw5"
872485228,"6aeebd1a-c3ad-4bc5-bdfe-24de0e2e9052",1.89566,42.29847,"Barcelona",2012,6,NA,"Spain","BC-Lichenotheca-930062","P. Aymerich","BC","Bagà; Bagà, Els Orris","BC-Lichenotheca","proper GBIF citations were not initially included here and were added subsequently on 20 November 2020","Nualart N, Muñiz D (2019). Institut Botanic de Barcelona (IBB-CSIC-ICUB), BC-Lichen. Version 1.7. Botanical Institute of Barcelona (IBB-CSIC-ICUB). Occurrence dataset https://doi.org/10.15468/dgecw5 accessed via GBIF.org on 2020-11-20.. Accessed from R via rgbif (https://github.com/ropensci/rgbif) on 2020-11-20","https://doi.org/10.15468/dgecw5"
1040971162,"7948250c-6958-4a29-a670-ed1015b26252",5.7045,58.8724,"Rogaland",2012,10,3,"Norway","194642","Tom H. Hofton","O","Soma NØ","L","proper GBIF citations were not initially included here and were added subsequently on 20 November 2020","Natural History Museum, University of Oslo (2020). Lichen herbarium, Oslo (O). Version 1.1331. Occurrence dataset https://doi.org/10.15468/ktu7bj accessed via GBIF.org on 2020-11-20.. Accessed from R via rgbif (https://github.com/ropensci/rgbif) on 2020-11-20","https://doi.org/10.15468/ktu7bj"
1054022422,"2e4cc37b-302e-4f1b-bbbb-1f674ff90e14",5.862263,58.824629,"Rogaland",2012,10,4,"Norway","UJAL3038","Jansson, Ulrika; Johnsen, John Inge","BioFokus","Skjelbreitjørna S","BioFokus","proper GBIF citations were not initially included here and were added subsequently on 20 November 2020","Blindheim T (2020). BioFokus. Version 1.1574. BioFokus. Occurrence dataset https://doi.org/10.15468/jxbhqx accessed via GBIF.org on 2020-11-20.. Accessed from R via rgbif (https://github.com/ropensci/rgbif) on 2020-11-20","https://doi.org/10.15468/jxbhqx"
1324741138,"fb1ecd28-f09e-4747-8bde-0b3d7a6f78d1",5.696,58.87692,"Rogaland",2012,10,3,"Norway","94768","Johnsen, J.I.","BG","sørsiden av Bærheimsnuten","L","proper GBIF citations were not initially included here and were added subsequently on 20 November 2020","University of Bergen: University Museum (2020). Lichen herbarium, UiB. Version 1.926. Occurrence dataset https://doi.org/10.15468/gpfklm accessed via GBIF.org on 2020-11-20.. Accessed from R via rgbif (https://github.com/ropensci/rgbif) on 2020-11-20","https://doi.org/10.15468/gpfklm"
1324741144,"fb1ecd28-f09e-4747-8bde-0b3d7a6f78d1",5.80593,58.8707,"Rogaland",2012,10,4,"Norway","94762","Johnsen, J.I.","BG","N- av Dybingen","L","proper GBIF citations were not initially included here and were added subsequently on 20 November 2020","University of Bergen: University Museum (2020). Lichen herbarium, UiB. Version 1.926. Occurrence dataset https://doi.org/10.15468/gpfklm accessed via GBIF.org on 2020-11-20.. Accessed from R via rgbif (https://github.com/ropensci/rgbif) on 2020-11-20","https://doi.org/10.15468/gpfklm"
1324739716,"fb1ecd28-f09e-4747-8bde-0b3d7a6f78d1",5.71419,59.10567,"Rogaland",2011,1,29,"Norway","90720","Johnsen, J.I.","BG","N-av Vikefjellet, Berge","L","proper GBIF citations were not initially included here and were added subsequently on 20 November 2020","University of Bergen: University Museum (2020). Lichen herbarium, UiB. Version 1.926. Occurrence dataset https://doi.org/10.15468/gpfklm accessed via GBIF.org on 2020-11-20.. Accessed from R via rgbif (https://github.com/ropensci/rgbif) on 2020-11-20","https://doi.org/10.15468/gpfklm"
1324739704,"fb1ecd28-f09e-4747-8bde-0b3d7a6f78d1",5.81147,59.11169,"Rogaland",2011,2,12,"Norway","90721","Johnsen, J.I.","BG","Sør-Talgje, Østabø","L","proper GBIF citations were not initially included here and were added subsequently on 20 November 2020","University of Bergen: University Museum (2020). Lichen herbarium, UiB. Version 1.926. Occurrence dataset https://doi.org/10.15468/gpfklm accessed via GBIF.org on 2020-11-20.. Accessed from R via rgbif (https://github.com/ropensci/rgbif) on 2020-11-20","https://doi.org/10.15468/gpfklm"
1324739718,"fb1ecd28-f09e-4747-8bde-0b3d7a6f78d1",5.72663,58.95679,"Rogaland",2011,2,5,"Norway","90726","Johnsen, J.I.","BG","Vålandskogen","L","proper GBIF citations were not initially included here and were added subsequently on 20 November 2020","University of Bergen: University Museum (2020). Lichen herbarium, UiB. Version 1.926. Occurrence dataset https://doi.org/10.15468/gpfklm accessed via GBIF.org on 2020-11-20.. Accessed from R via rgbif (https://github.com/ropensci/rgbif) on 2020-11-20","https://doi.org/10.15468/gpfklm"
1324739731,"fb1ecd28-f09e-4747-8bde-0b3d7a6f78d1",5.86054,59.11019,"Rogaland",2011,2,12,"Norway","90724","Johnsen, J.I.","BG","østsiden av Sør-Talgje","L","proper GBIF citations were not initially included here and were added subsequently on 20 November 2020","University of Bergen: University Museum (2020). Lichen herbarium, UiB. Version 1.926. Occurrence dataset https://doi.org/10.15468/gpfklm accessed via GBIF.org on 2020-11-20.. Accessed from R via rgbif (https://github.com/ropensci/rgbif) on 2020-11-20","https://doi.org/10.15468/gpfklm"
1324740122,"fb1ecd28-f09e-4747-8bde-0b3d7a6f78d1",5.83132,59.10499,"Rogaland",2011,2,12,"Norway","92374","Johnsen, J.I.","BG","Sør-Talgje, Søylå","L","proper GBIF citations were not initially included here and were added subsequently on 20 November 2020","University of Bergen: University Museum (2020). Lichen herbarium, UiB. Version 1.926. Occurrence dataset https://doi.org/10.15468/gpfklm accessed via GBIF.org on 2020-11-20.. Accessed from R via rgbif (https://github.com/ropensci/rgbif) on 2020-11-20","https://doi.org/10.15468/gpfklm"
1324740126,"fb1ecd28-f09e-4747-8bde-0b3d7a6f78d1",5.81147,59.11169,"Rogaland",2011,2,12,"Norway","92375","Johnsen, J.I.","BG","Sør-Talgje, Østabø","L","proper GBIF citations were not initially included here and were added subsequently on 20 November 2020","University of Bergen: University Museum (2020). Lichen herbarium, UiB. Version 1.926. Occurrence dataset https://doi.org/10.15468/gpfklm accessed via GBIF.org on 2020-11-20.. Accessed from R via rgbif (https://github.com/ropensci/rgbif) on 2020-11-20","https://doi.org/10.15468/gpfklm"
1324740142,"fb1ecd28-f09e-4747-8bde-0b3d7a6f78d1",5.81147,59.11169,"Rogaland",2011,2,12,"Norway","92376","Johnsen, J.I.","BG","Sør-Talgje, Østabø","L","proper GBIF citations were not initially included here and were added subsequently on 20 November 2020","University of Bergen: University Museum (2020). Lichen herbarium, UiB. Version 1.926. Occurrence dataset https://doi.org/10.15468/gpfklm accessed via GBIF.org on 2020-11-20.. Accessed from R via rgbif (https://github.com/ropensci/rgbif) on 2020-11-20","https://doi.org/10.15468/gpfklm"
1324739929,"fb1ecd28-f09e-4747-8bde-0b3d7a6f78d1",5.67602,59.1029,"Rogaland",2011,3,28,"Norway","91960","Johnsen, J.I.","BG","Helland","L","proper GBIF citations were not initially included here and were added subsequently on 20 November 2020","University of Bergen: University Museum (2020). Lichen herbarium, UiB. Version 1.926. Occurrence dataset https://doi.org/10.15468/gpfklm accessed via GBIF.org on 2020-11-20.. Accessed from R via rgbif (https://github.com/ropensci/rgbif) on 2020-11-20","https://doi.org/10.15468/gpfklm"
1324739801,"fb1ecd28-f09e-4747-8bde-0b3d7a6f78d1",5.99544,59.1062,"Rogaland",2011,4,2,"Norway","91760","Johnsen, J.I.","BG","øst av Fiskåsen","L","proper GBIF citations were not initially included here and were added subsequently on 20 November 2020","University of Bergen: University Museum (2020). Lichen herbarium, UiB. Version 1.926. Occurrence dataset https://doi.org/10.15468/gpfklm accessed via GBIF.org on 2020-11-20.. Accessed from R via rgbif (https://github.com/ropensci/rgbif) on 2020-11-20","https://doi.org/10.15468/gpfklm"
1324739836,"fb1ecd28-f09e-4747-8bde-0b3d7a6f78d1",5.99544,59.1062,"Rogaland",2011,4,2,"Norway","91759","Johnsen, J.I.","BG","øst av Fiskåsen","L","proper GBIF citations were not initially included here and were added subsequently on 20 November 2020","University of Bergen: University Museum (2020). Lichen herbarium, UiB. Version 1.926. Occurrence dataset https://doi.org/10.15468/gpfklm accessed via GBIF.org on 2020-11-20.. Accessed from R via rgbif (https://github.com/ropensci/rgbif) on 2020-11-20","https://doi.org/10.15468/gpfklm"
1324739840,"fb1ecd28-f09e-4747-8bde-0b3d7a6f78d1",5.99702,59.10803,"Rogaland",2011,4,2,"Norway","91761","Johnsen, J.I.","BG","østsiden av Fiskåsen","L","proper GBIF citations were not initially included here and were added subsequently on 20 November 2020","University of Bergen: University Museum (2020). Lichen herbarium, UiB. Version 1.926. Occurrence dataset https://doi.org/10.15468/gpfklm accessed via GBIF.org on 2020-11-20.. Accessed from R via rgbif (https://github.com/ropensci/rgbif) on 2020-11-20","https://doi.org/10.15468/gpfklm"
1324739831,"fb1ecd28-f09e-4747-8bde-0b3d7a6f78d1",5.80278,58.90477,"Rogaland",2011,5,14,"Norway","91778","Johnsen, J.I.","BG","Dale","L","proper GBIF citations were not initially included here and were added subsequently on 20 November 2020","University of Bergen: University Museum (2020). Lichen herbarium, UiB. Version 1.926. Occurrence dataset https://doi.org/10.15468/gpfklm accessed via GBIF.org on 2020-11-20.. Accessed from R via rgbif (https://github.com/ropensci/rgbif) on 2020-11-20","https://doi.org/10.15468/gpfklm"
1324739843,"fb1ecd28-f09e-4747-8bde-0b3d7a6f78d1",5.78232,58.90067,"Rogaland",2011,5,14,"Norway","91777","Johnsen, J.I.","BG","Dale","L","proper GBIF citations were not initially included here and were added subsequently on 20 November 2020","University of Bergen: University Museum (2020). Lichen herbarium, UiB. Version 1.926. Occurrence dataset https://doi.org/10.15468/gpfklm accessed via GBIF.org on 2020-11-20.. Accessed from R via rgbif (https://github.com/ropensci/rgbif) on 2020-11-20","https://doi.org/10.15468/gpfklm"
1324740768,"fb1ecd28-f09e-4747-8bde-0b3d7a6f78d1",5.89642,58.96457,"Rogaland",2011,6,1,"Norway","93719","Johnsen, J.I.","BG","Hommersåk, Vier","L","proper GBIF citations were not initially included here and were added subsequently on 20 November 2020","University of Bergen: University Museum (2020). Lichen herbarium, UiB. Version 1.926. Occurrence dataset https://doi.org/10.15468/gpfklm accessed via GBIF.org on 2020-11-20.. Accessed from R via rgbif (https://github.com/ropensci/rgbif) on 2020-11-20","https://doi.org/10.15468/gpfklm"
1324742279,"fb1ecd28-f09e-4747-8bde-0b3d7a6f78d1",5.36999,59.72656,"Hordaland",2011,10,23,"Norway","96964","Zahradnikova, M.","BG","island Spissøya, village Spissøy","L","proper GBIF citations were not initially included here and were added subsequently on 20 November 2020","University of Bergen: University Museum (2020). Lichen herbarium, UiB. Version 1.926. Occurrence dataset https://doi.org/10.15468/gpfklm accessed via GBIF.org on 2020-11-20.. Accessed from R via rgbif (https://github.com/ropensci/rgbif) on 2020-11-20","https://doi.org/10.15468/gpfklm"
919260576,"7948250c-6958-4a29-a670-ed1015b26252",5.7241,59.081,"Rogaland",2010,7,19,"Norway","175175","Jon T. Klepsland","O","Dale","L","proper GBIF citations were not initially included here and were added subsequently on 20 November 2020","Natural History Museum, University of Oslo (2020). Lichen herbarium, Oslo (O). Version 1.1331. Occurrence dataset https://doi.org/10.15468/ktu7bj accessed via GBIF.org on 2020-11-20.. Accessed from R via rgbif (https://github.com/ropensci/rgbif) on 2020-11-20","https://doi.org/10.15468/ktu7bj"
1324739751,"fb1ecd28-f09e-4747-8bde-0b3d7a6f78d1",6.1974,58.34152,"Rogaland",2010,9,24,"Norway","91654","Johnsen, J.I.","BG","nord av Nesvågen","L","proper GBIF citations were not initially included here and were added subsequently on 20 November 2020","University of Bergen: University Museum (2020). Lichen herbarium, UiB. Version 1.926. Occurrence dataset https://doi.org/10.15468/gpfklm accessed via GBIF.org on 2020-11-20.. Accessed from R via rgbif (https://github.com/ropensci/rgbif) on 2020-11-20","https://doi.org/10.15468/gpfklm"
1030402622,"84797ee6-f762-11e1-a439-00145eb45e9a",-2.716667,55.85,"Scotland",2010,10,30,"United Kingdom","127317","Fryday, A.; Coppins, B.","MSC","Scotland; V.C. 82, Lammermuir Hills, Gifford, Hopes Resevoir","Lichen","proper GBIF citations were not initially included here and were added subsequently on 20 November 2020","Prather L A, Prather L A (2020). Michigan State University Herbarium Lichens. Michigan State University Herbarium. Occurrence dataset https://doi.org/10.15468/mym4z7 accessed via GBIF.org on 2020-11-20.. Accessed from R via rgbif (https://github.com/ropensci/rgbif) on 2020-11-20","https://doi.org/10.15468/mym4z7"
1324737954,"fb1ecd28-f09e-4747-8bde-0b3d7a6f78d1",5.75938,59.08973,"Rogaland",2009,3,7,"Norway","87100","Johnsen, J.I.","BG","Østhusvik","L","proper GBIF citations were not initially included here and were added subsequently on 20 November 2020","University of Bergen: University Museum (2020). Lichen herbarium, UiB. Version 1.926. Occurrence dataset https://doi.org/10.15468/gpfklm accessed via GBIF.org on 2020-11-20.. Accessed from R via rgbif (https://github.com/ropensci/rgbif) on 2020-11-20","https://doi.org/10.15468/gpfklm"
1212104728,"85739778-f762-11e1-a439-00145eb45e9a",-3.6333,48.35,NA,2006,7,30,"France","108853","A. Aptroot","B","FRANCE, Bretagne, Finistère: La Mine, E of Huelgoat. Elev. 125 m.","Lichen Herbarium Berlin","proper GBIF citations were not initially included here and were added subsequently on 20 November 2020","Botanic Garden and Botanical Museum Berlin (2016). Lichens at Herbarium Berolinense, Berlin (B). Occurrence dataset https://doi.org/10.15468/gmyyyu accessed via GBIF.org on 2020-11-20.. Accessed from R via rgbif (https://github.com/ropensci/rgbif) on 2020-11-20","https://doi.org/10.15468/gmyyyu"
1324737634,"fb1ecd28-f09e-4747-8bde-0b3d7a6f78d1",5.7063,59.10001,"Rogaland",2006,12,27,"Norway","86453","Johnsen, J.I.","BG","NV-siden av Vikefjell","L","proper GBIF citations were not initially included here and were added subsequently on 20 November 2020","University of Bergen: University Museum (2020). Lichen herbarium, UiB. Version 1.926. Occurrence dataset https://doi.org/10.15468/gpfklm accessed via GBIF.org on 2020-11-20.. Accessed from R via rgbif (https://github.com/ropensci/rgbif) on 2020-11-20","https://doi.org/10.15468/gpfklm"
1872037515,"aec6d756-3aa8-465e-83fd-4f6ee83e693e",6.636299,50.215826,"Rheinland-Pfalz",2005,5,5,"Germany","C1017697F","A. Aptroot","F","Gerolstein, Rheinland-Pfalz, Eifel, Kreis Daun, Gerolstein, Lissingen, Wollersberg","Botany","proper GBIF citations were not initially included here and were added subsequently on 20 November 2020","Grant S, von Konrat M (2020). Field Museum of Natural History (Botany) Lichen Collection. Version 2.11. Field Museum. Occurrence dataset https://doi.org/10.15468/sc258x accessed via GBIF.org on 2020-11-20.. Accessed from R via rgbif (https://github.com/ropensci/rgbif) on 2020-11-20","https://doi.org/10.15468/sc258x"
1056000221,"7e380070-f762-11e1-a439-00145eb45e9a",-4.2026,56.4907,"Scotland",2004,10,12,"United Kingdom","BM000763465","Collaboration; R.S. Larsen & Scott LaGreca","NHMUK",NA,"BOT","proper GBIF citations were not initially included here and were added subsequently on 20 November 2020","Natural History Museum (2020). Natural History Museum (London) Collection Specimens. Occurrence dataset https://doi.org/10.5519/0002965 accessed via GBIF.org on 2020-11-20.. Accessed from R via rgbif (https://github.com/ropensci/rgbif) on 2020-11-20","https://doi.org/10.5519/0002965"
1056204520,"7e380070-f762-11e1-a439-00145eb45e9a",-4.2026,56.4907,"Scotland",2004,10,9,"United Kingdom","BM000763460","Collaboration; R.S. Larsen & Scott LaGreca","NHMUK",NA,"BOT","proper GBIF citations were not initially included here and were added subsequently on 20 November 2020","Natural History Museum (2020). Natural History Museum (London) Collection Specimens. Occurrence dataset https://doi.org/10.5519/0002965 accessed via GBIF.org on 2020-11-20.. Accessed from R via rgbif (https://github.com/ropensci/rgbif) on 2020-11-20","https://doi.org/10.5519/0002965"
1056905144,"7e380070-f762-11e1-a439-00145eb45e9a",-4.2026,56.4907,"Scotland",2004,10,15,"United Kingdom","BM000763247","Collaboration; R.S. Larsen & Scott LaGreca","NHMUK",NA,"BOT","proper GBIF citations were not initially included here and were added subsequently on 20 November 2020","Natural History Museum (2020). Natural History Museum (London) Collection Specimens. Occurrence dataset https://doi.org/10.5519/0002965 accessed via GBIF.org on 2020-11-20.. Accessed from R via rgbif (https://github.com/ropensci/rgbif) on 2020-11-20","https://doi.org/10.5519/0002965"
1057154307,"7e380070-f762-11e1-a439-00145eb45e9a",-4.2026,56.4907,"Scotland",2004,10,11,"United Kingdom","BM000763249","Collaboration; R.S. Larsen & Scott LaGreca","NHMUK",NA,"BOT","proper GBIF citations were not initially included here and were added subsequently on 20 November 2020","Natural History Museum (2020). Natural History Museum (London) Collection Specimens. Occurrence dataset https://doi.org/10.5519/0002965 accessed via GBIF.org on 2020-11-20.. Accessed from R via rgbif (https://github.com/ropensci/rgbif) on 2020-11-20","https://doi.org/10.5519/0002965"
1675763901,"828a3d8c-f762-11e1-a439-00145eb45e9a",7.706111,47.802222,NA,2002,12,23,"Germany","262483",NA,"FR","Südschwarzwald, The Altensteintal south near Schweighof east of Badenweiler, lower valley","Herbarium Senckenbergianum (FR) - Fungi","proper GBIF citations were not initially included here and were added subsequently on 20 November 2020","Senckenberg. Herbarium Senckenbergianum (FR) - Fungi. Occurrence dataset https://doi.org/10.15468/0oaq5v accessed via GBIF.org on 2020-11-20.. Accessed from R via rgbif (https://github.com/ropensci/rgbif) on 2020-11-20","https://doi.org/10.15468/0oaq5v"
328123435,"890afcd2-f762-11e1-a439-00145eb45e9a",-6.748,43.02,"O",2001,9,14,"Spain","20718-1","S. Pérez-Ortega, E. Barreno & J.A.F. Prieto","VAL","Ibias. Complejo turfófilo en la  Laguna de Pena Velosa. Monte Valdebois.","VAL_Lich","proper GBIF citations were not initially included here and were added subsequently on 20 November 2020","Atienza V (2019). Universitat de València, Colecciones de Criptógamas: VAL_Lich. Department of Botany, Faculty of Biological Sciences, University of Valencia. Occurrence dataset https://doi.org/10.15468/okajpo accessed via GBIF.org on 2020-11-20.. Accessed from R via rgbif (https://github.com/ropensci/rgbif) on 2020-11-20","https://doi.org/10.15468/okajpo"
1057522765,"7e380070-f762-11e1-a439-00145eb45e9a",-9.366667,53.5,"Galway",1998,5,1,"Ireland","BM000761556","H Hertel","NHMUK",NA,"BOT","proper GBIF citations were not initially included here and were added subsequently on 20 November 2020","Natural History Museum (2020). Natural History Museum (London) Collection Specimens. Occurrence dataset https://doi.org/10.5519/0002965 accessed via GBIF.org on 2020-11-20.. Accessed from R via rgbif (https://github.com/ropensci/rgbif) on 2020-11-20","https://doi.org/10.5519/0002965"
1212104878,"85739778-f762-11e1-a439-00145eb45e9a",-9.3667,53.5,NA,1998,5,1,"Ireland","138993","H. Hertel","B","IRELAND, Galway: (H 16), Lough Corrib [= Loch Coirib], on the islet ""Derry Rocks South"" in the archipelago off north shore of Dooras Peninsula.","Lichen Herbarium Berlin","proper GBIF citations were not initially included here and were added subsequently on 20 November 2020","Botanic Garden and Botanical Museum Berlin (2016). Lichens at Herbarium Berolinense, Berlin (B). Occurrence dataset https://doi.org/10.15468/gmyyyu accessed via GBIF.org on 2020-11-20.. Accessed from R via rgbif (https://github.com/ropensci/rgbif) on 2020-11-20","https://doi.org/10.15468/gmyyyu"
19997132,"fb1ecd28-f09e-4747-8bde-0b3d7a6f78d1",13.95,47.7333,"Upper austria",1998,5,31,"Austria","66300","Tønsberg, T.","BG","Totes Gebirge, Lake Almsee SSE, along the brooks","L","proper GBIF citations were not initially included here and were added subsequently on 20 November 2020","University of Bergen: University Museum (2020). Lichen herbarium, UiB. Version 1.926. Occurrence dataset https://doi.org/10.15468/gpfklm accessed via GBIF.org on 2020-11-20.. Accessed from R via rgbif (https://github.com/ropensci/rgbif) on 2020-11-20","https://doi.org/10.15468/gpfklm"
2270774150,"98bceab6-3c3e-4163-945d-6ca10576ebf1",-9.366667,53.5,"Galway",1998,5,1,"Ireland","503818","H. Hertel","ASU","(H 16), Lough Corrib [= Loch Coirib], on the islet ""Derry Rocks South"" in the archipelago off north shore of Dooras Peninsula",NA,"proper GBIF citations were not initially included here and were added subsequently on 20 November 2020","Arizona State University Biocollections (2020). Arizona State University Lichen Herbarium. Occurrence dataset https://doi.org/10.15468/qrwfjc accessed via GBIF.org on 2020-11-20.. Accessed from R via rgbif (https://github.com/ropensci/rgbif) on 2020-11-20","https://doi.org/10.15468/qrwfjc"
29522342,"83492a58-f762-11e1-a439-00145eb45e9a",-3,41,"Sg",1994,3,26,"Spain","7072-1","G. Aragón & I. Martínez","MA","Riofrío de Riaza, valle del río Riaza, barranco que sube hacia Las Vegas","MA-Lichen","proper GBIF citations were not initially included here and were added subsequently on 20 November 2020","Margarita M (2018). CSIC-Real Jardín Botánico-Colección de Líquenes (MA-Lichen). CSIC-Real Jardín Botánico. Occurrence dataset https://doi.org/10.15468/z7wqal accessed via GBIF.org on 2020-11-20.. Accessed from R via rgbif (https://github.com/ropensci/rgbif) on 2020-11-20","https://doi.org/10.15468/z7wqal"
2237878414,"84d26682-f762-11e1-a439-00145eb45e9a",15.19062,55.32102,NA,1987,7,2,"Denmark","DMS-1015941","Vagn Alstrup",NA,"Christiansø",NA,"proper GBIF citations were not initially included here and were added subsequently on 20 November 2020","Frøslev T G, Heilmann-Clausen J, Lange C, Læssøe T, Petersen J H, Søchting U, Jeppesen T S, Vesterholt J (2020). Danish Mycological Society, fungal records database. Danish Mycological Society. Occurrence dataset https://doi.org/10.15468/zn159h accessed via GBIF.org on 2020-11-20.. Accessed from R via rgbif (https://github.com/ropensci/rgbif) on 2020-11-20","https://doi.org/10.15468/zn159h"
2237911003,"84d26682-f762-11e1-a439-00145eb45e9a",9.760838,56.788234,NA,1984,10,1,"Denmark","DMS-1043548","Svanhildur Svane",NA,"Nørlund Savværk",NA,"proper GBIF citations were not initially included here and were added subsequently on 20 November 2020","Frøslev T G, Heilmann-Clausen J, Lange C, Læssøe T, Petersen J H, Søchting U, Jeppesen T S, Vesterholt J (2020). Danish Mycological Society, fungal records database. Danish Mycological Society. Occurrence dataset https://doi.org/10.15468/zn159h accessed via GBIF.org on 2020-11-20.. Accessed from R via rgbif (https://github.com/ropensci/rgbif) on 2020-11-20","https://doi.org/10.15468/zn159h"
2237898487,"84d26682-f762-11e1-a439-00145eb45e9a",9.753856,56.80086,NA,1977,7,31,"Denmark","DMS-1033870","Svanhildur Svane",NA,"Torstedlund Skov",NA,"proper GBIF citations were not initially included here and were added subsequently on 20 November 2020","Frøslev T G, Heilmann-Clausen J, Lange C, Læssøe T, Petersen J H, Søchting U, Jeppesen T S, Vesterholt J (2020). Danish Mycological Society, fungal records database. Danish Mycological Society. Occurrence dataset https://doi.org/10.15468/zn159h accessed via GBIF.org on 2020-11-20.. Accessed from R via rgbif (https://github.com/ropensci/rgbif) on 2020-11-20","https://doi.org/10.15468/zn159h"
2237893071,"84d26682-f762-11e1-a439-00145eb45e9a",8.890672,56.50114,NA,1977,8,1,"Denmark","DMS-1028567","Svanhildur Svane",NA,"Mørkesø",NA,"proper GBIF citations were not initially included here and were added subsequently on 20 November 2020","Frøslev T G, Heilmann-Clausen J, Lange C, Læssøe T, Petersen J H, Søchting U, Jeppesen T S, Vesterholt J (2020). Danish Mycological Society, fungal records database. Danish Mycological Society. Occurrence dataset https://doi.org/10.15468/zn159h accessed via GBIF.org on 2020-11-20.. Accessed from R via rgbif (https://github.com/ropensci/rgbif) on 2020-11-20","https://doi.org/10.15468/zn159h"
2237883348,"84d26682-f762-11e1-a439-00145eb45e9a",9.399442,55.2211,NA,1976,5,21,"Denmark","DMS-1019951","Ulrik Søchting",NA,"Pamhule Skov",NA,"proper GBIF citations were not initially included here and were added subsequently on 20 November 2020","Frøslev T G, Heilmann-Clausen J, Lange C, Læssøe T, Petersen J H, Søchting U, Jeppesen T S, Vesterholt J (2020). Danish Mycological Society, fungal records database. Danish Mycological Society. Occurrence dataset https://doi.org/10.15468/zn159h accessed via GBIF.org on 2020-11-20.. Accessed from R via rgbif (https://github.com/ropensci/rgbif) on 2020-11-20","https://doi.org/10.15468/zn159h"
1144684151,"f577c9f3-ae71-4278-b6bf-512ba1dfaa21",-2.7875,48.35389,NA,1954,7,21,"France","G-G-300042/1","Clauzade, G. (Coll. Rondon)","G","Côtes-d'Armor - A 2,5 km au sud de Laniscat, entre la D44 et le Daoulas/Bretagne","Geneva Herbarium – General Collection (G)","proper GBIF citations were not initially included here and were added subsequently on 20 November 2020","Conservatoire et Jardin botaniques de la Ville de Genève - G. Geneva Herbarium – General Collection (G). Occurrence dataset https://doi.org/10.15468/rvjdu1 accessed via GBIF.org on 2020-11-20.. Accessed from R via rgbif (https://github.com/ropensci/rgbif) on 2020-11-20","https://doi.org/10.15468/rvjdu1"
1055695619,"7e380070-f762-11e1-a439-00145eb45e9a",-1.1743,52.3555,"England",1871,10,NA,"United Kingdom","BM000975041","George Davies","NHMUK",NA,"BOT","proper GBIF citations were not initially included here and were added subsequently on 20 November 2020","Natural History Museum (2020). Natural History Museum (London) Collection Specimens. Occurrence dataset https://doi.org/10.5519/0002965 accessed via GBIF.org on 2020-11-20.. Accessed from R via rgbif (https://github.com/ropensci/rgbif) on 2020-11-20","https://doi.org/10.5519/0002965"
