"key","datasetKey","decimalLongitude","decimalLatitude","stateProvince","year","month","day","country","catalogNumber","recordedBy","institutionCode","collectionCode","locality","notes","citation","doi"
2235561948,"e553568e-2317-4592-8638-92e5ac93b40c",6.03639,48.62528,"54 Meurthe-et-Moselle",2018,1,20,"France","NCY021819","Mahévas, Th.","CJBN","NCY",NA,"proper GBIF citations were not initially included here and were added subsequently on 20 November 2020","MNHN, Chagnoux S (2020). Herbarium specimens of Jardins botaniques and Conservatoire Botanique of Nancy (NCY). Version 70.192. Herbier des conservatoires et jardins botaniques de Nancy. Occurrence dataset https://doi.org/10.15468/g1zohr accessed via GBIF.org on 2020-11-20.. Accessed from R via rgbif (https://github.com/ropensci/rgbif) on 2020-11-20","https://doi.org/10.15468/g1zohr"
1927441466,"2e4cc37b-302e-4f1b-bbbb-1f674ff90e14",6.598341,60.480445,"Hordaland",2018,10,12,"Norway","JK18-876","Klepsland, Jon T.","BioFokus","BioFokus","Kvanndalen","proper GBIF citations were not initially included here and were added subsequently on 20 November 2020","Blindheim T (2020). BioFokus. Version 1.1574. BioFokus. Occurrence dataset https://doi.org/10.15468/jxbhqx accessed via GBIF.org on 2020-11-20.. Accessed from R via rgbif (https://github.com/ropensci/rgbif) on 2020-11-20","https://doi.org/10.15468/jxbhqx"
2449421200,"7948250c-6958-4a29-a670-ed1015b26252",6.5983,60.4804,"Hordaland",2018,10,12,"Norway","226709","Jon T. Klepsland","O","L","Kvanndalen","proper GBIF citations were not initially included here and were added subsequently on 20 November 2020","Natural History Museum, University of Oslo (2020). Lichen herbarium, Oslo (O). Version 1.1331. Occurrence dataset https://doi.org/10.15468/ktu7bj accessed via GBIF.org on 2020-11-20.. Accessed from R via rgbif (https://github.com/ropensci/rgbif) on 2020-11-20","https://doi.org/10.15468/ktu7bj"
2238494564,"84d26682-f762-11e1-a439-00145eb45e9a",9.32056,55.931053,NA,2017,6,2,"Denmark","DMS-9194900","Susanne Rabenborg",NA,NA,"Rørbæk Krat","proper GBIF citations were not initially included here and were added subsequently on 20 November 2020","Frøslev T G, Heilmann-Clausen J, Lange C, Læssøe T, Petersen J H, Søchting U, Jeppesen T S, Vesterholt J (2020). Danish Mycological Society, fungal records database. Danish Mycological Society. Occurrence dataset https://doi.org/10.15468/zn159h accessed via GBIF.org on 2020-11-20.. Accessed from R via rgbif (https://github.com/ropensci/rgbif) on 2020-11-20","https://doi.org/10.15468/zn159h"
1832335803,"828a3d8c-f762-11e1-a439-00145eb45e9a",14.531,51.300417,NA,2016,4,20,"Germany","48988-771",NA,"FR","Herbarium Senckenbergianum (FR) - Fungi","Halbendorf/ Spree W","proper GBIF citations were not initially included here and were added subsequently on 20 November 2020","Senckenberg. Herbarium Senckenbergianum (FR) - Fungi. Occurrence dataset https://doi.org/10.15468/0oaq5v accessed via GBIF.org on 2020-11-20.. Accessed from R via rgbif (https://github.com/ropensci/rgbif) on 2020-11-20","https://doi.org/10.15468/0oaq5v"
2238541429,"84d26682-f762-11e1-a439-00145eb45e9a",8.626554,57.041046,NA,2016,5,26,"Denmark","DMS-9245627","Ulrik Søchting",NA,NA,"Atterhøj","proper GBIF citations were not initially included here and were added subsequently on 20 November 2020","Frøslev T G, Heilmann-Clausen J, Lange C, Læssøe T, Petersen J H, Søchting U, Jeppesen T S, Vesterholt J (2020). Danish Mycological Society, fungal records database. Danish Mycological Society. Occurrence dataset https://doi.org/10.15468/zn159h accessed via GBIF.org on 2020-11-20.. Accessed from R via rgbif (https://github.com/ropensci/rgbif) on 2020-11-20","https://doi.org/10.15468/zn159h"
2238543317,"84d26682-f762-11e1-a439-00145eb45e9a",8.29568,56.818126,NA,2016,5,26,"Denmark","DMS-9247142","Lennarth Skov Espersen",NA,NA,"Gammel ørumgård","proper GBIF citations were not initially included here and were added subsequently on 20 November 2020","Frøslev T G, Heilmann-Clausen J, Lange C, Læssøe T, Petersen J H, Søchting U, Jeppesen T S, Vesterholt J (2020). Danish Mycological Society, fungal records database. Danish Mycological Society. Occurrence dataset https://doi.org/10.15468/zn159h accessed via GBIF.org on 2020-11-20.. Accessed from R via rgbif (https://github.com/ropensci/rgbif) on 2020-11-20","https://doi.org/10.15468/zn159h"
1324321862,"7948250c-6958-4a29-a670-ed1015b26252",6.1905,59.1545,"Rogaland",2016,8,21,"Norway","205001","S. Rui, E. Timdal","O","L","Årdal church","proper GBIF citations were not initially included here and were added subsequently on 20 November 2020","Natural History Museum, University of Oslo (2020). Lichen herbarium, Oslo (O). Version 1.1331. Occurrence dataset https://doi.org/10.15468/ktu7bj accessed via GBIF.org on 2020-11-20.. Accessed from R via rgbif (https://github.com/ropensci/rgbif) on 2020-11-20","https://doi.org/10.15468/ktu7bj"
1675794545,"828a3d8c-f762-11e1-a439-00145eb45e9a",6.9577,47.966867,NA,2016,9,16,"France","49072-771",NA,"FR","Herbarium Senckenbergianum (FR) - Fungi","beim Wildensteiner Stausee, neben dem Sportplatz","proper GBIF citations were not initially included here and were added subsequently on 20 November 2020","Senckenberg. Herbarium Senckenbergianum (FR) - Fungi. Occurrence dataset https://doi.org/10.15468/0oaq5v accessed via GBIF.org on 2020-11-20.. Accessed from R via rgbif (https://github.com/ropensci/rgbif) on 2020-11-20","https://doi.org/10.15468/0oaq5v"
1323867719,"2e4cc37b-302e-4f1b-bbbb-1f674ff90e14",6.255049,58.344505,"Rogaland",2016,10,10,"Norway","JK16-862","Klepsland, Jon T.","BioFokus","BioFokus","Lundaknuden","proper GBIF citations were not initially included here and were added subsequently on 20 November 2020","Blindheim T (2020). BioFokus. Version 1.1574. BioFokus. Occurrence dataset https://doi.org/10.15468/jxbhqx accessed via GBIF.org on 2020-11-20.. Accessed from R via rgbif (https://github.com/ropensci/rgbif) on 2020-11-20","https://doi.org/10.15468/jxbhqx"
1440673879,"2e4cc37b-302e-4f1b-bbbb-1f674ff90e14",6.304815,58.331536,"Rogaland",2016,10,11,"Norway","JK16-874","Klepsland, Jon T.","BioFokus","BioFokus","Nedre Lauvås SØ","proper GBIF citations were not initially included here and were added subsequently on 20 November 2020","Blindheim T (2020). BioFokus. Version 1.1574. BioFokus. Occurrence dataset https://doi.org/10.15468/jxbhqx accessed via GBIF.org on 2020-11-20.. Accessed from R via rgbif (https://github.com/ropensci/rgbif) on 2020-11-20","https://doi.org/10.15468/jxbhqx"
1440673917,"2e4cc37b-302e-4f1b-bbbb-1f674ff90e14",6.254456,58.342462,"Rogaland",2016,10,10,"Norway","JK16-859","Klepsland, Jon T.","BioFokus","BioFokus","Lundaknuden S","proper GBIF citations were not initially included here and were added subsequently on 20 November 2020","Blindheim T (2020). BioFokus. Version 1.1574. BioFokus. Occurrence dataset https://doi.org/10.15468/jxbhqx accessed via GBIF.org on 2020-11-20.. Accessed from R via rgbif (https://github.com/ropensci/rgbif) on 2020-11-20","https://doi.org/10.15468/jxbhqx"
2013151903,"7948250c-6958-4a29-a670-ed1015b26252",6.3048,58.3315,"Rogaland",2016,10,11,"Norway","222906","Jon T. Klepsland","O","L","Nedre Lauvås SØ","proper GBIF citations were not initially included here and were added subsequently on 20 November 2020","Natural History Museum, University of Oslo (2020). Lichen herbarium, Oslo (O). Version 1.1331. Occurrence dataset https://doi.org/10.15468/ktu7bj accessed via GBIF.org on 2020-11-20.. Accessed from R via rgbif (https://github.com/ropensci/rgbif) on 2020-11-20","https://doi.org/10.15468/ktu7bj"
2013151951,"7948250c-6958-4a29-a670-ed1015b26252",6.2545,58.3425,"Rogaland",2016,10,10,"Norway","222893","Jon T. Klepsland","O","L","Lundaknuden S","proper GBIF citations were not initially included here and were added subsequently on 20 November 2020","Natural History Museum, University of Oslo (2020). Lichen herbarium, Oslo (O). Version 1.1331. Occurrence dataset https://doi.org/10.15468/ktu7bj accessed via GBIF.org on 2020-11-20.. Accessed from R via rgbif (https://github.com/ropensci/rgbif) on 2020-11-20","https://doi.org/10.15468/ktu7bj"
2013152079,"7948250c-6958-4a29-a670-ed1015b26252",6.2551,58.3445,"Rogaland",2016,10,10,"Norway","222896","Jon T. Klepsland","O","L","Lundaknuden","proper GBIF citations were not initially included here and were added subsequently on 20 November 2020","Natural History Museum, University of Oslo (2020). Lichen herbarium, Oslo (O). Version 1.1331. Occurrence dataset https://doi.org/10.15468/ktu7bj accessed via GBIF.org on 2020-11-20.. Accessed from R via rgbif (https://github.com/ropensci/rgbif) on 2020-11-20","https://doi.org/10.15468/ktu7bj"
1675788162,"828a3d8c-f762-11e1-a439-00145eb45e9a",8.294635,50.156017,NA,2015,1,9,"Germany","221529",NA,"FR","Herbarium Senckenbergianum (FR) - Fungi","Hoher Taunus, das Theißtal westl. von Niedernhausen, Feldkreuz bei den Fischteichen","proper GBIF citations were not initially included here and were added subsequently on 20 November 2020","Senckenberg. Herbarium Senckenbergianum (FR) - Fungi. Occurrence dataset https://doi.org/10.15468/0oaq5v accessed via GBIF.org on 2020-11-20.. Accessed from R via rgbif (https://github.com/ropensci/rgbif) on 2020-11-20","https://doi.org/10.15468/0oaq5v"
1675788109,"828a3d8c-f762-11e1-a439-00145eb45e9a",8.595,50.082817,NA,2015,2,13,"Germany","221461",NA,"FR","Herbarium Senckenbergianum (FR) - Fungi","Frankfurt, Schwanheimer Wald","proper GBIF citations were not initially included here and were added subsequently on 20 November 2020","Senckenberg. Herbarium Senckenbergianum (FR) - Fungi. Occurrence dataset https://doi.org/10.15468/0oaq5v accessed via GBIF.org on 2020-11-20.. Accessed from R via rgbif (https://github.com/ropensci/rgbif) on 2020-11-20","https://doi.org/10.15468/0oaq5v"
1675788160,"828a3d8c-f762-11e1-a439-00145eb45e9a",8.5602,50.066111,NA,2015,3,8,"Germany","221482",NA,"FR","Herbarium Senckenbergianum (FR) - Fungi","Frankfurt, Unterwald","proper GBIF citations were not initially included here and were added subsequently on 20 November 2020","Senckenberg. Herbarium Senckenbergianum (FR) - Fungi. Occurrence dataset https://doi.org/10.15468/0oaq5v accessed via GBIF.org on 2020-11-20.. Accessed from R via rgbif (https://github.com/ropensci/rgbif) on 2020-11-20","https://doi.org/10.15468/0oaq5v"
1270682659,"828a3d8c-f762-11e1-a439-00145eb45e9a",14.282333,50.91995,NA,2015,10,13,"Germany","42807",NA,"FR","Herbarium Senckenbergianum (FR) - Fungi","Lorenzsteine","proper GBIF citations were not initially included here and were added subsequently on 20 November 2020","Senckenberg. Herbarium Senckenbergianum (FR) - Fungi. Occurrence dataset https://doi.org/10.15468/0oaq5v accessed via GBIF.org on 2020-11-20.. Accessed from R via rgbif (https://github.com/ropensci/rgbif) on 2020-11-20","https://doi.org/10.15468/0oaq5v"
1675788099,"828a3d8c-f762-11e1-a439-00145eb45e9a",8.605228,50.076132,NA,2014,7,15,"Germany","218140",NA,"FR","Herbarium Senckenbergianum (FR) - Fungi","Untermainebene, Frankfurt, Goldstein, Unterschweinstiegschneise, Waldfriedhof","proper GBIF citations were not initially included here and were added subsequently on 20 November 2020","Senckenberg. Herbarium Senckenbergianum (FR) - Fungi. Occurrence dataset https://doi.org/10.15468/0oaq5v accessed via GBIF.org on 2020-11-20.. Accessed from R via rgbif (https://github.com/ropensci/rgbif) on 2020-11-20","https://doi.org/10.15468/0oaq5v"
1675788102,"828a3d8c-f762-11e1-a439-00145eb45e9a",8.605228,50.076132,NA,2014,7,15,"Germany","218145",NA,"FR","Herbarium Senckenbergianum (FR) - Fungi","Untermainebene, Frankfurt, Goldstein, Unterschweinstiegschneise, Waldfriedhof","proper GBIF citations were not initially included here and were added subsequently on 20 November 2020","Senckenberg. Herbarium Senckenbergianum (FR) - Fungi. Occurrence dataset https://doi.org/10.15468/0oaq5v accessed via GBIF.org on 2020-11-20.. Accessed from R via rgbif (https://github.com/ropensci/rgbif) on 2020-11-20","https://doi.org/10.15468/0oaq5v"
1675788121,"828a3d8c-f762-11e1-a439-00145eb45e9a",8.583734,50.077225,NA,2014,7,15,"Germany","218130",NA,"FR","Herbarium Senckenbergianum (FR) - Fungi","Untermainebene, Frankfurt, Schwanheim, Schwanheimer Wald, Rechte Wiese"" östl. der Schwanheimer Bahnstraße""","proper GBIF citations were not initially included here and were added subsequently on 20 November 2020","Senckenberg. Herbarium Senckenbergianum (FR) - Fungi. Occurrence dataset https://doi.org/10.15468/0oaq5v accessed via GBIF.org on 2020-11-20.. Accessed from R via rgbif (https://github.com/ropensci/rgbif) on 2020-11-20","https://doi.org/10.15468/0oaq5v"
2013152155,"7948250c-6958-4a29-a670-ed1015b26252",6.2542,58.3323,"Rogaland",2014,8,13,"Norway","223092","Jon T. Klepsland","O","L","Immerstein S (Rekefjord)","proper GBIF citations were not initially included here and were added subsequently on 20 November 2020","Natural History Museum, University of Oslo (2020). Lichen herbarium, Oslo (O). Version 1.1331. Occurrence dataset https://doi.org/10.15468/ktu7bj accessed via GBIF.org on 2020-11-20.. Accessed from R via rgbif (https://github.com/ropensci/rgbif) on 2020-11-20","https://doi.org/10.15468/ktu7bj"
1675788116,"828a3d8c-f762-11e1-a439-00145eb45e9a",8.5986,50.083889,NA,2014,9,24,"Germany","221194",NA,"FR","Herbarium Senckenbergianum (FR) - Fungi","Frankfurt, Schwanheimer Wald","proper GBIF citations were not initially included here and were added subsequently on 20 November 2020","Senckenberg. Herbarium Senckenbergianum (FR) - Fungi. Occurrence dataset https://doi.org/10.15468/0oaq5v accessed via GBIF.org on 2020-11-20.. Accessed from R via rgbif (https://github.com/ropensci/rgbif) on 2020-11-20","https://doi.org/10.15468/0oaq5v"
1061067479,"828a3d8c-f762-11e1-a439-00145eb45e9a",14.197367,50.946383,NA,2014,10,28,"Germany","38441",NA,"FR","Herbarium Senckenbergianum (FR) - Fungi","im Sebnitztal","proper GBIF citations were not initially included here and were added subsequently on 20 November 2020","Senckenberg. Herbarium Senckenbergianum (FR) - Fungi. Occurrence dataset https://doi.org/10.15468/0oaq5v accessed via GBIF.org on 2020-11-20.. Accessed from R via rgbif (https://github.com/ropensci/rgbif) on 2020-11-20","https://doi.org/10.15468/0oaq5v"
1675793864,"828a3d8c-f762-11e1-a439-00145eb45e9a",10.957317,47.668283,NA,2014,11,15,"Germany","264229",NA,"FR","Herbarium Senckenbergianum (FR) - Fungi","Regierungsbezirk Oberbayern, Landkreis Weilheim-Schongau, Gemeinde Wildsteig, Wildmoos bei Peustelsau (Probenfläche 894)","proper GBIF citations were not initially included here and were added subsequently on 20 November 2020","Senckenberg. Herbarium Senckenbergianum (FR) - Fungi. Occurrence dataset https://doi.org/10.15468/0oaq5v accessed via GBIF.org on 2020-11-20.. Accessed from R via rgbif (https://github.com/ropensci/rgbif) on 2020-11-20","https://doi.org/10.15468/0oaq5v"
1675793877,"828a3d8c-f762-11e1-a439-00145eb45e9a",11.141717,47.636317,NA,2014,11,15,"Germany","264165",NA,"FR","Herbarium Senckenbergianum (FR) - Fungi","Regierungsbezirk Oberbayern, Landkreis Garmisch-Partenkirchen, Gemeinde Schwaigen, Murnauer Moos, Bärenfilz (Probenfläche 891)","proper GBIF citations were not initially included here and were added subsequently on 20 November 2020","Senckenberg. Herbarium Senckenbergianum (FR) - Fungi. Occurrence dataset https://doi.org/10.15468/0oaq5v accessed via GBIF.org on 2020-11-20.. Accessed from R via rgbif (https://github.com/ropensci/rgbif) on 2020-11-20","https://doi.org/10.15468/0oaq5v"
2411050734,"b124e1e0-4755-430f-9eab-894f25a9b59c",5.873509,58.930475,"Rogaland",2014,11,11,"Norway","12374269","Endre Nygaard","nbf","so2-lichens","Hetland, Sandnes, Ro","proper GBIF citations were not initially included here and were added subsequently on 20 November 2020","The Norwegian Biodiversity Information Centre ., Hoem S (2020). Norwegian Species Observation Service. Version 1.107. The Norwegian Biodiversity Information Centre (NBIC). Occurrence dataset https://doi.org/10.15468/zjbzel accessed via GBIF.org on 2020-11-20.. Accessed from R via rgbif (https://github.com/ropensci/rgbif) on 2020-11-20","https://doi.org/10.15468/zjbzel"
1675794591,"828a3d8c-f762-11e1-a439-00145eb45e9a",14.8564,51.0692,NA,2013,4,23,"Germany","35035-776",NA,"FR","Herbarium Senckenbergianum (FR) - Fungi","Schönau-Berzdorf, Waldbachtal","proper GBIF citations were not initially included here and were added subsequently on 20 November 2020","Senckenberg. Herbarium Senckenbergianum (FR) - Fungi. Occurrence dataset https://doi.org/10.15468/0oaq5v accessed via GBIF.org on 2020-11-20.. Accessed from R via rgbif (https://github.com/ropensci/rgbif) on 2020-11-20","https://doi.org/10.15468/0oaq5v"
1675788213,"828a3d8c-f762-11e1-a439-00145eb45e9a",-1.630283,43.316667,NA,2013,6,25,"France","42748",NA,"FR","Herbarium Senckenbergianum (FR) - Fungi","La Rhune, Nordseite, Forêt Tourbiere","proper GBIF citations were not initially included here and were added subsequently on 20 November 2020","Senckenberg. Herbarium Senckenbergianum (FR) - Fungi. Occurrence dataset https://doi.org/10.15468/0oaq5v accessed via GBIF.org on 2020-11-20.. Accessed from R via rgbif (https://github.com/ropensci/rgbif) on 2020-11-20","https://doi.org/10.15468/0oaq5v"
1675788219,"828a3d8c-f762-11e1-a439-00145eb45e9a",-1.20945,43.06,NA,2013,6,26,"France","42984",NA,"FR","Herbarium Senckenbergianum (FR) - Fungi","unterhalb von Uztarrazu","proper GBIF citations were not initially included here and were added subsequently on 20 November 2020","Senckenberg. Herbarium Senckenbergianum (FR) - Fungi. Occurrence dataset https://doi.org/10.15468/0oaq5v accessed via GBIF.org on 2020-11-20.. Accessed from R via rgbif (https://github.com/ropensci/rgbif) on 2020-11-20","https://doi.org/10.15468/0oaq5v"
1675788271,"828a3d8c-f762-11e1-a439-00145eb45e9a",-1.63275,43.316867,NA,2013,6,25,"France","42651",NA,"FR","Herbarium Senckenbergianum (FR) - Fungi","La Rhune (Berg), Nordseite","proper GBIF citations were not initially included here and were added subsequently on 20 November 2020","Senckenberg. Herbarium Senckenbergianum (FR) - Fungi. Occurrence dataset https://doi.org/10.15468/0oaq5v accessed via GBIF.org on 2020-11-20.. Accessed from R via rgbif (https://github.com/ropensci/rgbif) on 2020-11-20","https://doi.org/10.15468/0oaq5v"
1675788277,"828a3d8c-f762-11e1-a439-00145eb45e9a",-1.400833,43.313617,NA,2013,6,24,"France","42504",NA,"FR","Herbarium Senckenbergianum (FR) - Fungi","Laxiatal bei Itxassou, kurz vor der Mündung in die Nive","proper GBIF citations were not initially included here and were added subsequently on 20 November 2020","Senckenberg. Herbarium Senckenbergianum (FR) - Fungi. Occurrence dataset https://doi.org/10.15468/0oaq5v accessed via GBIF.org on 2020-11-20.. Accessed from R via rgbif (https://github.com/ropensci/rgbif) on 2020-11-20","https://doi.org/10.15468/0oaq5v"
1675788280,"828a3d8c-f762-11e1-a439-00145eb45e9a",-1.401383,43.313333,NA,2013,6,24,"France","42497",NA,"FR","Herbarium Senckenbergianum (FR) - Fungi","Laxiatal bei Itxassou, kurz vor der Mündung in die Nive","proper GBIF citations were not initially included here and were added subsequently on 20 November 2020","Senckenberg. Herbarium Senckenbergianum (FR) - Fungi. Occurrence dataset https://doi.org/10.15468/0oaq5v accessed via GBIF.org on 2020-11-20.. Accessed from R via rgbif (https://github.com/ropensci/rgbif) on 2020-11-20","https://doi.org/10.15468/0oaq5v"
1675788281,"828a3d8c-f762-11e1-a439-00145eb45e9a",-1.631583,43.31395,NA,2013,6,25,"France","42645",NA,"FR","Herbarium Senckenbergianum (FR) - Fungi","La Rhune (Berg), Nordseite","proper GBIF citations were not initially included here and were added subsequently on 20 November 2020","Senckenberg. Herbarium Senckenbergianum (FR) - Fungi. Occurrence dataset https://doi.org/10.15468/0oaq5v accessed via GBIF.org on 2020-11-20.. Accessed from R via rgbif (https://github.com/ropensci/rgbif) on 2020-11-20","https://doi.org/10.15468/0oaq5v"
1041902225,"78c1a71e-abb2-49cf-abc8-efafb981b0e4",5.5599,58.6806,"Rogaland",2013,9,13,"Norway","652038/1","Harald Vik-Mo","TRH","L","Nærlandsparken.","proper GBIF citations were not initially included here and were added subsequently on 20 November 2020","NTNU University Museum (2020). Lichen herbarium TRH, NTNU University Museum. Version 10.1219. Occurrence dataset https://doi.org/10.15468/pbejbi accessed via GBIF.org on 2020-11-20.. Accessed from R via rgbif (https://github.com/ropensci/rgbif) on 2020-11-20","https://doi.org/10.15468/pbejbi"
1040971206,"7948250c-6958-4a29-a670-ed1015b26252",5.795,59.3453,"Rogaland",2013,10,7,"Norway","194671","Torbjørn Høitomt","O","L","Tveit vidaregåande skule","proper GBIF citations were not initially included here and were added subsequently on 20 November 2020","Natural History Museum, University of Oslo (2020). Lichen herbarium, Oslo (O). Version 1.1331. Occurrence dataset https://doi.org/10.15468/ktu7bj accessed via GBIF.org on 2020-11-20.. Accessed from R via rgbif (https://github.com/ropensci/rgbif) on 2020-11-20","https://doi.org/10.15468/ktu7bj"
1040971224,"7948250c-6958-4a29-a670-ed1015b26252",5.8869,58.7698,"Rogaland",2013,10,11,"Norway","194674","Torbjørn Høitomt","O","L","Limagarden","proper GBIF citations were not initially included here and were added subsequently on 20 November 2020","Natural History Museum, University of Oslo (2020). Lichen herbarium, Oslo (O). Version 1.1331. Occurrence dataset https://doi.org/10.15468/ktu7bj accessed via GBIF.org on 2020-11-20.. Accessed from R via rgbif (https://github.com/ropensci/rgbif) on 2020-11-20","https://doi.org/10.15468/ktu7bj"
1052816568,"828a3d8c-f762-11e1-a439-00145eb45e9a",14.29805,50.910417,NA,2013,10,29,"Germany","38503",NA,"FR","Herbarium Senckenbergianum (FR) - Fungi","Großer Zschand, beim Zeughaus","proper GBIF citations were not initially included here and were added subsequently on 20 November 2020","Senckenberg. Herbarium Senckenbergianum (FR) - Fungi. Occurrence dataset https://doi.org/10.15468/0oaq5v accessed via GBIF.org on 2020-11-20.. Accessed from R via rgbif (https://github.com/ropensci/rgbif) on 2020-11-20","https://doi.org/10.15468/0oaq5v"
1054220598,"2e4cc37b-302e-4f1b-bbbb-1f674ff90e14",5.794949,59.34529,"Rogaland",2013,10,7,"Norway","L1977Høi","Høitomt, Torbjørn","BioFokus","BioFokus","Tveit vidaregåande skule","proper GBIF citations were not initially included here and were added subsequently on 20 November 2020","Blindheim T (2020). BioFokus. Version 1.1574. BioFokus. Occurrence dataset https://doi.org/10.15468/jxbhqx accessed via GBIF.org on 2020-11-20.. Accessed from R via rgbif (https://github.com/ropensci/rgbif) on 2020-11-20","https://doi.org/10.15468/jxbhqx"
1054220602,"2e4cc37b-302e-4f1b-bbbb-1f674ff90e14",5.886971,58.769813,"Rogaland",2013,10,11,"Norway","L1999Høi","Høitomt, Torbjørn","BioFokus","BioFokus","Limagarden","proper GBIF citations were not initially included here and were added subsequently on 20 November 2020","Blindheim T (2020). BioFokus. Version 1.1574. BioFokus. Occurrence dataset https://doi.org/10.15468/jxbhqx accessed via GBIF.org on 2020-11-20.. Accessed from R via rgbif (https://github.com/ropensci/rgbif) on 2020-11-20","https://doi.org/10.15468/jxbhqx"
1040971163,"7948250c-6958-4a29-a670-ed1015b26252",5.8148,58.9246,"Rogaland",2012,10,3,"Norway","194644","Tom H. Hofton","O","L","Li skog ved Riska","proper GBIF citations were not initially included here and were added subsequently on 20 November 2020","Natural History Museum, University of Oslo (2020). Lichen herbarium, Oslo (O). Version 1.1331. Occurrence dataset https://doi.org/10.15468/ktu7bj accessed via GBIF.org on 2020-11-20.. Accessed from R via rgbif (https://github.com/ropensci/rgbif) on 2020-11-20","https://doi.org/10.15468/ktu7bj"
1040971170,"7948250c-6958-4a29-a670-ed1015b26252",5.7806,58.8789,"Rogaland",2012,10,2,"Norway","194639","Tom H. Hofton","O","L","Vassfjellet NV","proper GBIF citations were not initially included here and were added subsequently on 20 November 2020","Natural History Museum, University of Oslo (2020). Lichen herbarium, Oslo (O). Version 1.1331. Occurrence dataset https://doi.org/10.15468/ktu7bj accessed via GBIF.org on 2020-11-20.. Accessed from R via rgbif (https://github.com/ropensci/rgbif) on 2020-11-20","https://doi.org/10.15468/ktu7bj"
1054020231,"2e4cc37b-302e-4f1b-bbbb-1f674ff90e14",5.780589,58.878932,"Rogaland",2012,10,2,"Norway","THH12569","Hofton, Tom H.","BioFokus","BioFokus","Vassfjellet NV","proper GBIF citations were not initially included here and were added subsequently on 20 November 2020","Blindheim T (2020). BioFokus. Version 1.1574. BioFokus. Occurrence dataset https://doi.org/10.15468/jxbhqx accessed via GBIF.org on 2020-11-20.. Accessed from R via rgbif (https://github.com/ropensci/rgbif) on 2020-11-20","https://doi.org/10.15468/jxbhqx"
1054020309,"2e4cc37b-302e-4f1b-bbbb-1f674ff90e14",5.814725,58.924643,"Rogaland",2012,10,3,"Norway","THH12575","Hofton, Tom H.","BioFokus","BioFokus","Li skog ved Riska","proper GBIF citations were not initially included here and were added subsequently on 20 November 2020","Blindheim T (2020). BioFokus. Version 1.1574. BioFokus. Occurrence dataset https://doi.org/10.15468/jxbhqx accessed via GBIF.org on 2020-11-20.. Accessed from R via rgbif (https://github.com/ropensci/rgbif) on 2020-11-20","https://doi.org/10.15468/jxbhqx"
1324741794,"fb1ecd28-f09e-4747-8bde-0b3d7a6f78d1",6.1851,58.83819,"Rogaland",2011,5,30,"Norway","96002","Johnsen, J.I. & Jordal, J.B.","BG","L","ved Dirdalsosen","proper GBIF citations were not initially included here and were added subsequently on 20 November 2020","University of Bergen: University Museum (2020). Lichen herbarium, UiB. Version 1.926. Occurrence dataset https://doi.org/10.15468/gpfklm accessed via GBIF.org on 2020-11-20.. Accessed from R via rgbif (https://github.com/ropensci/rgbif) on 2020-11-20","https://doi.org/10.15468/gpfklm"
911979333,"828a3d8c-f762-11e1-a439-00145eb45e9a",13.87195,51.517783,NA,2011,8,3,"Germany","29516",NA,"FR","Herbarium Senckenbergianum (FR) - Fungi","Schipkau","proper GBIF citations were not initially included here and were added subsequently on 20 November 2020","Senckenberg. Herbarium Senckenbergianum (FR) - Fungi. Occurrence dataset https://doi.org/10.15468/0oaq5v accessed via GBIF.org on 2020-11-20.. Accessed from R via rgbif (https://github.com/ropensci/rgbif) on 2020-11-20","https://doi.org/10.15468/0oaq5v"
1054123809,"2e4cc37b-302e-4f1b-bbbb-1f674ff90e14",6.310184,58.347204,"Rogaland",2010,7,13,"Norway","JK10-L505","Klepsland, Jon T.","BioFokus","BioFokus","Sokndal Ø","proper GBIF citations were not initially included here and were added subsequently on 20 November 2020","Blindheim T (2020). BioFokus. Version 1.1574. BioFokus. Occurrence dataset https://doi.org/10.15468/jxbhqx accessed via GBIF.org on 2020-11-20.. Accessed from R via rgbif (https://github.com/ropensci/rgbif) on 2020-11-20","https://doi.org/10.15468/jxbhqx"
1054124030,"2e4cc37b-302e-4f1b-bbbb-1f674ff90e14",6.178304,59.147535,"Rogaland",2010,7,16,"Norway","JK10-L239","Klepsland, Jon T.","BioFokus","BioFokus","Storåna ved Mele","proper GBIF citations were not initially included here and were added subsequently on 20 November 2020","Blindheim T (2020). BioFokus. Version 1.1574. BioFokus. Occurrence dataset https://doi.org/10.15468/jxbhqx accessed via GBIF.org on 2020-11-20.. Accessed from R via rgbif (https://github.com/ropensci/rgbif) on 2020-11-20","https://doi.org/10.15468/jxbhqx"
919260563,"7948250c-6958-4a29-a670-ed1015b26252",6.3102,58.3472,"Rogaland",2010,7,13,"Norway","175119","Jon T. Klepsland","O","L","Sokndal Ø","proper GBIF citations were not initially included here and were added subsequently on 20 November 2020","Natural History Museum, University of Oslo (2020). Lichen herbarium, Oslo (O). Version 1.1331. Occurrence dataset https://doi.org/10.15468/ktu7bj accessed via GBIF.org on 2020-11-20.. Accessed from R via rgbif (https://github.com/ropensci/rgbif) on 2020-11-20","https://doi.org/10.15468/ktu7bj"
919260720,"7948250c-6958-4a29-a670-ed1015b26252",6.1784,59.1476,"Rogaland",2010,7,16,"Norway","175133","Jon T. Klepsland","O","L","Storåna ved Mele","proper GBIF citations were not initially included here and were added subsequently on 20 November 2020","Natural History Museum, University of Oslo (2020). Lichen herbarium, Oslo (O). Version 1.1331. Occurrence dataset https://doi.org/10.15468/ktu7bj accessed via GBIF.org on 2020-11-20.. Accessed from R via rgbif (https://github.com/ropensci/rgbif) on 2020-11-20","https://doi.org/10.15468/ktu7bj"
1324740989,"fb1ecd28-f09e-4747-8bde-0b3d7a6f78d1",6.25015,58.34446,"Rogaland",2010,9,27,"Norway","94425","Johnsen, J.I.","BG","L","Stølen","proper GBIF citations were not initially included here and were added subsequently on 20 November 2020","University of Bergen: University Museum (2020). Lichen herbarium, UiB. Version 1.926. Occurrence dataset https://doi.org/10.15468/gpfklm accessed via GBIF.org on 2020-11-20.. Accessed from R via rgbif (https://github.com/ropensci/rgbif) on 2020-11-20","https://doi.org/10.15468/gpfklm"
1324741007,"fb1ecd28-f09e-4747-8bde-0b3d7a6f78d1",6.27143,58.3566,"Rogaland",2010,9,24,"Norway","94447","Johnsen, J.I. & Jordal, J.B.","BG","L","SV av Rossland","proper GBIF citations were not initially included here and were added subsequently on 20 November 2020","University of Bergen: University Museum (2020). Lichen herbarium, UiB. Version 1.926. Occurrence dataset https://doi.org/10.15468/gpfklm accessed via GBIF.org on 2020-11-20.. Accessed from R via rgbif (https://github.com/ropensci/rgbif) on 2020-11-20","https://doi.org/10.15468/gpfklm"
1324741710,"fb1ecd28-f09e-4747-8bde-0b3d7a6f78d1",6.27143,58.3566,"Rogaland",2010,9,24,"Norway","95779","Johnsen, J.I. & Jordal, J.B.","BG","L","SV-av Rosseland","proper GBIF citations were not initially included here and were added subsequently on 20 November 2020","University of Bergen: University Museum (2020). Lichen herbarium, UiB. Version 1.926. Occurrence dataset https://doi.org/10.15468/gpfklm accessed via GBIF.org on 2020-11-20.. Accessed from R via rgbif (https://github.com/ropensci/rgbif) on 2020-11-20","https://doi.org/10.15468/gpfklm"
1675794539,"828a3d8c-f762-11e1-a439-00145eb45e9a",39.930283,44.2068,NA,2007,8,25,"Russian Federation","46638-862",NA,"FR","Herbarium Senckenbergianum (FR) - Fungi","Schlucht Guamskoe nördlich der Siedlung Mesmaî","proper GBIF citations were not initially included here and were added subsequently on 20 November 2020","Senckenberg. Herbarium Senckenbergianum (FR) - Fungi. Occurrence dataset https://doi.org/10.15468/0oaq5v accessed via GBIF.org on 2020-11-20.. Accessed from R via rgbif (https://github.com/ropensci/rgbif) on 2020-11-20","https://doi.org/10.15468/0oaq5v"
919284679,"7948250c-6958-4a29-a670-ed1015b26252",-5.8258,56.9627,"Scotland",2004,7,11,"United Kingdom","135016","S. Rui, E. Timdal","O","L","Highland: beach just south of Morar","proper GBIF citations were not initially included here and were added subsequently on 20 November 2020","Natural History Museum, University of Oslo (2020). Lichen herbarium, Oslo (O). Version 1.1331. Occurrence dataset https://doi.org/10.15468/ktu7bj accessed via GBIF.org on 2020-11-20.. Accessed from R via rgbif (https://github.com/ropensci/rgbif) on 2020-11-20","https://doi.org/10.15468/ktu7bj"
919284680,"7948250c-6958-4a29-a670-ed1015b26252",-5.8258,56.9627,"Scotland",2004,7,11,"United Kingdom","135015","S. Rui, E. Timdal","O","L","Highland: beach just south of Morar","proper GBIF citations were not initially included here and were added subsequently on 20 November 2020","Natural History Museum, University of Oslo (2020). Lichen herbarium, Oslo (O). Version 1.1331. Occurrence dataset https://doi.org/10.15468/ktu7bj accessed via GBIF.org on 2020-11-20.. Accessed from R via rgbif (https://github.com/ropensci/rgbif) on 2020-11-20","https://doi.org/10.15468/ktu7bj"
919284771,"7948250c-6958-4a29-a670-ed1015b26252",-4.6382,56.103,"Scotland",2004,7,13,"United Kingdom","135028","S. Rui, E. Timdal","O","L","Argyll & Bute: Loch Lomond, Luss","proper GBIF citations were not initially included here and were added subsequently on 20 November 2020","Natural History Museum, University of Oslo (2020). Lichen herbarium, Oslo (O). Version 1.1331. Occurrence dataset https://doi.org/10.15468/ktu7bj accessed via GBIF.org on 2020-11-20.. Accessed from R via rgbif (https://github.com/ropensci/rgbif) on 2020-11-20","https://doi.org/10.15468/ktu7bj"
788548395,"aab0cf80-0c64-11dd-84d1-b8a03c50a862",-3.80858,50.76356,"England",1997,8,20,"United Kingdom","1305529","E. I. Kärnefelt","LD","General","No locality information available","proper GBIF citations were not initially included here and were added subsequently on 20 November 2020","Wittzell H, Shah M (2020). Lund Botanical Museum (LD). Lund Botanical Museum (LD). Occurrence dataset https://doi.org/10.15468/c4w4co accessed via GBIF.org on 2020-11-20.. Accessed from R via rgbif (https://github.com/ropensci/rgbif) on 2020-11-20","https://doi.org/10.15468/c4w4co"
788548454,"aab0cf80-0c64-11dd-84d1-b8a03c50a862",-3.80858,50.76356,"England",1997,8,20,"United Kingdom","1305589","E. I. Kärnefelt","LD","General","No locality information available","proper GBIF citations were not initially included here and were added subsequently on 20 November 2020","Wittzell H, Shah M (2020). Lund Botanical Museum (LD). Lund Botanical Museum (LD). Occurrence dataset https://doi.org/10.15468/c4w4co accessed via GBIF.org on 2020-11-20.. Accessed from R via rgbif (https://github.com/ropensci/rgbif) on 2020-11-20","https://doi.org/10.15468/c4w4co"
20000773,"fb1ecd28-f09e-4747-8bde-0b3d7a6f78d1",5.59856,58.67029,"Rogaland",1995,3,6,"Norway","15263","Johnsen, J.I.","BG","L","Nesheim, near road RV 44","proper GBIF citations were not initially included here and were added subsequently on 20 November 2020","University of Bergen: University Museum (2020). Lichen herbarium, UiB. Version 1.926. Occurrence dataset https://doi.org/10.15468/gpfklm accessed via GBIF.org on 2020-11-20.. Accessed from R via rgbif (https://github.com/ropensci/rgbif) on 2020-11-20","https://doi.org/10.15468/gpfklm"
20051193,"fb1ecd28-f09e-4747-8bde-0b3d7a6f78d1",5.64055,58.65213,"Rogaland",1995,9,13,"Norway","34670","Johnsen, J.I.","BG","L","Nærbø, at Jærmuseet, in calves garden","proper GBIF citations were not initially included here and were added subsequently on 20 November 2020","University of Bergen: University Museum (2020). Lichen herbarium, UiB. Version 1.926. Occurrence dataset https://doi.org/10.15468/gpfklm accessed via GBIF.org on 2020-11-20.. Accessed from R via rgbif (https://github.com/ropensci/rgbif) on 2020-11-20","https://doi.org/10.15468/gpfklm"
919150109,"7948250c-6958-4a29-a670-ed1015b26252",6.6647,58.1762,"Vest-Agder",1993,5,28,"Norway","11417","R. Haugan, O. Pedersen","O","L","Lista, N-faced slope between Ellenes and Elle","proper GBIF citations were not initially included here and were added subsequently on 20 November 2020","Natural History Museum, University of Oslo (2020). Lichen herbarium, Oslo (O). Version 1.1331. Occurrence dataset https://doi.org/10.15468/ktu7bj accessed via GBIF.org on 2020-11-20.. Accessed from R via rgbif (https://github.com/ropensci/rgbif) on 2020-11-20","https://doi.org/10.15468/ktu7bj"
919189280,"7948250c-6958-4a29-a670-ed1015b26252",7.6998,58.0957,"Vest-Agder",1993,5,27,"Norway","55806","R. Haugan","O","L","S faced slope N of state road E18 W of Lindlia","proper GBIF citations were not initially included here and were added subsequently on 20 November 2020","Natural History Museum, University of Oslo (2020). Lichen herbarium, Oslo (O). Version 1.1331. Occurrence dataset https://doi.org/10.15468/ktu7bj accessed via GBIF.org on 2020-11-20.. Accessed from R via rgbif (https://github.com/ropensci/rgbif) on 2020-11-20","https://doi.org/10.15468/ktu7bj"
20000780,"fb1ecd28-f09e-4747-8bde-0b3d7a6f78d1",6.02986,58.8935,"Rogaland",1993,8,4,"Norway","15553","Øvstedal, D.O.","BG","L","Høle, Bjønnbåsen","proper GBIF citations were not initially included here and were added subsequently on 20 November 2020","University of Bergen: University Museum (2020). Lichen herbarium, UiB. Version 1.926. Occurrence dataset https://doi.org/10.15468/gpfklm accessed via GBIF.org on 2020-11-20.. Accessed from R via rgbif (https://github.com/ropensci/rgbif) on 2020-11-20","https://doi.org/10.15468/gpfklm"
20000774,"fb1ecd28-f09e-4747-8bde-0b3d7a6f78d1",5.62054,58.62144,"Rogaland",1993,10,24,"Norway","15265","Johnsen, J.I.","BG","L","near rivulet Tvihaugbekken","proper GBIF citations were not initially included here and were added subsequently on 20 November 2020","University of Bergen: University Museum (2020). Lichen herbarium, UiB. Version 1.926. Occurrence dataset https://doi.org/10.15468/gpfklm accessed via GBIF.org on 2020-11-20.. Accessed from R via rgbif (https://github.com/ropensci/rgbif) on 2020-11-20","https://doi.org/10.15468/gpfklm"
1041929551,"78c1a71e-abb2-49cf-abc8-efafb981b0e4",5.79,59.6032,"Rogaland",1993,11,19,"Norway","45117/1","Tor Tønsberg","TRH","L","Between Ølen and Ølensvåg, between State road 11 and fjord Ølensjøen","proper GBIF citations were not initially included here and were added subsequently on 20 November 2020","NTNU University Museum (2020). Lichen herbarium TRH, NTNU University Museum. Version 10.1219. Occurrence dataset https://doi.org/10.15468/pbejbi accessed via GBIF.org on 2020-11-20.. Accessed from R via rgbif (https://github.com/ropensci/rgbif) on 2020-11-20","https://doi.org/10.15468/pbejbi"
20000835,"fb1ecd28-f09e-4747-8bde-0b3d7a6f78d1",5.78841,59.60264,"Rogaland",1993,11,19,"Norway","24936","Tønsberg, T.","BG","L","between Ølen and Ølensvåg, between State road 11 and fjord Ølenssjøen","proper GBIF citations were not initially included here and were added subsequently on 20 November 2020","University of Bergen: University Museum (2020). Lichen herbarium, UiB. Version 1.926. Occurrence dataset https://doi.org/10.15468/gpfklm accessed via GBIF.org on 2020-11-20.. Accessed from R via rgbif (https://github.com/ropensci/rgbif) on 2020-11-20","https://doi.org/10.15468/gpfklm"
20000850,"fb1ecd28-f09e-4747-8bde-0b3d7a6f78d1",5.65786,60.31608,"Hordaland",1993,11,12,"Norway","25019","Tønsberg, T.","BG","L","NE of farm Hope, Hopslia","proper GBIF citations were not initially included here and were added subsequently on 20 November 2020","University of Bergen: University Museum (2020). Lichen herbarium, UiB. Version 1.926. Occurrence dataset https://doi.org/10.15468/gpfklm accessed via GBIF.org on 2020-11-20.. Accessed from R via rgbif (https://github.com/ropensci/rgbif) on 2020-11-20","https://doi.org/10.15468/gpfklm"
20001169,"fb1ecd28-f09e-4747-8bde-0b3d7a6f78d1",5.65786,60.31608,"Hordaland",1993,11,12,"Norway","31396","Tønsberg, T.","BG","L","NE of farm Hope, Hopslia","proper GBIF citations were not initially included here and were added subsequently on 20 November 2020","University of Bergen: University Museum (2020). Lichen herbarium, UiB. Version 1.926. Occurrence dataset https://doi.org/10.15468/gpfklm accessed via GBIF.org on 2020-11-20.. Accessed from R via rgbif (https://github.com/ropensci/rgbif) on 2020-11-20","https://doi.org/10.15468/gpfklm"
919151440,"7948250c-6958-4a29-a670-ed1015b26252",5.79,59.6032,"Rogaland",1993,11,19,"Norway","12785","T. Tønsberg","O","L","Ølen: between Ølen og Ølensvåg, between State road 11 and fjord Ølensjøen","proper GBIF citations were not initially included here and were added subsequently on 20 November 2020","Natural History Museum, University of Oslo (2020). Lichen herbarium, Oslo (O). Version 1.1331. Occurrence dataset https://doi.org/10.15468/ktu7bj accessed via GBIF.org on 2020-11-20.. Accessed from R via rgbif (https://github.com/ropensci/rgbif) on 2020-11-20","https://doi.org/10.15468/ktu7bj"
20000638,"fb1ecd28-f09e-4747-8bde-0b3d7a6f78d1",5.52941,59.81848,"Hordaland",1991,1,21,"Norway","10731","Kavlie, T.","BG","L","Rommetveit, the garden of Stord Lærarhøgskule","proper GBIF citations were not initially included here and were added subsequently on 20 November 2020","University of Bergen: University Museum (2020). Lichen herbarium, UiB. Version 1.926. Occurrence dataset https://doi.org/10.15468/gpfklm accessed via GBIF.org on 2020-11-20.. Accessed from R via rgbif (https://github.com/ropensci/rgbif) on 2020-11-20","https://doi.org/10.15468/gpfklm"
2449359332,"85739778-f762-11e1-a439-00145eb45e9a",-7.9183,55.0083,NA,1991,7,16,"Ireland","42802","H. Sipman","B","Lichen Herbarium Berlin","IRELAND, Co. Donegal. VC 35. E of Glen Veagh National Park, along road from L. Veagh to L. Gartan. Grid ref. 24/0.2. Alt. c. 100 m.","proper GBIF citations were not initially included here and were added subsequently on 20 November 2020","Botanic Garden and Botanical Museum Berlin (2016). Lichens at Herbarium Berolinense, Berlin (B). Occurrence dataset https://doi.org/10.15468/gmyyyu accessed via GBIF.org on 2020-11-20.. Accessed from R via rgbif (https://github.com/ropensci/rgbif) on 2020-11-20","https://doi.org/10.15468/gmyyyu"
825501,"aab0cf80-0c64-11dd-84d1-b8a03c50a862",12.23321,57.20934,"Halland",1990,8,22,"Sweden","1086577","U. Arup & L. Fröberg","LD","General","No locality information available","proper GBIF citations were not initially included here and were added subsequently on 20 November 2020","Wittzell H, Shah M (2020). Lund Botanical Museum (LD). Lund Botanical Museum (LD). Occurrence dataset https://doi.org/10.15468/c4w4co accessed via GBIF.org on 2020-11-20.. Accessed from R via rgbif (https://github.com/ropensci/rgbif) on 2020-11-20","https://doi.org/10.15468/c4w4co"
20001051,"fb1ecd28-f09e-4747-8bde-0b3d7a6f78d1",5.66337,58.71115,"Rogaland",1989,1,13,"Norway","3008","Johnsen, J.I.","BG","L","østsiden av Smokkevatn","proper GBIF citations were not initially included here and were added subsequently on 20 November 2020","University of Bergen: University Museum (2020). Lichen herbarium, UiB. Version 1.926. Occurrence dataset https://doi.org/10.15468/gpfklm accessed via GBIF.org on 2020-11-20.. Accessed from R via rgbif (https://github.com/ropensci/rgbif) on 2020-11-20","https://doi.org/10.15468/gpfklm"
919150084,"7948250c-6958-4a29-a670-ed1015b26252",6.1542,58.3604,"Rogaland",1988,5,25,"Norway","11416","R. Haugan","O","L","Gyland","proper GBIF citations were not initially included here and were added subsequently on 20 November 2020","Natural History Museum, University of Oslo (2020). Lichen herbarium, Oslo (O). Version 1.1331. Occurrence dataset https://doi.org/10.15468/ktu7bj accessed via GBIF.org on 2020-11-20.. Accessed from R via rgbif (https://github.com/ropensci/rgbif) on 2020-11-20","https://doi.org/10.15468/ktu7bj"
919150071,"7948250c-6958-4a29-a670-ed1015b26252",5.784,59.6008,"Rogaland",1987,6,20,"Norway","11407","R. Haugan","O","L","Ølen: between Ølen and Ølensvåg, by the sea","proper GBIF citations were not initially included here and were added subsequently on 20 November 2020","Natural History Museum, University of Oslo (2020). Lichen herbarium, Oslo (O). Version 1.1331. Occurrence dataset https://doi.org/10.15468/ktu7bj accessed via GBIF.org on 2020-11-20.. Accessed from R via rgbif (https://github.com/ropensci/rgbif) on 2020-11-20","https://doi.org/10.15468/ktu7bj"
919150120,"7948250c-6958-4a29-a670-ed1015b26252",5.5338,59.7921,"Hordaland",1987,6,21,"Norway","11404","R. Haugan","O","L","Stord, E of Hysstad, 1.5 km N of Leirvik","proper GBIF citations were not initially included here and were added subsequently on 20 November 2020","Natural History Museum, University of Oslo (2020). Lichen herbarium, Oslo (O). Version 1.1331. Occurrence dataset https://doi.org/10.15468/ktu7bj accessed via GBIF.org on 2020-11-20.. Accessed from R via rgbif (https://github.com/ropensci/rgbif) on 2020-11-20","https://doi.org/10.15468/ktu7bj"
919150149,"7948250c-6958-4a29-a670-ed1015b26252",5.5338,59.7921,"Hordaland",1987,6,21,"Norway","11405","R. Haugan","O","L","Stord, E of Hysstad, 1.5 km N of Leirvik","proper GBIF citations were not initially included here and were added subsequently on 20 November 2020","Natural History Museum, University of Oslo (2020). Lichen herbarium, Oslo (O). Version 1.1331. Occurrence dataset https://doi.org/10.15468/ktu7bj accessed via GBIF.org on 2020-11-20.. Accessed from R via rgbif (https://github.com/ropensci/rgbif) on 2020-11-20","https://doi.org/10.15468/ktu7bj"
919150182,"7948250c-6958-4a29-a670-ed1015b26252",6.3741,58.8503,"Rogaland",1987,6,25,"Norway","11412","R. Haugan","O","L","by the bridge W of Bråland","proper GBIF citations were not initially included here and were added subsequently on 20 November 2020","Natural History Museum, University of Oslo (2020). Lichen herbarium, Oslo (O). Version 1.1331. Occurrence dataset https://doi.org/10.15468/ktu7bj accessed via GBIF.org on 2020-11-20.. Accessed from R via rgbif (https://github.com/ropensci/rgbif) on 2020-11-20","https://doi.org/10.15468/ktu7bj"
919150209,"7948250c-6958-4a29-a670-ed1015b26252",6.187,59.2327,"Rogaland",1987,6,24,"Norway","11413","R. Haugan","O","L","Hjelmen","proper GBIF citations were not initially included here and were added subsequently on 20 November 2020","Natural History Museum, University of Oslo (2020). Lichen herbarium, Oslo (O). Version 1.1331. Occurrence dataset https://doi.org/10.15468/ktu7bj accessed via GBIF.org on 2020-11-20.. Accessed from R via rgbif (https://github.com/ropensci/rgbif) on 2020-11-20","https://doi.org/10.15468/ktu7bj"
824486,"aab0cf80-0c64-11dd-84d1-b8a03c50a862",13.46333,55.92366,"Skåne",1987,7,24,"Sweden","1019650","Ulf Arup","LD","General","Ry","proper GBIF citations were not initially included here and were added subsequently on 20 November 2020","Wittzell H, Shah M (2020). Lund Botanical Museum (LD). Lund Botanical Museum (LD). Occurrence dataset https://doi.org/10.15468/c4w4co accessed via GBIF.org on 2020-11-20.. Accessed from R via rgbif (https://github.com/ropensci/rgbif) on 2020-11-20","https://doi.org/10.15468/c4w4co"
20002150,"fb1ecd28-f09e-4747-8bde-0b3d7a6f78d1",5.52473,59.86329,"Hordaland",1986,6,8,"Norway","4525","Tønsberg, T.","BG","L","Agdestein","proper GBIF citations were not initially included here and were added subsequently on 20 November 2020","University of Bergen: University Museum (2020). Lichen herbarium, UiB. Version 1.926. Occurrence dataset https://doi.org/10.15468/gpfklm accessed via GBIF.org on 2020-11-20.. Accessed from R via rgbif (https://github.com/ropensci/rgbif) on 2020-11-20","https://doi.org/10.15468/gpfklm"
2449363265,"85739778-f762-11e1-a439-00145eb45e9a",5.2283,52.4167,NA,1983,7,3,"Netherlands","113858","H. Sipman","B","Lichen Herbarium Berlin","THE NETHERLANDS, Flevoland: Zuidelijk Flevoland, E of De Block van Kuffeler. Grid 26.21.35+45. Elev. -3 m.","proper GBIF citations were not initially included here and were added subsequently on 20 November 2020","Botanic Garden and Botanical Museum Berlin (2016). Lichens at Herbarium Berolinense, Berlin (B). Occurrence dataset https://doi.org/10.15468/gmyyyu accessed via GBIF.org on 2020-11-20.. Accessed from R via rgbif (https://github.com/ropensci/rgbif) on 2020-11-20","https://doi.org/10.15468/gmyyyu"
1212125087,"85739778-f762-11e1-a439-00145eb45e9a",-9.1,42.8,NA,1981,8,5,"Spain","190766","A. Buschardt","B","Lichen Herbarium Berlin","SPANIEN, Galicia: Küste südlich Carnota, ca. 45 km westlich Santiago de Compostela.","proper GBIF citations were not initially included here and were added subsequently on 20 November 2020","Botanic Garden and Botanical Museum Berlin (2016). Lichens at Herbarium Berolinense, Berlin (B). Occurrence dataset https://doi.org/10.15468/gmyyyu accessed via GBIF.org on 2020-11-20.. Accessed from R via rgbif (https://github.com/ropensci/rgbif) on 2020-11-20","https://doi.org/10.15468/gmyyyu"
2449349162,"85739778-f762-11e1-a439-00145eb45e9a",-0.0833,48.35,NA,1980,7,10,"France","27903","H. Sipman","B","Lichen Herbarium Berlin","FRANCE, dép. Sarthe. Alpes Mancelles, near St.Léonard-des-Bois. Vallée de Misère, narrow valley with quartzite outcrops and screes, heathland and woodland. Alt. ca. 150 m.","proper GBIF citations were not initially included here and were added subsequently on 20 November 2020","Botanic Garden and Botanical Museum Berlin (2016). Lichens at Herbarium Berolinense, Berlin (B). Occurrence dataset https://doi.org/10.15468/gmyyyu accessed via GBIF.org on 2020-11-20.. Accessed from R via rgbif (https://github.com/ropensci/rgbif) on 2020-11-20","https://doi.org/10.15468/gmyyyu"
2449349166,"85739778-f762-11e1-a439-00145eb45e9a",-0.9,48.6333,NA,1980,7,12,"France","28065","H. Sipman","B","Lichen Herbarium Berlin","FRANCE, dép. Manche. E of Mortain. Rochers du Bouillant. Alt. ca. 200 m.","proper GBIF citations were not initially included here and were added subsequently on 20 November 2020","Botanic Garden and Botanical Museum Berlin (2016). Lichens at Herbarium Berolinense, Berlin (B). Occurrence dataset https://doi.org/10.15468/gmyyyu accessed via GBIF.org on 2020-11-20.. Accessed from R via rgbif (https://github.com/ropensci/rgbif) on 2020-11-20","https://doi.org/10.15468/gmyyyu"
2449350138,"85739778-f762-11e1-a439-00145eb45e9a",-0.05,48.2167,NA,1980,7,8,"France","27731","H. Sipman","B","Lichen Herbarium Berlin","FRANCE, dép. Sarthe. Forêt de Sillé-le-Guillaume. Bois de Pézé, entrance of forest on road from Montreuil to Pézé. Alt. ca. 200 m.","proper GBIF citations were not initially included here and were added subsequently on 20 November 2020","Botanic Garden and Botanical Museum Berlin (2016). Lichens at Herbarium Berolinense, Berlin (B). Occurrence dataset https://doi.org/10.15468/gmyyyu accessed via GBIF.org on 2020-11-20.. Accessed from R via rgbif (https://github.com/ropensci/rgbif) on 2020-11-20","https://doi.org/10.15468/gmyyyu"
2449350140,"85739778-f762-11e1-a439-00145eb45e9a",-0.0833,48.4333,NA,1980,7,10,"France","27948","H. Sipman","B","Lichen Herbarium Berlin","FRANCE, dép. Mayenne. Chapel Ste.Anne, ca. 15 km W of Alençon, near Champfrémont. Alt. 200 m.","proper GBIF citations were not initially included here and were added subsequently on 20 November 2020","Botanic Garden and Botanical Museum Berlin (2016). Lichens at Herbarium Berolinense, Berlin (B). Occurrence dataset https://doi.org/10.15468/gmyyyu accessed via GBIF.org on 2020-11-20.. Accessed from R via rgbif (https://github.com/ropensci/rgbif) on 2020-11-20","https://doi.org/10.15468/gmyyyu"
2449351169,"85739778-f762-11e1-a439-00145eb45e9a",-0.4833,48.6,NA,1980,7,13,"France","28121","H. Sipman","B","Lichen Herbarium Berlin","FRANCE, dép. Orne. Fôret de Andaines. Ruiseau de Mousse, NE of Ermitage. Alt. ca. 225 m.","proper GBIF citations were not initially included here and were added subsequently on 20 November 2020","Botanic Garden and Botanical Museum Berlin (2016). Lichens at Herbarium Berolinense, Berlin (B). Occurrence dataset https://doi.org/10.15468/gmyyyu accessed via GBIF.org on 2020-11-20.. Accessed from R via rgbif (https://github.com/ropensci/rgbif) on 2020-11-20","https://doi.org/10.15468/gmyyyu"
2449360151,"85739778-f762-11e1-a439-00145eb45e9a",-0.0833,48.35,NA,1980,7,10,"France","27936","H. Sipman","B","Lichen Herbarium Berlin","FRANCE, dép. Sarthe. Alpes Mancelles, near St.Léonard-des-Bois. Vallée de Misère, narrow valley with quartzite outcrops and screes, heathland and woodland. Alt. ca. 150 m.","proper GBIF citations were not initially included here and were added subsequently on 20 November 2020","Botanic Garden and Botanical Museum Berlin (2016). Lichens at Herbarium Berolinense, Berlin (B). Occurrence dataset https://doi.org/10.15468/gmyyyu accessed via GBIF.org on 2020-11-20.. Accessed from R via rgbif (https://github.com/ropensci/rgbif) on 2020-11-20","https://doi.org/10.15468/gmyyyu"
2449362163,"85739778-f762-11e1-a439-00145eb45e9a",-0.0833,48.35,NA,1980,7,10,"France","27884","H. Sipman","B","Lichen Herbarium Berlin","FRANCE, dép. Sarthe. Alpes Mancelles, near St.Léonard-des-Bois. NE-facing bank of road on W-bank of river Sarthe, towards Vallée de Misère. Alt. ca. 150 m.","proper GBIF citations were not initially included here and were added subsequently on 20 November 2020","Botanic Garden and Botanical Museum Berlin (2016). Lichens at Herbarium Berolinense, Berlin (B). Occurrence dataset https://doi.org/10.15468/gmyyyu accessed via GBIF.org on 2020-11-20.. Accessed from R via rgbif (https://github.com/ropensci/rgbif) on 2020-11-20","https://doi.org/10.15468/gmyyyu"
1041930090,"78c1a71e-abb2-49cf-abc8-efafb981b0e4",5.784,59.6008,"Rogaland",1978,7,30,"Norway","682570/1","Tor Tønsberg","TRH","L","Between Ølen and Ølensvåg","proper GBIF citations were not initially included here and were added subsequently on 20 November 2020","NTNU University Museum (2020). Lichen herbarium TRH, NTNU University Museum. Version 10.1219. Occurrence dataset https://doi.org/10.15468/pbejbi accessed via GBIF.org on 2020-11-20.. Accessed from R via rgbif (https://github.com/ropensci/rgbif) on 2020-11-20","https://doi.org/10.15468/pbejbi"
1041933260,"78c1a71e-abb2-49cf-abc8-efafb981b0e4",5.784,59.6008,"Rogaland",1978,7,30,"Norway","45116/1","Tor Tønsberg","TRH","L","Between Ølen and Ølensvåg","proper GBIF citations were not initially included here and were added subsequently on 20 November 2020","NTNU University Museum (2020). Lichen herbarium TRH, NTNU University Museum. Version 10.1219. Occurrence dataset https://doi.org/10.15468/pbejbi accessed via GBIF.org on 2020-11-20.. Accessed from R via rgbif (https://github.com/ropensci/rgbif) on 2020-11-20","https://doi.org/10.15468/pbejbi"
20002152,"fb1ecd28-f09e-4747-8bde-0b3d7a6f78d1",5.78244,59.60025,"Rogaland",1978,7,30,"Norway","4526","Tønsberg, T.","BG","L","[Ølen,] Mellom Ølen og Ølensvåg","proper GBIF citations were not initially included here and were added subsequently on 20 November 2020","University of Bergen: University Museum (2020). Lichen herbarium, UiB. Version 1.926. Occurrence dataset https://doi.org/10.15468/gpfklm accessed via GBIF.org on 2020-11-20.. Accessed from R via rgbif (https://github.com/ropensci/rgbif) on 2020-11-20","https://doi.org/10.15468/gpfklm"
824434,"aab0cf80-0c64-11dd-84d1-b8a03c50a862",5.7797,59.55753,"Rogaland",1978,7,30,"Norway","1018178","T. Tønsberg","LD","General","No locality information available","proper GBIF citations were not initially included here and were added subsequently on 20 November 2020","Wittzell H, Shah M (2020). Lund Botanical Museum (LD). Lund Botanical Museum (LD). Occurrence dataset https://doi.org/10.15468/c4w4co accessed via GBIF.org on 2020-11-20.. Accessed from R via rgbif (https://github.com/ropensci/rgbif) on 2020-11-20","https://doi.org/10.15468/c4w4co"
919150048,"7948250c-6958-4a29-a670-ed1015b26252",5.79,59.6032,"Rogaland",1978,7,30,"Norway","11406","T. Tønsberg","O","L","Ølen: mellom Ølen og Ølensvåg","proper GBIF citations were not initially included here and were added subsequently on 20 November 2020","Natural History Museum, University of Oslo (2020). Lichen herbarium, Oslo (O). Version 1.1331. Occurrence dataset https://doi.org/10.15468/ktu7bj accessed via GBIF.org on 2020-11-20.. Accessed from R via rgbif (https://github.com/ropensci/rgbif) on 2020-11-20","https://doi.org/10.15468/ktu7bj"
919150095,"7948250c-6958-4a29-a670-ed1015b26252",5.1918,59.5849,"Hordaland",1978,8,14,"Norway","11403","H. Krog, H. Østhagen","O","L","between Kalavåg and Sætravik","proper GBIF citations were not initially included here and were added subsequently on 20 November 2020","Natural History Museum, University of Oslo (2020). Lichen herbarium, Oslo (O). Version 1.1331. Occurrence dataset https://doi.org/10.15468/ktu7bj accessed via GBIF.org on 2020-11-20.. Accessed from R via rgbif (https://github.com/ropensci/rgbif) on 2020-11-20","https://doi.org/10.15468/ktu7bj"
919150037,"7948250c-6958-4a29-a670-ed1015b26252",5.6157,58.6259,"Rogaland",1977,6,NA,"Norway","11414","O. Jølle","O","L","lite elvesøkk NW for Varhaug","proper GBIF citations were not initially included here and were added subsequently on 20 November 2020","Natural History Museum, University of Oslo (2020). Lichen herbarium, Oslo (O). Version 1.1331. Occurrence dataset https://doi.org/10.15468/ktu7bj accessed via GBIF.org on 2020-11-20.. Accessed from R via rgbif (https://github.com/ropensci/rgbif) on 2020-11-20","https://doi.org/10.15468/ktu7bj"
919150062,"7948250c-6958-4a29-a670-ed1015b26252",5.7833,58.8638,"Rogaland",1977,6,NA,"Norway","11415","O. Jølle","O","L","NW for Vatneleiren","proper GBIF citations were not initially included here and were added subsequently on 20 November 2020","Natural History Museum, University of Oslo (2020). Lichen herbarium, Oslo (O). Version 1.1331. Occurrence dataset https://doi.org/10.15468/ktu7bj accessed via GBIF.org on 2020-11-20.. Accessed from R via rgbif (https://github.com/ropensci/rgbif) on 2020-11-20","https://doi.org/10.15468/ktu7bj"
919150093,"7948250c-6958-4a29-a670-ed1015b26252",6.1403,58.5308,"Rogaland",1977,7,NA,"Norway","11408","O. Jølle","O","L","Byrkjeland","proper GBIF citations were not initially included here and were added subsequently on 20 November 2020","Natural History Museum, University of Oslo (2020). Lichen herbarium, Oslo (O). Version 1.1331. Occurrence dataset https://doi.org/10.15468/ktu7bj accessed via GBIF.org on 2020-11-20.. Accessed from R via rgbif (https://github.com/ropensci/rgbif) on 2020-11-20","https://doi.org/10.15468/ktu7bj"
919150119,"7948250c-6958-4a29-a670-ed1015b26252",5.9899,58.4824,"Rogaland",1977,7,NA,"Norway","11409","O. Jølle","O","L","Tengs","proper GBIF citations were not initially included here and were added subsequently on 20 November 2020","Natural History Museum, University of Oslo (2020). Lichen herbarium, Oslo (O). Version 1.1331. Occurrence dataset https://doi.org/10.15468/ktu7bj accessed via GBIF.org on 2020-11-20.. Accessed from R via rgbif (https://github.com/ropensci/rgbif) on 2020-11-20","https://doi.org/10.15468/ktu7bj"
919150133,"7948250c-6958-4a29-a670-ed1015b26252",5.9035,58.4893,"Rogaland",1977,7,NA,"Norway","11410","O. Jølle","O","L","Eigersund, mellom rv. 44 og Netland","proper GBIF citations were not initially included here and were added subsequently on 20 November 2020","Natural History Museum, University of Oslo (2020). Lichen herbarium, Oslo (O). Version 1.1331. Occurrence dataset https://doi.org/10.15468/ktu7bj accessed via GBIF.org on 2020-11-20.. Accessed from R via rgbif (https://github.com/ropensci/rgbif) on 2020-11-20","https://doi.org/10.15468/ktu7bj"
919150134,"7948250c-6958-4a29-a670-ed1015b26252",6.8097,58.2654,"Vest-Agder",1977,8,NA,"Norway","11418","O. Jølle","O","L","kolle V for Feda sentrum","proper GBIF citations were not initially included here and were added subsequently on 20 November 2020","Natural History Museum, University of Oslo (2020). Lichen herbarium, Oslo (O). Version 1.1331. Occurrence dataset https://doi.org/10.15468/ktu7bj accessed via GBIF.org on 2020-11-20.. Accessed from R via rgbif (https://github.com/ropensci/rgbif) on 2020-11-20","https://doi.org/10.15468/ktu7bj"
919150159,"7948250c-6958-4a29-a670-ed1015b26252",5.9899,58.4824,"Rogaland",1977,8,NA,"Norway","11411","O. Jølle","O","L","Tengs langs elva","proper GBIF citations were not initially included here and were added subsequently on 20 November 2020","Natural History Museum, University of Oslo (2020). Lichen herbarium, Oslo (O). Version 1.1331. Occurrence dataset https://doi.org/10.15468/ktu7bj accessed via GBIF.org on 2020-11-20.. Accessed from R via rgbif (https://github.com/ropensci/rgbif) on 2020-11-20","https://doi.org/10.15468/ktu7bj"
2449367286,"85739778-f762-11e1-a439-00145eb45e9a",6.1167,53.25,NA,1977,9,24,"Netherlands","113041","H. Sipman","B","Lichen Herbarium Berlin","THE NETHERLANDS, Friesland: Kollumerland, Estate Vogelenzangstate, near Veenklooster, W of Buitenpost. Elev. c. 5 m.","proper GBIF citations were not initially included here and were added subsequently on 20 November 2020","Botanic Garden and Botanical Museum Berlin (2016). Lichens at Herbarium Berolinense, Berlin (B). Occurrence dataset https://doi.org/10.15468/gmyyyu accessed via GBIF.org on 2020-11-20.. Accessed from R via rgbif (https://github.com/ropensci/rgbif) on 2020-11-20","https://doi.org/10.15468/gmyyyu"
788545837,"aab0cf80-0c64-11dd-84d1-b8a03c50a862",10.776389,47.538611,"Bayern",1968,8,28,"Germany","1302967","A. Schröppel","LD","General","Bleckenau","proper GBIF citations were not initially included here and were added subsequently on 20 November 2020","Wittzell H, Shah M (2020). Lund Botanical Museum (LD). Lund Botanical Museum (LD). Occurrence dataset https://doi.org/10.15468/c4w4co accessed via GBIF.org on 2020-11-20.. Accessed from R via rgbif (https://github.com/ropensci/rgbif) on 2020-11-20","https://doi.org/10.15468/c4w4co"
788574362,"aab0cf80-0c64-11dd-84d1-b8a03c50a862",9.80583,54.18883,"Schleswig-Holstein",1950,4,30,"Germany","1332393","W. Saxen","LD","General","No locality information available","proper GBIF citations were not initially included here and were added subsequently on 20 November 2020","Wittzell H, Shah M (2020). Lund Botanical Museum (LD). Lund Botanical Museum (LD). Occurrence dataset https://doi.org/10.15468/c4w4co accessed via GBIF.org on 2020-11-20.. Accessed from R via rgbif (https://github.com/ropensci/rgbif) on 2020-11-20","https://doi.org/10.15468/c4w4co"
788574528,"aab0cf80-0c64-11dd-84d1-b8a03c50a862",9.80583,54.18883,"Schleswig-Holstein",1950,4,30,"Germany","1332573","W. Saxen","LD","General","No locality information available","proper GBIF citations were not initially included here and were added subsequently on 20 November 2020","Wittzell H, Shah M (2020). Lund Botanical Museum (LD). Lund Botanical Museum (LD). Occurrence dataset https://doi.org/10.15468/c4w4co accessed via GBIF.org on 2020-11-20.. Accessed from R via rgbif (https://github.com/ropensci/rgbif) on 2020-11-20","https://doi.org/10.15468/c4w4co"
788574641,"aab0cf80-0c64-11dd-84d1-b8a03c50a862",9.80583,54.18883,"Schleswig-Holstein",1950,4,30,"Germany","1332693","W. Saxen","LD","General","No locality information available","proper GBIF citations were not initially included here and were added subsequently on 20 November 2020","Wittzell H, Shah M (2020). Lund Botanical Museum (LD). Lund Botanical Museum (LD). Occurrence dataset https://doi.org/10.15468/c4w4co accessed via GBIF.org on 2020-11-20.. Accessed from R via rgbif (https://github.com/ropensci/rgbif) on 2020-11-20","https://doi.org/10.15468/c4w4co"
788550739,"aab0cf80-0c64-11dd-84d1-b8a03c50a862",9.80583,54.18883,"Schleswig-Holstein",1950,5,21,"Germany","1307887","W. Saxen","LD","General","No locality information available","proper GBIF citations were not initially included here and were added subsequently on 20 November 2020","Wittzell H, Shah M (2020). Lund Botanical Museum (LD). Lund Botanical Museum (LD). Occurrence dataset https://doi.org/10.15468/c4w4co accessed via GBIF.org on 2020-11-20.. Accessed from R via rgbif (https://github.com/ropensci/rgbif) on 2020-11-20","https://doi.org/10.15468/c4w4co"
788550799,"aab0cf80-0c64-11dd-84d1-b8a03c50a862",9.2975,54.407222,"Schleswig-Holstein",1950,5,28,"Germany","1307947","W. Saxen","LD","General","Wohlde","proper GBIF citations were not initially included here and were added subsequently on 20 November 2020","Wittzell H, Shah M (2020). Lund Botanical Museum (LD). Lund Botanical Museum (LD). Occurrence dataset https://doi.org/10.15468/c4w4co accessed via GBIF.org on 2020-11-20.. Accessed from R via rgbif (https://github.com/ropensci/rgbif) on 2020-11-20","https://doi.org/10.15468/c4w4co"
788553070,"aab0cf80-0c64-11dd-84d1-b8a03c50a862",-4.161389,48.3275,"Bretagne",1949,6,16,"France","1310227","Ove Almborn","LD","General","Hanvec","proper GBIF citations were not initially included here and were added subsequently on 20 November 2020","Wittzell H, Shah M (2020). Lund Botanical Museum (LD). Lund Botanical Museum (LD). Occurrence dataset https://doi.org/10.15468/c4w4co accessed via GBIF.org on 2020-11-20.. Accessed from R via rgbif (https://github.com/ropensci/rgbif) on 2020-11-20","https://doi.org/10.15468/c4w4co"
788553190,"aab0cf80-0c64-11dd-84d1-b8a03c50a862",2.707222,48.469167,"Île-de-France",1949,6,12,"France","1310347","Ove Almborn","LD","General","Bois-le-Roi","proper GBIF citations were not initially included here and were added subsequently on 20 November 2020","Wittzell H, Shah M (2020). Lund Botanical Museum (LD). Lund Botanical Museum (LD). Occurrence dataset https://doi.org/10.15468/c4w4co accessed via GBIF.org on 2020-11-20.. Accessed from R via rgbif (https://github.com/ropensci/rgbif) on 2020-11-20","https://doi.org/10.15468/c4w4co"
788580022,"aab0cf80-0c64-11dd-84d1-b8a03c50a862",9.340556,48.791667,"Baden-Württemberg",1948,3,13,"Germany","1338333","E. Putzler","LD","General","Stetten im Remstal","proper GBIF citations were not initially included here and were added subsequently on 20 November 2020","Wittzell H, Shah M (2020). Lund Botanical Museum (LD). Lund Botanical Museum (LD). Occurrence dataset https://doi.org/10.15468/c4w4co accessed via GBIF.org on 2020-11-20.. Accessed from R via rgbif (https://github.com/ropensci/rgbif) on 2020-11-20","https://doi.org/10.15468/c4w4co"
788571506,"aab0cf80-0c64-11dd-84d1-b8a03c50a862",10.305278,53.939167,"Schleswig-Holstein",1948,NA,NA,"Germany","1329393","Johannes Ullrich","LD","General","Bad Segeberg","proper GBIF citations were not initially included here and were added subsequently on 20 November 2020","Wittzell H, Shah M (2020). Lund Botanical Museum (LD). Lund Botanical Museum (LD). Occurrence dataset https://doi.org/10.15468/c4w4co accessed via GBIF.org on 2020-11-20.. Accessed from R via rgbif (https://github.com/ropensci/rgbif) on 2020-11-20","https://doi.org/10.15468/c4w4co"
824502,"aab0cf80-0c64-11dd-84d1-b8a03c50a862",13.93721,55.93126,"Skåne",1947,5,28,"Sweden","1020098","Ove Almborn","LD","General","No locality information available","proper GBIF citations were not initially included here and were added subsequently on 20 November 2020","Wittzell H, Shah M (2020). Lund Botanical Museum (LD). Lund Botanical Museum (LD). Occurrence dataset https://doi.org/10.15468/c4w4co accessed via GBIF.org on 2020-11-20.. Accessed from R via rgbif (https://github.com/ropensci/rgbif) on 2020-11-20","https://doi.org/10.15468/c4w4co"
824744,"aab0cf80-0c64-11dd-84d1-b8a03c50a862",10.537222,57.440833,"Jylland",1947,8,21,"Denmark","1028401","A. H. Magnusson","LD","General","No locality information available","proper GBIF citations were not initially included here and were added subsequently on 20 November 2020","Wittzell H, Shah M (2020). Lund Botanical Museum (LD). Lund Botanical Museum (LD). Occurrence dataset https://doi.org/10.15468/c4w4co accessed via GBIF.org on 2020-11-20.. Accessed from R via rgbif (https://github.com/ropensci/rgbif) on 2020-11-20","https://doi.org/10.15468/c4w4co"
825500,"aab0cf80-0c64-11dd-84d1-b8a03c50a862",12.55593,56.86838,"Halland",1947,8,3,"Sweden","1086513","Ove Almborn","LD","General","No locality information available","proper GBIF citations were not initially included here and were added subsequently on 20 November 2020","Wittzell H, Shah M (2020). Lund Botanical Museum (LD). Lund Botanical Museum (LD). Occurrence dataset https://doi.org/10.15468/c4w4co accessed via GBIF.org on 2020-11-20.. Accessed from R via rgbif (https://github.com/ropensci/rgbif) on 2020-11-20","https://doi.org/10.15468/c4w4co"
824734,"aab0cf80-0c64-11dd-84d1-b8a03c50a862",12.304444,55.931944,"Sjælland",1946,7,7,"Denmark","1028209","Ove Almborn","LD","General","No locality information available","proper GBIF citations were not initially included here and were added subsequently on 20 November 2020","Wittzell H, Shah M (2020). Lund Botanical Museum (LD). Lund Botanical Museum (LD). Occurrence dataset https://doi.org/10.15468/c4w4co accessed via GBIF.org on 2020-11-20.. Accessed from R via rgbif (https://github.com/ropensci/rgbif) on 2020-11-20","https://doi.org/10.15468/c4w4co"
825520,"aab0cf80-0c64-11dd-84d1-b8a03c50a862",10.548611,56.286389,"Jylland",1944,8,15,"Denmark","1087793","M. Skytte Christiansen","LD","General","No locality information available","proper GBIF citations were not initially included here and were added subsequently on 20 November 2020","Wittzell H, Shah M (2020). Lund Botanical Museum (LD). Lund Botanical Museum (LD). Occurrence dataset https://doi.org/10.15468/c4w4co accessed via GBIF.org on 2020-11-20.. Accessed from R via rgbif (https://github.com/ropensci/rgbif) on 2020-11-20","https://doi.org/10.15468/c4w4co"
824664,"aab0cf80-0c64-11dd-84d1-b8a03c50a862",13.51173,55.87403,"Skåne",1942,6,20,"Sweden","1027170","Ove Almborn","LD","General","No locality information available","proper GBIF citations were not initially included here and were added subsequently on 20 November 2020","Wittzell H, Shah M (2020). Lund Botanical Museum (LD). Lund Botanical Museum (LD). Occurrence dataset https://doi.org/10.15468/c4w4co accessed via GBIF.org on 2020-11-20.. Accessed from R via rgbif (https://github.com/ropensci/rgbif) on 2020-11-20","https://doi.org/10.15468/c4w4co"
824574,"aab0cf80-0c64-11dd-84d1-b8a03c50a862",13.33388,55.96332,"Skåne",1942,8,27,"Sweden","1023394","Stig Waldheim","LD","General","No locality information available","proper GBIF citations were not initially included here and were added subsequently on 20 November 2020","Wittzell H, Shah M (2020). Lund Botanical Museum (LD). Lund Botanical Museum (LD). Occurrence dataset https://doi.org/10.15468/c4w4co accessed via GBIF.org on 2020-11-20.. Accessed from R via rgbif (https://github.com/ropensci/rgbif) on 2020-11-20","https://doi.org/10.15468/c4w4co"
824436,"aab0cf80-0c64-11dd-84d1-b8a03c50a862",12.633349,56.425278,"Skåne",1942,9,10,"Sweden","1018242","Ove Almborn","LD","General","Torekov","proper GBIF citations were not initially included here and were added subsequently on 20 November 2020","Wittzell H, Shah M (2020). Lund Botanical Museum (LD). Lund Botanical Museum (LD). Occurrence dataset https://doi.org/10.15468/c4w4co accessed via GBIF.org on 2020-11-20.. Accessed from R via rgbif (https://github.com/ropensci/rgbif) on 2020-11-20","https://doi.org/10.15468/c4w4co"
825513,"aab0cf80-0c64-11dd-84d1-b8a03c50a862",12.01825,57.6459,"Västergötland",1937,5,31,"Sweden","1087345","Ove Almborn","LD","General","No locality information available","proper GBIF citations were not initially included here and were added subsequently on 20 November 2020","Wittzell H, Shah M (2020). Lund Botanical Museum (LD). Lund Botanical Museum (LD). Occurrence dataset https://doi.org/10.15468/c4w4co accessed via GBIF.org on 2020-11-20.. Accessed from R via rgbif (https://github.com/ropensci/rgbif) on 2020-11-20","https://doi.org/10.15468/c4w4co"
825514,"aab0cf80-0c64-11dd-84d1-b8a03c50a862",12.01825,57.6459,"Västergötland",1937,6,15,"Sweden","1087409","B. Hedvall","LD","General","No locality information available","proper GBIF citations were not initially included here and were added subsequently on 20 November 2020","Wittzell H, Shah M (2020). Lund Botanical Museum (LD). Lund Botanical Museum (LD). Occurrence dataset https://doi.org/10.15468/c4w4co accessed via GBIF.org on 2020-11-20.. Accessed from R via rgbif (https://github.com/ropensci/rgbif) on 2020-11-20","https://doi.org/10.15468/c4w4co"
825512,"aab0cf80-0c64-11dd-84d1-b8a03c50a862",12.01825,57.6459,"Västergötland",1932,6,1,"Sweden","1087281","G. Degelius & A. H. Magnusson","LD","General","No locality information available","proper GBIF citations were not initially included here and were added subsequently on 20 November 2020","Wittzell H, Shah M (2020). Lund Botanical Museum (LD). Lund Botanical Museum (LD). Occurrence dataset https://doi.org/10.15468/c4w4co accessed via GBIF.org on 2020-11-20.. Accessed from R via rgbif (https://github.com/ropensci/rgbif) on 2020-11-20","https://doi.org/10.15468/c4w4co"
788548573,"aab0cf80-0c64-11dd-84d1-b8a03c50a862",-8.455278,41.77,"Viana do Castelo",1920,9,NA,"Portugal","1305709","G. Sampaio","LD","General","Sá","proper GBIF citations were not initially included here and were added subsequently on 20 November 2020","Wittzell H, Shah M (2020). Lund Botanical Museum (LD). Lund Botanical Museum (LD). Occurrence dataset https://doi.org/10.15468/c4w4co accessed via GBIF.org on 2020-11-20.. Accessed from R via rgbif (https://github.com/ropensci/rgbif) on 2020-11-20","https://doi.org/10.15468/c4w4co"
788550679,"aab0cf80-0c64-11dd-84d1-b8a03c50a862",11.42322,48.9469,"Bayern",1896,8,NA,"Germany","1307827","F. Arnold","LD","General","No locality information available","proper GBIF citations were not initially included here and were added subsequently on 20 November 2020","Wittzell H, Shah M (2020). Lund Botanical Museum (LD). Lund Botanical Museum (LD). Occurrence dataset https://doi.org/10.15468/c4w4co accessed via GBIF.org on 2020-11-20.. Accessed from R via rgbif (https://github.com/ropensci/rgbif) on 2020-11-20","https://doi.org/10.15468/c4w4co"
788574252,"aab0cf80-0c64-11dd-84d1-b8a03c50a862",11.346667,47.936389,"Bayern",1893,6,18,"Germany","1332273","Arnold","LD","General","Allmannshausen","proper GBIF citations were not initially included here and were added subsequently on 20 November 2020","Wittzell H, Shah M (2020). Lund Botanical Museum (LD). Lund Botanical Museum (LD). Occurrence dataset https://doi.org/10.15468/c4w4co accessed via GBIF.org on 2020-11-20.. Accessed from R via rgbif (https://github.com/ropensci/rgbif) on 2020-11-20","https://doi.org/10.15468/c4w4co"
788548334,"aab0cf80-0c64-11dd-84d1-b8a03c50a862",-2.208333,46.975,"Pays-de-la-Loire",1879,9,27,"France","1305469","Anzi","LD","General","Île de Noirmoutier","proper GBIF citations were not initially included here and were added subsequently on 20 November 2020","Wittzell H, Shah M (2020). Lund Botanical Museum (LD). Lund Botanical Museum (LD). Occurrence dataset https://doi.org/10.15468/c4w4co accessed via GBIF.org on 2020-11-20.. Accessed from R via rgbif (https://github.com/ropensci/rgbif) on 2020-11-20","https://doi.org/10.15468/c4w4co"
788574194,"aab0cf80-0c64-11dd-84d1-b8a03c50a862",11.42322,48.9469,"Bayern",1869,7,NA,"Germany","1332213A","Krempelhuber","LD","General","No locality information available","proper GBIF citations were not initially included here and were added subsequently on 20 November 2020","Wittzell H, Shah M (2020). Lund Botanical Museum (LD). Lund Botanical Museum (LD). Occurrence dataset https://doi.org/10.15468/c4w4co accessed via GBIF.org on 2020-11-20.. Accessed from R via rgbif (https://github.com/ropensci/rgbif) on 2020-11-20","https://doi.org/10.15468/c4w4co"
788574585,"aab0cf80-0c64-11dd-84d1-b8a03c50a862",11.42322,48.9469,"Bayern",1862,8,NA,"Germany","1332633","Arnold","LD","General","No locality information available","proper GBIF citations were not initially included here and were added subsequently on 20 November 2020","Wittzell H, Shah M (2020). Lund Botanical Museum (LD). Lund Botanical Museum (LD). Occurrence dataset https://doi.org/10.15468/c4w4co accessed via GBIF.org on 2020-11-20.. Accessed from R via rgbif (https://github.com/ropensci/rgbif) on 2020-11-20","https://doi.org/10.15468/c4w4co"
