"key","datasetKey","decimalLongitude","decimalLatitude","year","month","day","country","catalogNumber","institutionCode","locality","collectionCode","recordedBy","stateProvince","notes","citation","doi"
1676071648,"828a3d8c-f762-11e1-a439-00145eb45e9a",9.466504,41.038474,2015,5,24,"Italy","221705","FR","Prov. Olbia-Tempio, La Gallura, San Pantaleo southeast of Arzachena, southwestern outskirts, west of the Via Alessandro Manzoni","Herbarium Senckenbergianum (FR) - Fungi",NA,NA,"proper GBIF citations were not initially included here and were added subsequently on 20 November 2020","Senckenberg. Herbarium Senckenbergianum (FR) - Fungi. Occurrence dataset https://doi.org/10.15468/0oaq5v accessed via GBIF.org on 2020-11-20.. Accessed from R via rgbif (https://github.com/ropensci/rgbif) on 2020-11-20","https://doi.org/10.15468/0oaq5v"
1676071651,"828a3d8c-f762-11e1-a439-00145eb45e9a",9.485699,41.053504,2015,5,24,"Italy","221709","FR","Prov. Olbia-Tempio, La Gallura, San Pantaleo southeast of Arzachena, Loc. Paluneddu, Via Paluneddu 1-3","Herbarium Senckenbergianum (FR) - Fungi",NA,NA,"proper GBIF citations were not initially included here and were added subsequently on 20 November 2020","Senckenberg. Herbarium Senckenbergianum (FR) - Fungi. Occurrence dataset https://doi.org/10.15468/0oaq5v accessed via GBIF.org on 2020-11-20.. Accessed from R via rgbif (https://github.com/ropensci/rgbif) on 2020-11-20","https://doi.org/10.15468/0oaq5v"
1676071652,"828a3d8c-f762-11e1-a439-00145eb45e9a",9.466504,41.038474,2015,5,24,"Italy","221707","FR","Prov. Olbia-Tempio, La Gallura, San Pantaleo southeast of Arzachena, southwestern outskirts, west of the Via Alessandro Manzoni","Herbarium Senckenbergianum (FR) - Fungi",NA,NA,"proper GBIF citations were not initially included here and were added subsequently on 20 November 2020","Senckenberg. Herbarium Senckenbergianum (FR) - Fungi. Occurrence dataset https://doi.org/10.15468/0oaq5v accessed via GBIF.org on 2020-11-20.. Accessed from R via rgbif (https://github.com/ropensci/rgbif) on 2020-11-20","https://doi.org/10.15468/0oaq5v"
1676071659,"828a3d8c-f762-11e1-a439-00145eb45e9a",9.483086,41.052824,2015,5,23,"Italy","221703","FR","Prov. Olbia-Tempio, La Gallura, San Pantaleo southeast of Arzachena, Loc. Paluneddu, Via Antona Arigheddu","Herbarium Senckenbergianum (FR) - Fungi",NA,NA,"proper GBIF citations were not initially included here and were added subsequently on 20 November 2020","Senckenberg. Herbarium Senckenbergianum (FR) - Fungi. Occurrence dataset https://doi.org/10.15468/0oaq5v accessed via GBIF.org on 2020-11-20.. Accessed from R via rgbif (https://github.com/ropensci/rgbif) on 2020-11-20","https://doi.org/10.15468/0oaq5v"
1676071663,"828a3d8c-f762-11e1-a439-00145eb45e9a",9.466504,41.038474,2015,5,24,"Italy","221706","FR","Prov. Olbia-Tempio, La Gallura, San Pantaleo southeast of Arzachena, southwestern outskirts, west of the Via Alessandro Manzoni","Herbarium Senckenbergianum (FR) - Fungi",NA,NA,"proper GBIF citations were not initially included here and were added subsequently on 20 November 2020","Senckenberg. Herbarium Senckenbergianum (FR) - Fungi. Occurrence dataset https://doi.org/10.15468/0oaq5v accessed via GBIF.org on 2020-11-20.. Accessed from R via rgbif (https://github.com/ropensci/rgbif) on 2020-11-20","https://doi.org/10.15468/0oaq5v"
1676071684,"828a3d8c-f762-11e1-a439-00145eb45e9a",9.483086,41.052824,2015,5,26,"Italy","221715","FR","Prov. Olbia-Tempio, La Gallura, San Pantaleo southeast of Arzachena, Loc. Paluneddu, Via Antona Arigheddu","Herbarium Senckenbergianum (FR) - Fungi",NA,NA,"proper GBIF citations were not initially included here and were added subsequently on 20 November 2020","Senckenberg. Herbarium Senckenbergianum (FR) - Fungi. Occurrence dataset https://doi.org/10.15468/0oaq5v accessed via GBIF.org on 2020-11-20.. Accessed from R via rgbif (https://github.com/ropensci/rgbif) on 2020-11-20","https://doi.org/10.15468/0oaq5v"
1676071685,"828a3d8c-f762-11e1-a439-00145eb45e9a",9.488743,41.051686,2015,5,26,"Italy","221716","FR","Prov. Olbia-Tempio, La Gallura, San Pantaleo southeast of Arzachena, Loc. Paluneddu, Via Cantaneddu","Herbarium Senckenbergianum (FR) - Fungi",NA,NA,"proper GBIF citations were not initially included here and were added subsequently on 20 November 2020","Senckenberg. Herbarium Senckenbergianum (FR) - Fungi. Occurrence dataset https://doi.org/10.15468/0oaq5v accessed via GBIF.org on 2020-11-20.. Accessed from R via rgbif (https://github.com/ropensci/rgbif) on 2020-11-20","https://doi.org/10.15468/0oaq5v"
1676071688,"828a3d8c-f762-11e1-a439-00145eb45e9a",9.485699,41.053504,2015,5,25,"Italy","221710","FR","Prov. Olbia-Tempio, La Gallura, San Pantaleo southeast of Arzachena, Loc. Paluneddu, Via Paluneddu 1-3","Herbarium Senckenbergianum (FR) - Fungi",NA,NA,"proper GBIF citations were not initially included here and were added subsequently on 20 November 2020","Senckenberg. Herbarium Senckenbergianum (FR) - Fungi. Occurrence dataset https://doi.org/10.15468/0oaq5v accessed via GBIF.org on 2020-11-20.. Accessed from R via rgbif (https://github.com/ropensci/rgbif) on 2020-11-20","https://doi.org/10.15468/0oaq5v"
1676071692,"828a3d8c-f762-11e1-a439-00145eb45e9a",9.488743,41.051686,2015,5,26,"Italy","221719","FR","Prov. Olbia-Tempio, La Gallura, San Pantaleo southeast of Arzachena, Loc. Paluneddu, Via Cantaneddu","Herbarium Senckenbergianum (FR) - Fungi",NA,NA,"proper GBIF citations were not initially included here and were added subsequently on 20 November 2020","Senckenberg. Herbarium Senckenbergianum (FR) - Fungi. Occurrence dataset https://doi.org/10.15468/0oaq5v accessed via GBIF.org on 2020-11-20.. Accessed from R via rgbif (https://github.com/ropensci/rgbif) on 2020-11-20","https://doi.org/10.15468/0oaq5v"
1676071693,"828a3d8c-f762-11e1-a439-00145eb45e9a",9.488743,41.051686,2015,5,26,"Italy","221723","FR","Prov. Olbia-Tempio, La Gallura, San Pantaleo southeast of Arzachena, Loc. Paluneddu, Via Cantaneddu","Herbarium Senckenbergianum (FR) - Fungi",NA,NA,"proper GBIF citations were not initially included here and were added subsequently on 20 November 2020","Senckenberg. Herbarium Senckenbergianum (FR) - Fungi. Occurrence dataset https://doi.org/10.15468/0oaq5v accessed via GBIF.org on 2020-11-20.. Accessed from R via rgbif (https://github.com/ropensci/rgbif) on 2020-11-20","https://doi.org/10.15468/0oaq5v"
1676071694,"828a3d8c-f762-11e1-a439-00145eb45e9a",9.488743,41.051686,2015,5,26,"Italy","221718","FR","Prov. Olbia-Tempio, La Gallura, San Pantaleo southeast of Arzachena, Loc. Paluneddu, Via Cantaneddu","Herbarium Senckenbergianum (FR) - Fungi",NA,NA,"proper GBIF citations were not initially included here and were added subsequently on 20 November 2020","Senckenberg. Herbarium Senckenbergianum (FR) - Fungi. Occurrence dataset https://doi.org/10.15468/0oaq5v accessed via GBIF.org on 2020-11-20.. Accessed from R via rgbif (https://github.com/ropensci/rgbif) on 2020-11-20","https://doi.org/10.15468/0oaq5v"
1676071695,"828a3d8c-f762-11e1-a439-00145eb45e9a",9.485699,41.053504,2015,5,25,"Italy","221714","FR","Prov. Olbia-Tempio, La Gallura, San Pantaleo southeast of Arzachena, Loc. Paluneddu, Via Paluneddu 1-3","Herbarium Senckenbergianum (FR) - Fungi",NA,NA,"proper GBIF citations were not initially included here and were added subsequently on 20 November 2020","Senckenberg. Herbarium Senckenbergianum (FR) - Fungi. Occurrence dataset https://doi.org/10.15468/0oaq5v accessed via GBIF.org on 2020-11-20.. Accessed from R via rgbif (https://github.com/ropensci/rgbif) on 2020-11-20","https://doi.org/10.15468/0oaq5v"
1676071696,"828a3d8c-f762-11e1-a439-00145eb45e9a",9.488743,41.051686,2015,5,26,"Italy","221720","FR","Prov. Olbia-Tempio, La Gallura, San Pantaleo southeast of Arzachena, Loc. Paluneddu, Via Cantaneddu","Herbarium Senckenbergianum (FR) - Fungi",NA,NA,"proper GBIF citations were not initially included here and were added subsequently on 20 November 2020","Senckenberg. Herbarium Senckenbergianum (FR) - Fungi. Occurrence dataset https://doi.org/10.15468/0oaq5v accessed via GBIF.org on 2020-11-20.. Accessed from R via rgbif (https://github.com/ropensci/rgbif) on 2020-11-20","https://doi.org/10.15468/0oaq5v"
1676071699,"828a3d8c-f762-11e1-a439-00145eb45e9a",9.488743,41.051686,2015,5,26,"Italy","221721","FR","Prov. Olbia-Tempio, La Gallura, San Pantaleo southeast of Arzachena, Loc. Paluneddu, Via Cantaneddu","Herbarium Senckenbergianum (FR) - Fungi",NA,NA,"proper GBIF citations were not initially included here and were added subsequently on 20 November 2020","Senckenberg. Herbarium Senckenbergianum (FR) - Fungi. Occurrence dataset https://doi.org/10.15468/0oaq5v accessed via GBIF.org on 2020-11-20.. Accessed from R via rgbif (https://github.com/ropensci/rgbif) on 2020-11-20","https://doi.org/10.15468/0oaq5v"
1676071702,"828a3d8c-f762-11e1-a439-00145eb45e9a",9.484909,41.045058,2015,5,26,"Italy","221725","FR","Prov. Olbia-Tempio, La Gallura, The P.ta di la Vigna Vecchia east of San Pantaleo southeast of Arzachena, lower southern slopes","Herbarium Senckenbergianum (FR) - Fungi",NA,NA,"proper GBIF citations were not initially included here and were added subsequently on 20 November 2020","Senckenberg. Herbarium Senckenbergianum (FR) - Fungi. Occurrence dataset https://doi.org/10.15468/0oaq5v accessed via GBIF.org on 2020-11-20.. Accessed from R via rgbif (https://github.com/ropensci/rgbif) on 2020-11-20","https://doi.org/10.15468/0oaq5v"
1676071965,"828a3d8c-f762-11e1-a439-00145eb45e9a",9.483086,41.052824,2015,5,23,"Italy","260605","FR","Prov. Olbia-Tempio, La Gallura, San Pantaleo southeast of Arzachena, Loc. Paluneddu, Via Antona Arigheddu","Herbarium Senckenbergianum (FR) - Fungi",NA,NA,"proper GBIF citations were not initially included here and were added subsequently on 20 November 2020","Senckenberg. Herbarium Senckenbergianum (FR) - Fungi. Occurrence dataset https://doi.org/10.15468/0oaq5v accessed via GBIF.org on 2020-11-20.. Accessed from R via rgbif (https://github.com/ropensci/rgbif) on 2020-11-20","https://doi.org/10.15468/0oaq5v"
1676071737,"828a3d8c-f762-11e1-a439-00145eb45e9a",9.410531,41.079043,2015,6,1,"Italy","221746","FR","Prov. Olbia-Tempio, La Gallura, Arzachena, eastern outskirts, the Tempio Malchittu, temple and vicinity","Herbarium Senckenbergianum (FR) - Fungi",NA,NA,"proper GBIF citations were not initially included here and were added subsequently on 20 November 2020","Senckenberg. Herbarium Senckenbergianum (FR) - Fungi. Occurrence dataset https://doi.org/10.15468/0oaq5v accessed via GBIF.org on 2020-11-20.. Accessed from R via rgbif (https://github.com/ropensci/rgbif) on 2020-11-20","https://doi.org/10.15468/0oaq5v"
1676071738,"828a3d8c-f762-11e1-a439-00145eb45e9a",9.311269,41.002154,2015,6,3,"Italy","221752","FR","Prov. Olbia-Tempio, La Gallura, Sant'Antonio di Gallura, northern outskirts, shrine and resting place by the S.P. 49","Herbarium Senckenbergianum (FR) - Fungi",NA,NA,"proper GBIF citations were not initially included here and were added subsequently on 20 November 2020","Senckenberg. Herbarium Senckenbergianum (FR) - Fungi. Occurrence dataset https://doi.org/10.15468/0oaq5v accessed via GBIF.org on 2020-11-20.. Accessed from R via rgbif (https://github.com/ropensci/rgbif) on 2020-11-20","https://doi.org/10.15468/0oaq5v"
1676071739,"828a3d8c-f762-11e1-a439-00145eb45e9a",9.469529,41.036427,2015,6,4,"Italy","221760","FR","Prov. Olbia-Tempio, La Gallura, San Pantaleo southeast of Arzachena, southern outskirts, south of the Via Alessandro Manzoni","Herbarium Senckenbergianum (FR) - Fungi",NA,NA,"proper GBIF citations were not initially included here and were added subsequently on 20 November 2020","Senckenberg. Herbarium Senckenbergianum (FR) - Fungi. Occurrence dataset https://doi.org/10.15468/0oaq5v accessed via GBIF.org on 2020-11-20.. Accessed from R via rgbif (https://github.com/ropensci/rgbif) on 2020-11-20","https://doi.org/10.15468/0oaq5v"
1676071740,"828a3d8c-f762-11e1-a439-00145eb45e9a",9.468741,41.034571,2015,6,4,"Italy","221768","FR","Prov. Olbia-Tempio, La Gallura, San Pantaleo southeast of Arzachena, southern outskirts, west of the P.ta Muvrone","Herbarium Senckenbergianum (FR) - Fungi",NA,NA,"proper GBIF citations were not initially included here and were added subsequently on 20 November 2020","Senckenberg. Herbarium Senckenbergianum (FR) - Fungi. Occurrence dataset https://doi.org/10.15468/0oaq5v accessed via GBIF.org on 2020-11-20.. Accessed from R via rgbif (https://github.com/ropensci/rgbif) on 2020-11-20","https://doi.org/10.15468/0oaq5v"
1676071742,"828a3d8c-f762-11e1-a439-00145eb45e9a",9.311269,41.002154,2015,6,3,"Italy","221749","FR","Prov. Olbia-Tempio, La Gallura, Sant'Antonio di Gallura, northern outskirts, shrine and resting place by the S.P. 49","Herbarium Senckenbergianum (FR) - Fungi",NA,NA,"proper GBIF citations were not initially included here and were added subsequently on 20 November 2020","Senckenberg. Herbarium Senckenbergianum (FR) - Fungi. Occurrence dataset https://doi.org/10.15468/0oaq5v accessed via GBIF.org on 2020-11-20.. Accessed from R via rgbif (https://github.com/ropensci/rgbif) on 2020-11-20","https://doi.org/10.15468/0oaq5v"
1676071744,"828a3d8c-f762-11e1-a439-00145eb45e9a",9.468741,41.034571,2015,6,4,"Italy","221771","FR","Prov. Olbia-Tempio, La Gallura, San Pantaleo southeast of Arzachena, southern outskirts, west of the P.ta Muvrone","Herbarium Senckenbergianum (FR) - Fungi",NA,NA,"proper GBIF citations were not initially included here and were added subsequently on 20 November 2020","Senckenberg. Herbarium Senckenbergianum (FR) - Fungi. Occurrence dataset https://doi.org/10.15468/0oaq5v accessed via GBIF.org on 2020-11-20.. Accessed from R via rgbif (https://github.com/ropensci/rgbif) on 2020-11-20","https://doi.org/10.15468/0oaq5v"
1676071746,"828a3d8c-f762-11e1-a439-00145eb45e9a",9.469529,41.036427,2015,6,4,"Italy","221765","FR","Prov. Olbia-Tempio, La Gallura, San Pantaleo southeast of Arzachena, southern outskirts, south of the Via Alessandro Manzoni","Herbarium Senckenbergianum (FR) - Fungi",NA,NA,"proper GBIF citations were not initially included here and were added subsequently on 20 November 2020","Senckenberg. Herbarium Senckenbergianum (FR) - Fungi. Occurrence dataset https://doi.org/10.15468/0oaq5v accessed via GBIF.org on 2020-11-20.. Accessed from R via rgbif (https://github.com/ropensci/rgbif) on 2020-11-20","https://doi.org/10.15468/0oaq5v"
1676071748,"828a3d8c-f762-11e1-a439-00145eb45e9a",9.311269,41.002154,2015,6,3,"Italy","221750","FR","Prov. Olbia-Tempio, La Gallura, Sant'Antonio di Gallura, northern outskirts, shrine and resting place by the S.P. 49","Herbarium Senckenbergianum (FR) - Fungi",NA,NA,"proper GBIF citations were not initially included here and were added subsequently on 20 November 2020","Senckenberg. Herbarium Senckenbergianum (FR) - Fungi. Occurrence dataset https://doi.org/10.15468/0oaq5v accessed via GBIF.org on 2020-11-20.. Accessed from R via rgbif (https://github.com/ropensci/rgbif) on 2020-11-20","https://doi.org/10.15468/0oaq5v"
1676071751,"828a3d8c-f762-11e1-a439-00145eb45e9a",9.469529,41.036427,2015,6,4,"Italy","221762","FR","Prov. Olbia-Tempio, La Gallura, San Pantaleo southeast of Arzachena, southern outskirts, south of the Via Alessandro Manzoni","Herbarium Senckenbergianum (FR) - Fungi",NA,NA,"proper GBIF citations were not initially included here and were added subsequently on 20 November 2020","Senckenberg. Herbarium Senckenbergianum (FR) - Fungi. Occurrence dataset https://doi.org/10.15468/0oaq5v accessed via GBIF.org on 2020-11-20.. Accessed from R via rgbif (https://github.com/ropensci/rgbif) on 2020-11-20","https://doi.org/10.15468/0oaq5v"
1676071753,"828a3d8c-f762-11e1-a439-00145eb45e9a",9.311269,41.002154,2015,6,3,"Italy","221753","FR","Prov. Olbia-Tempio, La Gallura, Sant'Antonio di Gallura, northern outskirts, shrine and resting place by the S.P. 49","Herbarium Senckenbergianum (FR) - Fungi",NA,NA,"proper GBIF citations were not initially included here and were added subsequently on 20 November 2020","Senckenberg. Herbarium Senckenbergianum (FR) - Fungi. Occurrence dataset https://doi.org/10.15468/0oaq5v accessed via GBIF.org on 2020-11-20.. Accessed from R via rgbif (https://github.com/ropensci/rgbif) on 2020-11-20","https://doi.org/10.15468/0oaq5v"
1676071755,"828a3d8c-f762-11e1-a439-00145eb45e9a",9.311269,41.002154,2015,6,3,"Italy","221748","FR","Prov. Olbia-Tempio, La Gallura, Sant'Antonio di Gallura, northern outskirts, shrine and resting place by the S.P. 49","Herbarium Senckenbergianum (FR) - Fungi",NA,NA,"proper GBIF citations were not initially included here and were added subsequently on 20 November 2020","Senckenberg. Herbarium Senckenbergianum (FR) - Fungi. Occurrence dataset https://doi.org/10.15468/0oaq5v accessed via GBIF.org on 2020-11-20.. Accessed from R via rgbif (https://github.com/ropensci/rgbif) on 2020-11-20","https://doi.org/10.15468/0oaq5v"
1676071765,"828a3d8c-f762-11e1-a439-00145eb45e9a",9.468741,41.034571,2015,6,4,"Italy","221774","FR","Prov. Olbia-Tempio, La Gallura, San Pantaleo southeast of Arzachena, southern outskirts, west of the P.ta Muvrone","Herbarium Senckenbergianum (FR) - Fungi",NA,NA,"proper GBIF citations were not initially included here and were added subsequently on 20 November 2020","Senckenberg. Herbarium Senckenbergianum (FR) - Fungi. Occurrence dataset https://doi.org/10.15468/0oaq5v accessed via GBIF.org on 2020-11-20.. Accessed from R via rgbif (https://github.com/ropensci/rgbif) on 2020-11-20","https://doi.org/10.15468/0oaq5v"
2013149141,"7948250c-6958-4a29-a670-ed1015b26252",19.9272,39.4875,2015,8,17,"Greece","211785","O","Kérkyra Island (=Corfu Island), 15 km (as the crow flies) south of the centre of Kérkyra City, Moraitika, unutilized old olive grove (70 m away from the beach)","L","Walter Obermayer",NA,"proper GBIF citations were not initially included here and were added subsequently on 20 November 2020","Natural History Museum, University of Oslo (2020). Lichen herbarium, Oslo (O). Version 1.1331. Occurrence dataset https://doi.org/10.15468/ktu7bj accessed via GBIF.org on 2020-11-20.. Accessed from R via rgbif (https://github.com/ropensci/rgbif) on 2020-11-20","https://doi.org/10.15468/ktu7bj"
1305192395,"bf2a4bf0-5f31-11de-b67e-b8a03c50a862",0.928056,51.1225,2014,10,19,"United Kingdom","E00786415","E","Mersham, Brockhanger Wood","E","Coppins, Brian J.","England","proper GBIF citations were not initially included here and were added subsequently on 20 November 2020","Rob Cubey (2018). Royal Botanic Garden Edinburgh Herbarium (E). Royal Botanic Garden Edinburgh. Occurrence dataset https://doi.org/10.15468/ypoair accessed via GBIF.org on 2020-11-20.. Accessed from R via rgbif (https://github.com/ropensci/rgbif) on 2020-11-20","https://doi.org/10.15468/ypoair"
1676072015,"828a3d8c-f762-11e1-a439-00145eb45e9a",-1.62945,43.31625,2013,6,25,"France","42666","FR","La Rhune, Nordseite, Forêt Tourbière","Herbarium Senckenbergianum (FR) - Fungi",NA,NA,"proper GBIF citations were not initially included here and were added subsequently on 20 November 2020","Senckenberg. Herbarium Senckenbergianum (FR) - Fungi. Occurrence dataset https://doi.org/10.15468/0oaq5v accessed via GBIF.org on 2020-11-20.. Accessed from R via rgbif (https://github.com/ropensci/rgbif) on 2020-11-20","https://doi.org/10.15468/0oaq5v"
1676072055,"828a3d8c-f762-11e1-a439-00145eb45e9a",-1.630283,43.316667,2013,6,25,"France","42747","FR","La Rhune, Nordseite, Forêt Tourbiere","Herbarium Senckenbergianum (FR) - Fungi",NA,NA,"proper GBIF citations were not initially included here and were added subsequently on 20 November 2020","Senckenberg. Herbarium Senckenbergianum (FR) - Fungi. Occurrence dataset https://doi.org/10.15468/0oaq5v accessed via GBIF.org on 2020-11-20.. Accessed from R via rgbif (https://github.com/ropensci/rgbif) on 2020-11-20","https://doi.org/10.15468/0oaq5v"
1676072124,"828a3d8c-f762-11e1-a439-00145eb45e9a",-1.400833,43.313617,2013,6,24,"France","42503","FR","Laxiatal bei Itxassou, kurz vor der Mündung in die Nive","Herbarium Senckenbergianum (FR) - Fungi",NA,NA,"proper GBIF citations were not initially included here and were added subsequently on 20 November 2020","Senckenberg. Herbarium Senckenbergianum (FR) - Fungi. Occurrence dataset https://doi.org/10.15468/0oaq5v accessed via GBIF.org on 2020-11-20.. Accessed from R via rgbif (https://github.com/ropensci/rgbif) on 2020-11-20","https://doi.org/10.15468/0oaq5v"
1676072126,"828a3d8c-f762-11e1-a439-00145eb45e9a",-1.41495,43.30075,2013,6,24,"France","42609","FR","Laxiatal bei Itxassou, Hang","Herbarium Senckenbergianum (FR) - Fungi",NA,NA,"proper GBIF citations were not initially included here and were added subsequently on 20 November 2020","Senckenberg. Herbarium Senckenbergianum (FR) - Fungi. Occurrence dataset https://doi.org/10.15468/0oaq5v accessed via GBIF.org on 2020-11-20.. Accessed from R via rgbif (https://github.com/ropensci/rgbif) on 2020-11-20","https://doi.org/10.15468/0oaq5v"
1676072134,"828a3d8c-f762-11e1-a439-00145eb45e9a",-1.396533,43.3293,2013,6,24,"France","42479","FR","Itxassou, Parkplatz vom Restaurant ""Txistulari""","Herbarium Senckenbergianum (FR) - Fungi",NA,NA,"proper GBIF citations were not initially included here and were added subsequently on 20 November 2020","Senckenberg. Herbarium Senckenbergianum (FR) - Fungi. Occurrence dataset https://doi.org/10.15468/0oaq5v accessed via GBIF.org on 2020-11-20.. Accessed from R via rgbif (https://github.com/ropensci/rgbif) on 2020-11-20","https://doi.org/10.15468/0oaq5v"
1676072136,"828a3d8c-f762-11e1-a439-00145eb45e9a",-1.396533,43.3293,2013,6,24,"France","42480","FR","Itxassou, Parkplatz vom Restaurant ""Txistulari""","Herbarium Senckenbergianum (FR) - Fungi",NA,NA,"proper GBIF citations were not initially included here and were added subsequently on 20 November 2020","Senckenberg. Herbarium Senckenbergianum (FR) - Fungi. Occurrence dataset https://doi.org/10.15468/0oaq5v accessed via GBIF.org on 2020-11-20.. Accessed from R via rgbif (https://github.com/ropensci/rgbif) on 2020-11-20","https://doi.org/10.15468/0oaq5v"
1676072137,"828a3d8c-f762-11e1-a439-00145eb45e9a",-1.400833,43.313617,2013,6,24,"France","42513","FR","Laxiatal bei Itxassou, kurz vor der Mündung in die Nive","Herbarium Senckenbergianum (FR) - Fungi",NA,NA,"proper GBIF citations were not initially included here and were added subsequently on 20 November 2020","Senckenberg. Herbarium Senckenbergianum (FR) - Fungi. Occurrence dataset https://doi.org/10.15468/0oaq5v accessed via GBIF.org on 2020-11-20.. Accessed from R via rgbif (https://github.com/ropensci/rgbif) on 2020-11-20","https://doi.org/10.15468/0oaq5v"
1676072153,"828a3d8c-f762-11e1-a439-00145eb45e9a",-1.405783,43.309633,2013,6,24,"France","42526","FR","bei Itxassou, Laxiatal","Herbarium Senckenbergianum (FR) - Fungi",NA,NA,"proper GBIF citations were not initially included here and were added subsequently on 20 November 2020","Senckenberg. Herbarium Senckenbergianum (FR) - Fungi. Occurrence dataset https://doi.org/10.15468/0oaq5v accessed via GBIF.org on 2020-11-20.. Accessed from R via rgbif (https://github.com/ropensci/rgbif) on 2020-11-20","https://doi.org/10.15468/0oaq5v"
1676072166,"828a3d8c-f762-11e1-a439-00145eb45e9a",-1.40795,43.30855,2013,6,24,"France","42545","FR","bei Itxassou, Hang des Laxiatales","Herbarium Senckenbergianum (FR) - Fungi",NA,NA,"proper GBIF citations were not initially included here and were added subsequently on 20 November 2020","Senckenberg. Herbarium Senckenbergianum (FR) - Fungi. Occurrence dataset https://doi.org/10.15468/0oaq5v accessed via GBIF.org on 2020-11-20.. Accessed from R via rgbif (https://github.com/ropensci/rgbif) on 2020-11-20","https://doi.org/10.15468/0oaq5v"
1086735885,"828a3d8c-f762-11e1-a439-00145eb45e9a",-8.7152,40.170117,2012,4,16,"Portugal","38002","FR","Sta. Olaia, westlich von Coimbra und Montemov-O-Velho","Herbarium Senckenbergianum (FR) - Fungi",NA,NA,"proper GBIF citations were not initially included here and were added subsequently on 20 November 2020","Senckenberg. Herbarium Senckenbergianum (FR) - Fungi. Occurrence dataset https://doi.org/10.15468/0oaq5v accessed via GBIF.org on 2020-11-20.. Accessed from R via rgbif (https://github.com/ropensci/rgbif) on 2020-11-20","https://doi.org/10.15468/0oaq5v"
2425459732,"7f2889e6-f762-11e1-a439-00145eb45e9a",2.45,42.23,2007,6,26,"Spain","19682","BCN","Bodelquer","Lich","Antonio Gómez-Bolea & Esteve Llop","Girona","proper GBIF citations were not initially included here and were added subsequently on 20 November 2020","Guardia R (2019). CeDoc de Biodiversitat Vegetal: BCN-Lich. CeDoc of Plant Biodiversity (CeDocBIV), Univ. Barcelona. Occurrence dataset https://doi.org/10.15468/mpc1pf accessed via GBIF.org on 2020-11-20.. Accessed from R via rgbif (https://github.com/ropensci/rgbif) on 2020-11-20","https://doi.org/10.15468/mpc1pf"
1212234562,"85739778-f762-11e1-a439-00145eb45e9a",-4.0833,48.1833,2006,7,24,"France","108837","B","FRANCE, Bretagne, Finistère: Chateaulin, along N shore of River Aulne near La Pointe. Elev. 10 m.","Lichen Herbarium Berlin","A. Aptroot",NA,"proper GBIF citations were not initially included here and were added subsequently on 20 November 2020","Botanic Garden and Botanical Museum Berlin (2016). Lichens at Herbarium Berolinense, Berlin (B). Occurrence dataset https://doi.org/10.15468/gmyyyu accessed via GBIF.org on 2020-11-20.. Accessed from R via rgbif (https://github.com/ropensci/rgbif) on 2020-11-20","https://doi.org/10.15468/gmyyyu"
2425458783,"7f2889e6-f762-11e1-a439-00145eb45e9a",-6.85,41.76,2006,9,6,"Portugal","15371","BCN","Bragança","Lich","Esteve Llop & Gemma Figueras","sense provincia","proper GBIF citations were not initially included here and were added subsequently on 20 November 2020","Guardia R (2019). CeDoc de Biodiversitat Vegetal: BCN-Lich. CeDoc of Plant Biodiversity (CeDocBIV), Univ. Barcelona. Occurrence dataset https://doi.org/10.15468/mpc1pf accessed via GBIF.org on 2020-11-20.. Accessed from R via rgbif (https://github.com/ropensci/rgbif) on 2020-11-20","https://doi.org/10.15468/mpc1pf"
1833733401,"828a3d8c-f762-11e1-a439-00145eb45e9a",2.641333,41.857778,2000,9,8,"Spain","263566","FR","Sierra de Baxisot. Prov. Girona. Sta. Coloma de Farners, plateau east of the Castillo de Farners to the southwest","Herbarium Senckenbergianum (FR) - Fungi",NA,NA,"proper GBIF citations were not initially included here and were added subsequently on 20 November 2020","Senckenberg. Herbarium Senckenbergianum (FR) - Fungi. Occurrence dataset https://doi.org/10.15468/0oaq5v accessed via GBIF.org on 2020-11-20.. Accessed from R via rgbif (https://github.com/ropensci/rgbif) on 2020-11-20","https://doi.org/10.15468/0oaq5v"
2449350583,"85739778-f762-11e1-a439-00145eb45e9a",25.1917,37.0333,1998,6,13,"Greece","55055","B","GREECE, Cyclades Archipelago, Paros. Mt. Agioi Pantes, highest point of island. Alt. 700 m.","Lichen Herbarium Berlin","H. Sipman & T. Raus",NA,"proper GBIF citations were not initially included here and were added subsequently on 20 November 2020","Botanic Garden and Botanical Museum Berlin (2016). Lichens at Herbarium Berolinense, Berlin (B). Occurrence dataset https://doi.org/10.15468/gmyyyu accessed via GBIF.org on 2020-11-20.. Accessed from R via rgbif (https://github.com/ropensci/rgbif) on 2020-11-20","https://doi.org/10.15468/gmyyyu"
1212231109,"85739778-f762-11e1-a439-00145eb45e9a",8.8833,39.1333,1997,4,16,"Italy","52046","B","ITALY, Sardinia, prov. Cagliari. Along road Santadi-S. Lucia, beyond pass (com. Assemini). Sheet F565 sez. I. Alt. 275 m.","Lichen Herbarium Berlin","H. Sipman & L. Zedda",NA,"proper GBIF citations were not initially included here and were added subsequently on 20 November 2020","Botanic Garden and Botanical Museum Berlin (2016). Lichens at Herbarium Berolinense, Berlin (B). Occurrence dataset https://doi.org/10.15468/gmyyyu accessed via GBIF.org on 2020-11-20.. Accessed from R via rgbif (https://github.com/ropensci/rgbif) on 2020-11-20","https://doi.org/10.15468/gmyyyu"
178318624,"890afcd2-f762-11e1-a439-00145eb45e9a",-6.674,37.172001,1995,4,21,"Spain","4671-1","VAL","Almonte. Cerro Burraco. Entre Los Bodegones y Los Cabezudos","VAL_Lich","S. Fos","H","proper GBIF citations were not initially included here and were added subsequently on 20 November 2020","Atienza V (2019). Universitat de València, Colecciones de Criptógamas: VAL_Lich. Department of Botany, Faculty of Biological Sciences, University of Valencia. Occurrence dataset https://doi.org/10.15468/okajpo accessed via GBIF.org on 2020-11-20.. Accessed from R via rgbif (https://github.com/ropensci/rgbif) on 2020-11-20","https://doi.org/10.15468/okajpo"
29539500,"83492a58-f762-11e1-a439-00145eb45e9a",-1,43,1994,1,4,"Spain","5341-1","MA","Oronoz-Mugaire, Parque natural de Bértiz, subiendo a Aitzcolegi","MA-Lichen","J. Etayo","Na","proper GBIF citations were not initially included here and were added subsequently on 20 November 2020","Margarita M (2018). CSIC-Real Jardín Botánico-Colección de Líquenes (MA-Lichen). CSIC-Real Jardín Botánico. Occurrence dataset https://doi.org/10.15468/z7wqal accessed via GBIF.org on 2020-11-20.. Accessed from R via rgbif (https://github.com/ropensci/rgbif) on 2020-11-20","https://doi.org/10.15468/z7wqal"
178318975,"890afcd2-f762-11e1-a439-00145eb45e9a",3.223,41.960999,1994,2,24,"Spain","9034-1","VAL","Begur. Sa Tuna","VAL_Lich","S. Fos","Ge","proper GBIF citations were not initially included here and were added subsequently on 20 November 2020","Atienza V (2019). Universitat de València, Colecciones de Criptógamas: VAL_Lich. Department of Botany, Faculty of Biological Sciences, University of Valencia. Occurrence dataset https://doi.org/10.15468/okajpo accessed via GBIF.org on 2020-11-20.. Accessed from R via rgbif (https://github.com/ropensci/rgbif) on 2020-11-20","https://doi.org/10.15468/okajpo"
178318989,"890afcd2-f762-11e1-a439-00145eb45e9a",3.223,41.970001,1994,2,24,"Spain","9072-1","VAL","Begur. Puig Malaret","VAL_Lich","S. Fos","Ge","proper GBIF citations were not initially included here and were added subsequently on 20 November 2020","Atienza V (2019). Universitat de València, Colecciones de Criptógamas: VAL_Lich. Department of Botany, Faculty of Biological Sciences, University of Valencia. Occurrence dataset https://doi.org/10.15468/okajpo accessed via GBIF.org on 2020-11-20.. Accessed from R via rgbif (https://github.com/ropensci/rgbif) on 2020-11-20","https://doi.org/10.15468/okajpo"
29539574,"83492a58-f762-11e1-a439-00145eb45e9a",-5,36,1994,4,17,"Spain","5749-1","MA","Jerez de la Frontera, Mojón de la Víbora, carretera C3331 km 33. Teucrio baetici-Querceto rotundifoliae sigm","MA-Lichen","J. Etayo, M. Casares, A. Gómez-Bolea & al.","Ca","proper GBIF citations were not initially included here and were added subsequently on 20 November 2020","Margarita M (2018). CSIC-Real Jardín Botánico-Colección de Líquenes (MA-Lichen). CSIC-Real Jardín Botánico. Occurrence dataset https://doi.org/10.15468/z7wqal accessed via GBIF.org on 2020-11-20.. Accessed from R via rgbif (https://github.com/ropensci/rgbif) on 2020-11-20","https://doi.org/10.15468/z7wqal"
178318887,"890afcd2-f762-11e1-a439-00145eb45e9a",-5.421,36.612,1993,6,28,"Spain","8337-1","VAL","Cortes de la Frontera. Sierra de los Pinos. Cerro del Alcornocal","VAL_Lich","E. Calvo","Ma","proper GBIF citations were not initially included here and were added subsequently on 20 November 2020","Atienza V (2019). Universitat de València, Colecciones de Criptógamas: VAL_Lich. Department of Botany, Faculty of Biological Sciences, University of Valencia. Occurrence dataset https://doi.org/10.15468/okajpo accessed via GBIF.org on 2020-11-20.. Accessed from R via rgbif (https://github.com/ropensci/rgbif) on 2020-11-20","https://doi.org/10.15468/okajpo"
328126309,"890afcd2-f762-11e1-a439-00145eb45e9a",-0.258,39.883999,1993,6,25,"Spain","8258-1","VAL","Artana. Sierra de Espadán. El Hondo","VAL_Lich","S. Fos","Cs","proper GBIF citations were not initially included here and were added subsequently on 20 November 2020","Atienza V (2019). Universitat de València, Colecciones de Criptógamas: VAL_Lich. Department of Botany, Faculty of Biological Sciences, University of Valencia. Occurrence dataset https://doi.org/10.15468/okajpo accessed via GBIF.org on 2020-11-20.. Accessed from R via rgbif (https://github.com/ropensci/rgbif) on 2020-11-20","https://doi.org/10.15468/okajpo"
29538275,"83492a58-f762-11e1-a439-00145eb45e9a",-3,38,1992,7,8,"Spain","14901-1","MA","Viso del Marqués, sierra de San Andrés, camino a la fuente del Hontanar","MA-Lichen","F.J. Sarrión","Cr","proper GBIF citations were not initially included here and were added subsequently on 20 November 2020","Margarita M (2018). CSIC-Real Jardín Botánico-Colección de Líquenes (MA-Lichen). CSIC-Real Jardín Botánico. Occurrence dataset https://doi.org/10.15468/z7wqal accessed via GBIF.org on 2020-11-20.. Accessed from R via rgbif (https://github.com/ropensci/rgbif) on 2020-11-20","https://doi.org/10.15468/z7wqal"
178318412,"890afcd2-f762-11e1-a439-00145eb45e9a",-5.663,36.515999,1992,10,19,"Spain","3471-1","VAL","Alcalá de los Gazules. Cerro de los Beatos","VAL_Lich","S. Fos","Ca","proper GBIF citations were not initially included here and were added subsequently on 20 November 2020","Atienza V (2019). Universitat de València, Colecciones de Criptógamas: VAL_Lich. Department of Botany, Faculty of Biological Sciences, University of Valencia. Occurrence dataset https://doi.org/10.15468/okajpo accessed via GBIF.org on 2020-11-20.. Accessed from R via rgbif (https://github.com/ropensci/rgbif) on 2020-11-20","https://doi.org/10.15468/okajpo"
178318415,"890afcd2-f762-11e1-a439-00145eb45e9a",-5.663,36.515999,1992,10,19,"Spain","3478-1","VAL","Alcalá de los Gazules. Cerro de los Beatos","VAL_Lich","S. Fos","Ca","proper GBIF citations were not initially included here and were added subsequently on 20 November 2020","Atienza V (2019). Universitat de València, Colecciones de Criptógamas: VAL_Lich. Department of Botany, Faculty of Biological Sciences, University of Valencia. Occurrence dataset https://doi.org/10.15468/okajpo accessed via GBIF.org on 2020-11-20.. Accessed from R via rgbif (https://github.com/ropensci/rgbif) on 2020-11-20","https://doi.org/10.15468/okajpo"
178318418,"890afcd2-f762-11e1-a439-00145eb45e9a",-5.585,36.167,1992,10,17,"Spain","3489-1","VAL","Tarifa. Sierra de Salaviciosa. El Tiradero","VAL_Lich","S. Fos","Ca","proper GBIF citations were not initially included here and were added subsequently on 20 November 2020","Atienza V (2019). Universitat de València, Colecciones de Criptógamas: VAL_Lich. Department of Botany, Faculty of Biological Sciences, University of Valencia. Occurrence dataset https://doi.org/10.15468/okajpo accessed via GBIF.org on 2020-11-20.. Accessed from R via rgbif (https://github.com/ropensci/rgbif) on 2020-11-20","https://doi.org/10.15468/okajpo"
178318432,"890afcd2-f762-11e1-a439-00145eb45e9a",-5.598,36.554001,1992,10,19,"Spain","3517-1","VAL","Jerez de la Frontera. Sierra del Algibe. Puerto de Galiz","VAL_Lich","S. Fos","Ca","proper GBIF citations were not initially included here and were added subsequently on 20 November 2020","Atienza V (2019). Universitat de València, Colecciones de Criptógamas: VAL_Lich. Department of Botany, Faculty of Biological Sciences, University of Valencia. Occurrence dataset https://doi.org/10.15468/okajpo accessed via GBIF.org on 2020-11-20.. Accessed from R via rgbif (https://github.com/ropensci/rgbif) on 2020-11-20","https://doi.org/10.15468/okajpo"
178318434,"890afcd2-f762-11e1-a439-00145eb45e9a",-5.618,36.147999,1992,10,17,"Spain","3524-1","VAL","Tarifa. Sierra de Salaviciosa. El Pedregoso","VAL_Lich","S. Fos","Ca","proper GBIF citations were not initially included here and were added subsequently on 20 November 2020","Atienza V (2019). Universitat de València, Colecciones de Criptógamas: VAL_Lich. Department of Botany, Faculty of Biological Sciences, University of Valencia. Occurrence dataset https://doi.org/10.15468/okajpo accessed via GBIF.org on 2020-11-20.. Accessed from R via rgbif (https://github.com/ropensci/rgbif) on 2020-11-20","https://doi.org/10.15468/okajpo"
178318446,"890afcd2-f762-11e1-a439-00145eb45e9a",-5.506,36.484001,1992,10,20,"Spain","3546-1","VAL","Jimena de la Frontera. Sierra del Algibe. Entre Jimena-La Sauceda","VAL_Lich","S. Fos","Ca","proper GBIF citations were not initially included here and were added subsequently on 20 November 2020","Atienza V (2019). Universitat de València, Colecciones de Criptógamas: VAL_Lich. Department of Botany, Faculty of Biological Sciences, University of Valencia. Occurrence dataset https://doi.org/10.15468/okajpo accessed via GBIF.org on 2020-11-20.. Accessed from R via rgbif (https://github.com/ropensci/rgbif) on 2020-11-20","https://doi.org/10.15468/okajpo"
178318516,"890afcd2-f762-11e1-a439-00145eb45e9a",-5.538,36.077,1992,10,18,"Spain","3734-1","VAL","Tarifa. Sierra del Cabrito. Puerto del Bujeo","VAL_Lich","S. Fos","Ca","proper GBIF citations were not initially included here and were added subsequently on 20 November 2020","Atienza V (2019). Universitat de València, Colecciones de Criptógamas: VAL_Lich. Department of Botany, Faculty of Biological Sciences, University of Valencia. Occurrence dataset https://doi.org/10.15468/okajpo accessed via GBIF.org on 2020-11-20.. Accessed from R via rgbif (https://github.com/ropensci/rgbif) on 2020-11-20","https://doi.org/10.15468/okajpo"
178318520,"890afcd2-f762-11e1-a439-00145eb45e9a",-5.587,36.238998,1992,10,18,"Spain","3750-1","VAL","Los Barrios.  El Mojón","VAL_Lich","S. Fos","Ca","proper GBIF citations were not initially included here and were added subsequently on 20 November 2020","Atienza V (2019). Universitat de València, Colecciones de Criptógamas: VAL_Lich. Department of Botany, Faculty of Biological Sciences, University of Valencia. Occurrence dataset https://doi.org/10.15468/okajpo accessed via GBIF.org on 2020-11-20.. Accessed from R via rgbif (https://github.com/ropensci/rgbif) on 2020-11-20","https://doi.org/10.15468/okajpo"
178318535,"890afcd2-f762-11e1-a439-00145eb45e9a",-5.639,36.129002,1992,10,18,"Spain","3800-1","VAL","Tarifa. Sierra de Salaviciosa. Cañada de la Jara","VAL_Lich","S. Fos","Ca","proper GBIF citations were not initially included here and were added subsequently on 20 November 2020","Atienza V (2019). Universitat de València, Colecciones de Criptógamas: VAL_Lich. Department of Botany, Faculty of Biological Sciences, University of Valencia. Occurrence dataset https://doi.org/10.15468/okajpo accessed via GBIF.org on 2020-11-20.. Accessed from R via rgbif (https://github.com/ropensci/rgbif) on 2020-11-20","https://doi.org/10.15468/okajpo"
178318536,"890afcd2-f762-11e1-a439-00145eb45e9a",-5.639,36.129002,1992,10,18,"Spain","3808-1","VAL","Tarifa. Sierra de Salaviciosa. Cañada de la Jara","VAL_Lich","S. Fos","Ca","proper GBIF citations were not initially included here and were added subsequently on 20 November 2020","Atienza V (2019). Universitat de València, Colecciones de Criptógamas: VAL_Lich. Department of Botany, Faculty of Biological Sciences, University of Valencia. Occurrence dataset https://doi.org/10.15468/okajpo accessed via GBIF.org on 2020-11-20.. Accessed from R via rgbif (https://github.com/ropensci/rgbif) on 2020-11-20","https://doi.org/10.15468/okajpo"
178318539,"890afcd2-f762-11e1-a439-00145eb45e9a",-5.639,36.129002,1992,10,18,"Spain","3824-1","VAL","Tarifa. Sierra de Salaviciosa. Cañada de la Jara","VAL_Lich","S. Fos","Ca","proper GBIF citations were not initially included here and were added subsequently on 20 November 2020","Atienza V (2019). Universitat de València, Colecciones de Criptógamas: VAL_Lich. Department of Botany, Faculty of Biological Sciences, University of Valencia. Occurrence dataset https://doi.org/10.15468/okajpo accessed via GBIF.org on 2020-11-20.. Accessed from R via rgbif (https://github.com/ropensci/rgbif) on 2020-11-20","https://doi.org/10.15468/okajpo"
178318585,"890afcd2-f762-11e1-a439-00145eb45e9a",-5.642,36.543999,1992,10,19,"Spain","3989-1","VAL","Jeréz de la Frontera.  Loma de la Mesa","VAL_Lich","S. Fos","Ca","proper GBIF citations were not initially included here and were added subsequently on 20 November 2020","Atienza V (2019). Universitat de València, Colecciones de Criptógamas: VAL_Lich. Department of Botany, Faculty of Biological Sciences, University of Valencia. Occurrence dataset https://doi.org/10.15468/okajpo accessed via GBIF.org on 2020-11-20.. Accessed from R via rgbif (https://github.com/ropensci/rgbif) on 2020-11-20","https://doi.org/10.15468/okajpo"
178318605,"890afcd2-f762-11e1-a439-00145eb45e9a",-5.506,36.484001,1992,10,19,"Spain","4553-1","VAL","Jimena de la Frontera. Sierra del Aljibe. Entre Jimena-La Sauceda","VAL_Lich","S. Fos","Ca","proper GBIF citations were not initially included here and were added subsequently on 20 November 2020","Atienza V (2019). Universitat de València, Colecciones de Criptógamas: VAL_Lich. Department of Botany, Faculty of Biological Sciences, University of Valencia. Occurrence dataset https://doi.org/10.15468/okajpo accessed via GBIF.org on 2020-11-20.. Accessed from R via rgbif (https://github.com/ropensci/rgbif) on 2020-11-20","https://doi.org/10.15468/okajpo"
178319085,"890afcd2-f762-11e1-a439-00145eb45e9a",-5.639,36.129002,1992,10,18,"Spain","9995-1","VAL","Tarifa. Sierra de Saladavieja. Cañada de la Jara","VAL_Lich","S. Fos","Ca","proper GBIF citations were not initially included here and were added subsequently on 20 November 2020","Atienza V (2019). Universitat de València, Colecciones de Criptógamas: VAL_Lich. Department of Botany, Faculty of Biological Sciences, University of Valencia. Occurrence dataset https://doi.org/10.15468/okajpo accessed via GBIF.org on 2020-11-20.. Accessed from R via rgbif (https://github.com/ropensci/rgbif) on 2020-11-20","https://doi.org/10.15468/okajpo"
178318548,"890afcd2-f762-11e1-a439-00145eb45e9a",2.824,42.403,1991,10,14,"Spain","3868-1","VAL","Agullana. Ctra. Agullana a La Vajol. Pla de Pujalts","VAL_Lich","S. Fos","Ge","proper GBIF citations were not initially included here and were added subsequently on 20 November 2020","Atienza V (2019). Universitat de València, Colecciones de Criptógamas: VAL_Lich. Department of Botany, Faculty of Biological Sciences, University of Valencia. Occurrence dataset https://doi.org/10.15468/okajpo accessed via GBIF.org on 2020-11-20.. Accessed from R via rgbif (https://github.com/ropensci/rgbif) on 2020-11-20","https://doi.org/10.15468/okajpo"
178318553,"890afcd2-f762-11e1-a439-00145eb45e9a",2.826,41.736,1991,10,11,"Spain","3877-1","VAL","Lloret de Mar.  Alrededores Urb. Los Pinares","VAL_Lich","S. Fos","Ge","proper GBIF citations were not initially included here and were added subsequently on 20 November 2020","Atienza V (2019). Universitat de València, Colecciones de Criptógamas: VAL_Lich. Department of Botany, Faculty of Biological Sciences, University of Valencia. Occurrence dataset https://doi.org/10.15468/okajpo accessed via GBIF.org on 2020-11-20.. Accessed from R via rgbif (https://github.com/ropensci/rgbif) on 2020-11-20","https://doi.org/10.15468/okajpo"
178318556,"890afcd2-f762-11e1-a439-00145eb45e9a",2.501,41.681,1991,10,10,"Spain","3884-1","VAL","Sant Celoni. Serra del Solà. Ctra. S. Celoni-Orzinelles Km 2","VAL_Lich","S. Fos","B","proper GBIF citations were not initially included here and were added subsequently on 20 November 2020","Atienza V (2019). Universitat de València, Colecciones de Criptógamas: VAL_Lich. Department of Botany, Faculty of Biological Sciences, University of Valencia. Occurrence dataset https://doi.org/10.15468/okajpo accessed via GBIF.org on 2020-11-20.. Accessed from R via rgbif (https://github.com/ropensci/rgbif) on 2020-11-20","https://doi.org/10.15468/okajpo"
178318558,"890afcd2-f762-11e1-a439-00145eb45e9a",2.838,41.799,1991,10,11,"Spain","3891-1","VAL","Caldes de Malavella. Riera de Reclà","VAL_Lich","S. Fos","Ge","proper GBIF citations were not initially included here and were added subsequently on 20 November 2020","Atienza V (2019). Universitat de València, Colecciones de Criptógamas: VAL_Lich. Department of Botany, Faculty of Biological Sciences, University of Valencia. Occurrence dataset https://doi.org/10.15468/okajpo accessed via GBIF.org on 2020-11-20.. Accessed from R via rgbif (https://github.com/ropensci/rgbif) on 2020-11-20","https://doi.org/10.15468/okajpo"
178318560,"890afcd2-f762-11e1-a439-00145eb45e9a",2.824,42.367001,1991,10,14,"Spain","3908-1","VAL","Darnius. Serrat del Sentinela","VAL_Lich","S. Fos","Ge","proper GBIF citations were not initially included here and were added subsequently on 20 November 2020","Atienza V (2019). Universitat de València, Colecciones de Criptógamas: VAL_Lich. Department of Botany, Faculty of Biological Sciences, University of Valencia. Occurrence dataset https://doi.org/10.15468/okajpo accessed via GBIF.org on 2020-11-20.. Accessed from R via rgbif (https://github.com/ropensci/rgbif) on 2020-11-20","https://doi.org/10.15468/okajpo"
178318562,"890afcd2-f762-11e1-a439-00145eb45e9a",2.657,41.700001,1991,10,16,"Spain","3914-1","VAL","Brunyola. Ctra. Anglés-Sta. Coloma de Farnés, Km 5","VAL_Lich","S. Fos","Ge","proper GBIF citations were not initially included here and were added subsequently on 20 November 2020","Atienza V (2019). Universitat de València, Colecciones de Criptógamas: VAL_Lich. Department of Botany, Faculty of Biological Sciences, University of Valencia. Occurrence dataset https://doi.org/10.15468/okajpo accessed via GBIF.org on 2020-11-20.. Accessed from R via rgbif (https://github.com/ropensci/rgbif) on 2020-11-20","https://doi.org/10.15468/okajpo"
178318567,"890afcd2-f762-11e1-a439-00145eb45e9a",2.921,42.367001,1991,10,14,"Spain","3940-1","VAL","Capmany. Ctra. a Capmany, Km. 2","VAL_Lich","S. Fos","Ge","proper GBIF citations were not initially included here and were added subsequently on 20 November 2020","Atienza V (2019). Universitat de València, Colecciones de Criptógamas: VAL_Lich. Department of Botany, Faculty of Biological Sciences, University of Valencia. Occurrence dataset https://doi.org/10.15468/okajpo accessed via GBIF.org on 2020-11-20.. Accessed from R via rgbif (https://github.com/ropensci/rgbif) on 2020-11-20","https://doi.org/10.15468/okajpo"
178318571,"890afcd2-f762-11e1-a439-00145eb45e9a",2.861,41.834999,1991,10,11,"Spain","3961-1","VAL","Caldes de Malavella. Crta. Vidreres a LLagostera, Km 5","VAL_Lich","S. Fos","Ge","proper GBIF citations were not initially included here and were added subsequently on 20 November 2020","Atienza V (2019). Universitat de València, Colecciones de Criptógamas: VAL_Lich. Department of Botany, Faculty of Biological Sciences, University of Valencia. Occurrence dataset https://doi.org/10.15468/okajpo accessed via GBIF.org on 2020-11-20.. Accessed from R via rgbif (https://github.com/ropensci/rgbif) on 2020-11-20","https://doi.org/10.15468/okajpo"
178318574,"890afcd2-f762-11e1-a439-00145eb45e9a",2.91,41.908001,1991,10,13,"Spain","3965-1","VAL","Sant Sadurní. Puig dels Cristians","VAL_Lich","S. Fos","Ge","proper GBIF citations were not initially included here and were added subsequently on 20 November 2020","Atienza V (2019). Universitat de València, Colecciones de Criptógamas: VAL_Lich. Department of Botany, Faculty of Biological Sciences, University of Valencia. Occurrence dataset https://doi.org/10.15468/okajpo accessed via GBIF.org on 2020-11-20.. Accessed from R via rgbif (https://github.com/ropensci/rgbif) on 2020-11-20","https://doi.org/10.15468/okajpo"
178318589,"890afcd2-f762-11e1-a439-00145eb45e9a",3.175,41.880001,1991,10,12,"Spain","4501-1","VAL","La Selva. Palafrugell. Cap Roig","VAL_Lich","S. Fos","Ge","proper GBIF citations were not initially included here and were added subsequently on 20 November 2020","Atienza V (2019). Universitat de València, Colecciones de Criptógamas: VAL_Lich. Department of Botany, Faculty of Biological Sciences, University of Valencia. Occurrence dataset https://doi.org/10.15468/okajpo accessed via GBIF.org on 2020-11-20.. Accessed from R via rgbif (https://github.com/ropensci/rgbif) on 2020-11-20","https://doi.org/10.15468/okajpo"
178318591,"890afcd2-f762-11e1-a439-00145eb45e9a",2.91,41.908001,1991,10,13,"Spain","4504-1","VAL","Sant Sadurní. Puig dels Cristians","VAL_Lich","S. Fos","Ge","proper GBIF citations were not initially included here and were added subsequently on 20 November 2020","Atienza V (2019). Universitat de València, Colecciones de Criptógamas: VAL_Lich. Department of Botany, Faculty of Biological Sciences, University of Valencia. Occurrence dataset https://doi.org/10.15468/okajpo accessed via GBIF.org on 2020-11-20.. Accessed from R via rgbif (https://github.com/ropensci/rgbif) on 2020-11-20","https://doi.org/10.15468/okajpo"
178318611,"890afcd2-f762-11e1-a439-00145eb45e9a",2.838,41.799,1991,10,11,"Spain","4559-1","VAL","Caldes de Malavella. Riera de Re- clà","VAL_Lich","S. Fos","Ge","proper GBIF citations were not initially included here and were added subsequently on 20 November 2020","Atienza V (2019). Universitat de València, Colecciones de Criptógamas: VAL_Lich. Department of Botany, Faculty of Biological Sciences, University of Valencia. Occurrence dataset https://doi.org/10.15468/okajpo accessed via GBIF.org on 2020-11-20.. Accessed from R via rgbif (https://github.com/ropensci/rgbif) on 2020-11-20","https://doi.org/10.15468/okajpo"
178318612,"890afcd2-f762-11e1-a439-00145eb45e9a",2.861,41.834999,1991,10,11,"Spain","4560-1","VAL","Caldes de Malavella. Ctra. Llagos- tera-Caldes de Malavella, Km 5","VAL_Lich","S. Fos","Ge","proper GBIF citations were not initially included here and were added subsequently on 20 November 2020","Atienza V (2019). Universitat de València, Colecciones de Criptógamas: VAL_Lich. Department of Botany, Faculty of Biological Sciences, University of Valencia. Occurrence dataset https://doi.org/10.15468/okajpo accessed via GBIF.org on 2020-11-20.. Accessed from R via rgbif (https://github.com/ropensci/rgbif) on 2020-11-20","https://doi.org/10.15468/okajpo"
178318796,"890afcd2-f762-11e1-a439-00145eb45e9a",2.608,41.880001,1991,10,16,"Spain","8053-1","VAL","Sta. Coloma de Farnés. Serrat del Corb","VAL_Lich","S. Fos","Ge","proper GBIF citations were not initially included here and were added subsequently on 20 November 2020","Atienza V (2019). Universitat de València, Colecciones de Criptógamas: VAL_Lich. Department of Botany, Faculty of Biological Sciences, University of Valencia. Occurrence dataset https://doi.org/10.15468/okajpo accessed via GBIF.org on 2020-11-20.. Accessed from R via rgbif (https://github.com/ropensci/rgbif) on 2020-11-20","https://doi.org/10.15468/okajpo"
178318806,"890afcd2-f762-11e1-a439-00145eb45e9a",3.018,41.818001,1991,10,11,"Spain","8081-1","VAL","Castell d'Aro.  Sta.  Cristina d'Aro. Les Taules","VAL_Lich","S. Fos","Ge","proper GBIF citations were not initially included here and were added subsequently on 20 November 2020","Atienza V (2019). Universitat de València, Colecciones de Criptógamas: VAL_Lich. Department of Botany, Faculty of Biological Sciences, University of Valencia. Occurrence dataset https://doi.org/10.15468/okajpo accessed via GBIF.org on 2020-11-20.. Accessed from R via rgbif (https://github.com/ropensci/rgbif) on 2020-11-20","https://doi.org/10.15468/okajpo"
178318830,"890afcd2-f762-11e1-a439-00145eb45e9a",3.018,41.818001,1991,10,11,"Spain","8169-1","VAL","Castell d'Aro.  Sta.  Cristina d'Aro. Les Taules","VAL_Lich","S. Fos","Ge","proper GBIF citations were not initially included here and were added subsequently on 20 November 2020","Atienza V (2019). Universitat de València, Colecciones de Criptógamas: VAL_Lich. Department of Botany, Faculty of Biological Sciences, University of Valencia. Occurrence dataset https://doi.org/10.15468/okajpo accessed via GBIF.org on 2020-11-20.. Accessed from R via rgbif (https://github.com/ropensci/rgbif) on 2020-11-20","https://doi.org/10.15468/okajpo"
178318953,"890afcd2-f762-11e1-a439-00145eb45e9a",3.03,41.818001,1991,10,11,"Spain","8903-1","VAL","Castell d'Aro.  La Coma","VAL_Lich","S. Fos","Ge","proper GBIF citations were not initially included here and were added subsequently on 20 November 2020","Atienza V (2019). Universitat de València, Colecciones de Criptógamas: VAL_Lich. Department of Botany, Faculty of Biological Sciences, University of Valencia. Occurrence dataset https://doi.org/10.15468/okajpo accessed via GBIF.org on 2020-11-20.. Accessed from R via rgbif (https://github.com/ropensci/rgbif) on 2020-11-20","https://doi.org/10.15468/okajpo"
178318954,"890afcd2-f762-11e1-a439-00145eb45e9a",2.417,41.743999,1991,10,10,"Spain","8912-1","VAL","Fogàs de Monclús. Ctra. de La Costa a Mosqueroles","VAL_Lich","S. Fos","B","proper GBIF citations were not initially included here and were added subsequently on 20 November 2020","Atienza V (2019). Universitat de València, Colecciones de Criptógamas: VAL_Lich. Department of Botany, Faculty of Biological Sciences, University of Valencia. Occurrence dataset https://doi.org/10.15468/okajpo accessed via GBIF.org on 2020-11-20.. Accessed from R via rgbif (https://github.com/ropensci/rgbif) on 2020-11-20","https://doi.org/10.15468/okajpo"
178319086,"890afcd2-f762-11e1-a439-00145eb45e9a",2.766,41.681999,1991,10,11,"Spain","9998-1","VAL","Tordera. Crta. Blanes a Hostal- ric, Km 3","VAL_Lich","S. Fos","B","proper GBIF citations were not initially included here and were added subsequently on 20 November 2020","Atienza V (2019). Universitat de València, Colecciones de Criptógamas: VAL_Lich. Department of Botany, Faculty of Biological Sciences, University of Valencia. Occurrence dataset https://doi.org/10.15468/okajpo accessed via GBIF.org on 2020-11-20.. Accessed from R via rgbif (https://github.com/ropensci/rgbif) on 2020-11-20","https://doi.org/10.15468/okajpo"
178319087,"890afcd2-f762-11e1-a439-00145eb45e9a",3.03,41.818001,1991,10,11,"Spain","9999-1","VAL","Baix Empordà. Castell d'Aro. La Coma","VAL_Lich","S. Fos","Ge","proper GBIF citations were not initially included here and were added subsequently on 20 November 2020","Atienza V (2019). Universitat de València, Colecciones de Criptógamas: VAL_Lich. Department of Botany, Faculty of Biological Sciences, University of Valencia. Occurrence dataset https://doi.org/10.15468/okajpo accessed via GBIF.org on 2020-11-20.. Accessed from R via rgbif (https://github.com/ropensci/rgbif) on 2020-11-20","https://doi.org/10.15468/okajpo"
29539168,"83492a58-f762-11e1-a439-00145eb45e9a",2,41,1991,10,16,"Spain","4534-1","MA","Santa Coloma de Farnés. Serrat del Corb","MA-Lichen","S.Fos","Ge","proper GBIF citations were not initially included here and were added subsequently on 20 November 2020","Margarita M (2018). CSIC-Real Jardín Botánico-Colección de Líquenes (MA-Lichen). CSIC-Real Jardín Botánico. Occurrence dataset https://doi.org/10.15468/z7wqal accessed via GBIF.org on 2020-11-20.. Accessed from R via rgbif (https://github.com/ropensci/rgbif) on 2020-11-20","https://doi.org/10.15468/z7wqal"
29539171,"83492a58-f762-11e1-a439-00145eb45e9a",2,42,1991,10,14,"Spain","4535-1","MA","Agullana. Ctra. Agullana a La Vajol, Pla de Pujalts","MA-Lichen","S.Fos","Ge","proper GBIF citations were not initially included here and were added subsequently on 20 November 2020","Margarita M (2018). CSIC-Real Jardín Botánico-Colección de Líquenes (MA-Lichen). CSIC-Real Jardín Botánico. Occurrence dataset https://doi.org/10.15468/z7wqal accessed via GBIF.org on 2020-11-20.. Accessed from R via rgbif (https://github.com/ropensci/rgbif) on 2020-11-20","https://doi.org/10.15468/z7wqal"
29539173,"83492a58-f762-11e1-a439-00145eb45e9a",1,41,1991,10,11,"Spain","4536-1","MA","Castell d'Aro, Santa Cristina d'Aro, Les Taules","MA-Lichen","S.Fos","Ge","proper GBIF citations were not initially included here and were added subsequently on 20 November 2020","Margarita M (2018). CSIC-Real Jardín Botánico-Colección de Líquenes (MA-Lichen). CSIC-Real Jardín Botánico. Occurrence dataset https://doi.org/10.15468/z7wqal accessed via GBIF.org on 2020-11-20.. Accessed from R via rgbif (https://github.com/ropensci/rgbif) on 2020-11-20","https://doi.org/10.15468/z7wqal"
2449348340,"85739778-f762-11e1-a439-00145eb45e9a",25.405,36.47,1990,5,24,"Greece","41179","B","GREECE, Cyclades Archipelago. Santorini islands, Thira. Mt. Megalo Vouno, N-slope. Alt. c. 300 m.","Lichen Herbarium Berlin","H. Sipman & Th. Raus",NA,"proper GBIF citations were not initially included here and were added subsequently on 20 November 2020","Botanic Garden and Botanical Museum Berlin (2016). Lichens at Herbarium Berolinense, Berlin (B). Occurrence dataset https://doi.org/10.15468/gmyyyu accessed via GBIF.org on 2020-11-20.. Accessed from R via rgbif (https://github.com/ropensci/rgbif) on 2020-11-20","https://doi.org/10.15468/gmyyyu"
2449349349,"85739778-f762-11e1-a439-00145eb45e9a",25.3433,36.425,1990,5,22,"Greece","41132","B","GREECE, Cyclades Archipelago. Santorini islands, Thirasia. On N-facing lava rockface among low vegetation on S-slope of Mt.Viglos. Alt. c. 250 m.","Lichen Herbarium Berlin","H. Sipman & Th. Raus",NA,"proper GBIF citations were not initially included here and were added subsequently on 20 November 2020","Botanic Garden and Botanical Museum Berlin (2016). Lichens at Herbarium Berolinense, Berlin (B). Occurrence dataset https://doi.org/10.15468/gmyyyu accessed via GBIF.org on 2020-11-20.. Accessed from R via rgbif (https://github.com/ropensci/rgbif) on 2020-11-20","https://doi.org/10.15468/gmyyyu"
178318810,"890afcd2-f762-11e1-a439-00145eb45e9a",-5.538,36.077,1988,6,28,"Spain","8089-1","VAL","Tarifa. Sierra del Cabrito. Puerto del Bujeo","VAL_Lich","E. Barreno","Ca","proper GBIF citations were not initially included here and were added subsequently on 20 November 2020","Atienza V (2019). Universitat de València, Colecciones de Criptógamas: VAL_Lich. Department of Botany, Faculty of Biological Sciences, University of Valencia. Occurrence dataset https://doi.org/10.15468/okajpo accessed via GBIF.org on 2020-11-20.. Accessed from R via rgbif (https://github.com/ropensci/rgbif) on 2020-11-20","https://doi.org/10.15468/okajpo"
178319035,"890afcd2-f762-11e1-a439-00145eb45e9a",-5.598,36.554001,1988,6,27,"Spain","9303-1","VAL","Jerez de la Frontera. Sierra del Aljibe. Puerto de Galiz","VAL_Lich","E. Barreno","Ca","proper GBIF citations were not initially included here and were added subsequently on 20 November 2020","Atienza V (2019). Universitat de València, Colecciones de Criptógamas: VAL_Lich. Department of Botany, Faculty of Biological Sciences, University of Valencia. Occurrence dataset https://doi.org/10.15468/okajpo accessed via GBIF.org on 2020-11-20.. Accessed from R via rgbif (https://github.com/ropensci/rgbif) on 2020-11-20","https://doi.org/10.15468/okajpo"
1212189191,"85739778-f762-11e1-a439-00145eb45e9a",8.9833,39.7333,1987,7,14,"Italy","36477","B","ITALY, SARDINIA. Prov. CAGLIARI. Giara di Gésturi, above Gésturi. Alt. 550 m.","Lichen Herbarium Berlin","H. Sipman",NA,"proper GBIF citations were not initially included here and were added subsequently on 20 November 2020","Botanic Garden and Botanical Museum Berlin (2016). Lichens at Herbarium Berolinense, Berlin (B). Occurrence dataset https://doi.org/10.15468/gmyyyu accessed via GBIF.org on 2020-11-20.. Accessed from R via rgbif (https://github.com/ropensci/rgbif) on 2020-11-20","https://doi.org/10.15468/gmyyyu"
2270731092,"98bceab6-3c3e-4163-945d-6ca10576ebf1",8.983333,39.733333,1987,7,14,"Italy","556473","ASU","Giara di Gesturi, above Gesturi",NA,"T.H. Nash III","Sardinia","proper GBIF citations were not initially included here and were added subsequently on 20 November 2020","Arizona State University Biocollections (2020). Arizona State University Lichen Herbarium. Occurrence dataset https://doi.org/10.15468/qrwfjc accessed via GBIF.org on 2020-11-20.. Accessed from R via rgbif (https://github.com/ropensci/rgbif) on 2020-11-20","https://doi.org/10.15468/qrwfjc"
1055709187,"7e380070-f762-11e1-a439-00145eb45e9a",-2.44154,49.470634,1986,8,22,"Guernsey","BM000761266","NHMUK","Nearest Named Place: Herm","BOT","P W. James",NA,"proper GBIF citations were not initially included here and were added subsequently on 20 November 2020","Natural History Museum (2020). Natural History Museum (London) Collection Specimens. Occurrence dataset https://doi.org/10.5519/0002965 accessed via GBIF.org on 2020-11-20.. Accessed from R via rgbif (https://github.com/ropensci/rgbif) on 2020-11-20","https://doi.org/10.5519/0002965"
178318785,"890afcd2-f762-11e1-a439-00145eb45e9a",-8.57,42.77,1982,6,12,"Spain","8024-1","VAL","Couso. Coto de Couso. Río Ulla","VAL_Lich","Barreno, Crespo & Sancho","Po","proper GBIF citations were not initially included here and were added subsequently on 20 November 2020","Atienza V (2019). Universitat de València, Colecciones de Criptógamas: VAL_Lich. Department of Botany, Faculty of Biological Sciences, University of Valencia. Occurrence dataset https://doi.org/10.15468/okajpo accessed via GBIF.org on 2020-11-20.. Accessed from R via rgbif (https://github.com/ropensci/rgbif) on 2020-11-20","https://doi.org/10.15468/okajpo"
1212212936,"85739778-f762-11e1-a439-00145eb45e9a",-2.2317,49.7133,1975,4,3,"Guernsey","112437","B","GREAT BRITAIN, Channel Islands, Alderney: Fort Clonque. Elev. 20 m.","Lichen Herbarium Berlin","H. Sipman",NA,"proper GBIF citations were not initially included here and were added subsequently on 20 November 2020","Botanic Garden and Botanical Museum Berlin (2016). Lichens at Herbarium Berolinense, Berlin (B). Occurrence dataset https://doi.org/10.15468/gmyyyu accessed via GBIF.org on 2020-11-20.. Accessed from R via rgbif (https://github.com/ropensci/rgbif) on 2020-11-20","https://doi.org/10.15468/gmyyyu"
1212212970,"85739778-f762-11e1-a439-00145eb45e9a",-2.1833,49.7167,1975,4,4,"Guernsey","112458","B","GREAT BRITAIN, Channel Islands, Alderney: Near Essex House. Elev. 50 m.","Lichen Herbarium Berlin","H. Sipman",NA,"proper GBIF citations were not initially included here and were added subsequently on 20 November 2020","Botanic Garden and Botanical Museum Berlin (2016). Lichens at Herbarium Berolinense, Berlin (B). Occurrence dataset https://doi.org/10.15468/gmyyyu accessed via GBIF.org on 2020-11-20.. Accessed from R via rgbif (https://github.com/ropensci/rgbif) on 2020-11-20","https://doi.org/10.15468/gmyyyu"
788666308,"aab0cf80-0c64-11dd-84d1-b8a03c50a862",6.396389,43.005278,1971,5,26,"France","1430319","LD","Ile de Port-Cros","General","Y. Rondon","Provence-Alpes-Côte d'Azur","proper GBIF citations were not initially included here and were added subsequently on 20 November 2020","Wittzell H, Shah M (2020). Lund Botanical Museum (LD). Lund Botanical Museum (LD). Occurrence dataset https://doi.org/10.15468/c4w4co accessed via GBIF.org on 2020-11-20.. Accessed from R via rgbif (https://github.com/ropensci/rgbif) on 2020-11-20","https://doi.org/10.15468/c4w4co"
2449360051,"85739778-f762-11e1-a439-00145eb45e9a",19.9,39.5667,1970,8,13,"Greece","22427","B","GREECE, CORFU. Achillion, near Gastouri, 10 km S of Corfu city. Alt. 100 m.","Lichen Herbarium Berlin","H. Sipman",NA,"proper GBIF citations were not initially included here and were added subsequently on 20 November 2020","Botanic Garden and Botanical Museum Berlin (2016). Lichens at Herbarium Berolinense, Berlin (B). Occurrence dataset https://doi.org/10.15468/gmyyyu accessed via GBIF.org on 2020-11-20.. Accessed from R via rgbif (https://github.com/ropensci/rgbif) on 2020-11-20","https://doi.org/10.15468/gmyyyu"
2449362059,"85739778-f762-11e1-a439-00145eb45e9a",19.9,39.5333,1970,8,15,"Greece","22537","B","GREECE, CORFU. Benitza, 13 km S of Corfu city; 1 km W, trail to springs. Alt. 50 m.","Lichen Herbarium Berlin","H. Sipman",NA,"proper GBIF citations were not initially included here and were added subsequently on 20 November 2020","Botanic Garden and Botanical Museum Berlin (2016). Lichens at Herbarium Berolinense, Berlin (B). Occurrence dataset https://doi.org/10.15468/gmyyyu accessed via GBIF.org on 2020-11-20.. Accessed from R via rgbif (https://github.com/ropensci/rgbif) on 2020-11-20","https://doi.org/10.15468/gmyyyu"
1057181479,"7e380070-f762-11e1-a439-00145eb45e9a",-6.327782,49.921609,1967,1,NA,"United Kingdom","BM000747240","NHMUK",NA,"BOT","H A. Shrimpton","England","proper GBIF citations were not initially included here and were added subsequently on 20 November 2020","Natural History Museum (2020). Natural History Museum (London) Collection Specimens. Occurrence dataset https://doi.org/10.5519/0002965 accessed via GBIF.org on 2020-11-20.. Accessed from R via rgbif (https://github.com/ropensci/rgbif) on 2020-11-20","https://doi.org/10.5519/0002965"
1144744071,"f577c9f3-ae71-4278-b6bf-512ba1dfaa21",6.396,43.005,1967,5,20,"France","G-G-244536/1","G","Port-Cros - Ile de Port-Cros, Plage du Sud/Provence-Alpes-Côte d'Azur","Geneva Herbarium – General Collection (G)","Clauzade, G. (Coll. Rondon)",NA,"proper GBIF citations were not initially included here and were added subsequently on 20 November 2020","Conservatoire et Jardin botaniques de la Ville de Genève - G. Geneva Herbarium – General Collection (G). Occurrence dataset https://doi.org/10.15468/rvjdu1 accessed via GBIF.org on 2020-11-20.. Accessed from R via rgbif (https://github.com/ropensci/rgbif) on 2020-11-20","https://doi.org/10.15468/rvjdu1"
1144744117,"f577c9f3-ae71-4278-b6bf-512ba1dfaa21",6.2925,43.43722,1967,9,27,"France","G-G-244528/1","G","Var - Le Fenouillet","Geneva Herbarium – General Collection (G)","Rondon, Y. (Coll. Rondon)",NA,"proper GBIF citations were not initially included here and were added subsequently on 20 November 2020","Conservatoire et Jardin botaniques de la Ville de Genève - G. Geneva Herbarium – General Collection (G). Occurrence dataset https://doi.org/10.15468/rvjdu1 accessed via GBIF.org on 2020-11-20.. Accessed from R via rgbif (https://github.com/ropensci/rgbif) on 2020-11-20","https://doi.org/10.15468/rvjdu1"
788661618,"aab0cf80-0c64-11dd-84d1-b8a03c50a862",-2.133333,49.216667,1966,4,7,"Jersey","1425403","LD","No locality information available","General","P. W. James",NA,"proper GBIF citations were not initially included here and were added subsequently on 20 November 2020","Wittzell H, Shah M (2020). Lund Botanical Museum (LD). Lund Botanical Museum (LD). Occurrence dataset https://doi.org/10.15468/c4w4co accessed via GBIF.org on 2020-11-20.. Accessed from R via rgbif (https://github.com/ropensci/rgbif) on 2020-11-20","https://doi.org/10.15468/c4w4co"
1212224094,"85739778-f762-11e1-a439-00145eb45e9a",0.2333,43.95,1966,NA,NA,"France","179390","B","FRANCE, Dep. Landes: St. Justin.","Lichen Herbarium Berlin","H. Reznik",NA,"proper GBIF citations were not initially included here and were added subsequently on 20 November 2020","Botanic Garden and Botanical Museum Berlin (2016). Lichens at Herbarium Berolinense, Berlin (B). Occurrence dataset https://doi.org/10.15468/gmyyyu accessed via GBIF.org on 2020-11-20.. Accessed from R via rgbif (https://github.com/ropensci/rgbif) on 2020-11-20","https://doi.org/10.15468/gmyyyu"
788666538,"aab0cf80-0c64-11dd-84d1-b8a03c50a862",-8.33576,40.20443,1960,4,7,"Portugal","1430559","LD","No locality information available","General","C. N. Tavares","Coimbra","proper GBIF citations were not initially included here and were added subsequently on 20 November 2020","Wittzell H, Shah M (2020). Lund Botanical Museum (LD). Lund Botanical Museum (LD). Occurrence dataset https://doi.org/10.15468/c4w4co accessed via GBIF.org on 2020-11-20.. Accessed from R via rgbif (https://github.com/ropensci/rgbif) on 2020-11-20","https://doi.org/10.15468/c4w4co"
788661391,"aab0cf80-0c64-11dd-84d1-b8a03c50a862",-9.16574,39.00031,1958,3,29,"Portugal","1425163","LD","No locality information available","General","C. N. Tavares","Lisboa","proper GBIF citations were not initially included here and were added subsequently on 20 November 2020","Wittzell H, Shah M (2020). Lund Botanical Museum (LD). Lund Botanical Museum (LD). Occurrence dataset https://doi.org/10.15468/c4w4co accessed via GBIF.org on 2020-11-20.. Accessed from R via rgbif (https://github.com/ropensci/rgbif) on 2020-11-20","https://doi.org/10.15468/c4w4co"
1144744053,"f577c9f3-ae71-4278-b6bf-512ba1dfaa21",-1.65222,48.16639,1954,7,16,"France","G-G-244535/1","G","Ille-et-Vilaine - Forêt de Paimpont/Bretagne","Geneva Herbarium – General Collection (G)","Rondon, Y. (Coll. Rondon)",NA,"proper GBIF citations were not initially included here and were added subsequently on 20 November 2020","Conservatoire et Jardin botaniques de la Ville de Genève - G. Geneva Herbarium – General Collection (G). Occurrence dataset https://doi.org/10.15468/rvjdu1 accessed via GBIF.org on 2020-11-20.. Accessed from R via rgbif (https://github.com/ropensci/rgbif) on 2020-11-20","https://doi.org/10.15468/rvjdu1"
788666422,"aab0cf80-0c64-11dd-84d1-b8a03c50a862",-4.0975,48.314444,1954,7,20,"France","1430439","LD","Forêt du Cranou","General","Ove Almborn","Bretagne","proper GBIF citations were not initially included here and were added subsequently on 20 November 2020","Wittzell H, Shah M (2020). Lund Botanical Museum (LD). Lund Botanical Museum (LD). Occurrence dataset https://doi.org/10.15468/c4w4co accessed via GBIF.org on 2020-11-20.. Accessed from R via rgbif (https://github.com/ropensci/rgbif) on 2020-11-20","https://doi.org/10.15468/c4w4co"
788661674,"aab0cf80-0c64-11dd-84d1-b8a03c50a862",-4.161389,48.3275,1949,6,16,"France","1425463","LD","Hanvec","General","Ove Almborn","Bretagne","proper GBIF citations were not initially included here and were added subsequently on 20 November 2020","Wittzell H, Shah M (2020). Lund Botanical Museum (LD). Lund Botanical Museum (LD). Occurrence dataset https://doi.org/10.15468/c4w4co accessed via GBIF.org on 2020-11-20.. Accessed from R via rgbif (https://github.com/ropensci/rgbif) on 2020-11-20","https://doi.org/10.15468/c4w4co"
788686389,"aab0cf80-0c64-11dd-84d1-b8a03c50a862",-4.0975,48.314444,1949,6,16,"France","1450874","LD","Forêt du Cranou","General","Ove Almborn","Bretagne","proper GBIF citations were not initially included here and were added subsequently on 20 November 2020","Wittzell H, Shah M (2020). Lund Botanical Museum (LD). Lund Botanical Museum (LD). Occurrence dataset https://doi.org/10.15468/c4w4co accessed via GBIF.org on 2020-11-20.. Accessed from R via rgbif (https://github.com/ropensci/rgbif) on 2020-11-20","https://doi.org/10.15468/c4w4co"
788686449,"aab0cf80-0c64-11dd-84d1-b8a03c50a862",-2.975833,48.243889,1949,6,16,"France","1450934","LD","Saint-Gilles-Vieux-Marché","General","H. des Abbayes","Bretagne","proper GBIF citations were not initially included here and were added subsequently on 20 November 2020","Wittzell H, Shah M (2020). Lund Botanical Museum (LD). Lund Botanical Museum (LD). Occurrence dataset https://doi.org/10.15468/c4w4co accessed via GBIF.org on 2020-11-20.. Accessed from R via rgbif (https://github.com/ropensci/rgbif) on 2020-11-20","https://doi.org/10.15468/c4w4co"
788686568,"aab0cf80-0c64-11dd-84d1-b8a03c50a862",-4.0975,48.314444,1949,6,16,"France","1451054","LD","Forêt du Cranou","General","Ove Almborn","Bretagne","proper GBIF citations were not initially included here and were added subsequently on 20 November 2020","Wittzell H, Shah M (2020). Lund Botanical Museum (LD). Lund Botanical Museum (LD). Occurrence dataset https://doi.org/10.15468/c4w4co accessed via GBIF.org on 2020-11-20.. Accessed from R via rgbif (https://github.com/ropensci/rgbif) on 2020-11-20","https://doi.org/10.15468/c4w4co"
788686628,"aab0cf80-0c64-11dd-84d1-b8a03c50a862",-4.161389,48.3275,1949,6,16,"France","1451114","LD","Hanvec","General","Ove Almborn","Bretagne","proper GBIF citations were not initially included here and were added subsequently on 20 November 2020","Wittzell H, Shah M (2020). Lund Botanical Museum (LD). Lund Botanical Museum (LD). Occurrence dataset https://doi.org/10.15468/c4w4co accessed via GBIF.org on 2020-11-20.. Accessed from R via rgbif (https://github.com/ropensci/rgbif) on 2020-11-20","https://doi.org/10.15468/c4w4co"
788666595,"aab0cf80-0c64-11dd-84d1-b8a03c50a862",8.683333,36.733333,1948,5,NA,"Tunisia","1430619","LD","Les Chênes","General","H. Runemark","Jendouba","proper GBIF citations were not initially included here and were added subsequently on 20 November 2020","Wittzell H, Shah M (2020). Lund Botanical Museum (LD). Lund Botanical Museum (LD). Occurrence dataset https://doi.org/10.15468/c4w4co accessed via GBIF.org on 2020-11-20.. Accessed from R via rgbif (https://github.com/ropensci/rgbif) on 2020-11-20","https://doi.org/10.15468/c4w4co"
788661333,"aab0cf80-0c64-11dd-84d1-b8a03c50a862",-9.390556,38.7875,1946,4,18,"Portugal","1425103","LD","Pena","General","C. Tavares","Lisboa","proper GBIF citations were not initially included here and were added subsequently on 20 November 2020","Wittzell H, Shah M (2020). Lund Botanical Museum (LD). Lund Botanical Museum (LD). Occurrence dataset https://doi.org/10.15468/c4w4co accessed via GBIF.org on 2020-11-20.. Accessed from R via rgbif (https://github.com/ropensci/rgbif) on 2020-11-20","https://doi.org/10.15468/c4w4co"
788666480,"aab0cf80-0c64-11dd-84d1-b8a03c50a862",6.24445,43.44099,1927,5,NA,"France","1430499","LD","No locality information available","General","J. Suza","Provence-Alpes-Côte d'Azur","proper GBIF citations were not initially included here and were added subsequently on 20 November 2020","Wittzell H, Shah M (2020). Lund Botanical Museum (LD). Lund Botanical Museum (LD). Occurrence dataset https://doi.org/10.15468/c4w4co accessed via GBIF.org on 2020-11-20.. Accessed from R via rgbif (https://github.com/ropensci/rgbif) on 2020-11-20","https://doi.org/10.15468/c4w4co"
788661169,"aab0cf80-0c64-11dd-84d1-b8a03c50a862",-8.455278,41.77,1920,9,NA,"Portugal","1424923","LD","Sá","General","G. Sampaio","Viana do Castelo","proper GBIF citations were not initially included here and were added subsequently on 20 November 2020","Wittzell H, Shah M (2020). Lund Botanical Museum (LD). Lund Botanical Museum (LD). Occurrence dataset https://doi.org/10.15468/c4w4co accessed via GBIF.org on 2020-11-20.. Accessed from R via rgbif (https://github.com/ropensci/rgbif) on 2020-11-20","https://doi.org/10.15468/c4w4co"
788666136,"aab0cf80-0c64-11dd-84d1-b8a03c50a862",-1.509722,46.768333,1881,4,12,"France","1430139","LD","Le Poiré-sur-Vie","General","Y. Rondon","Pays-de-la-Loire","proper GBIF citations were not initially included here and were added subsequently on 20 November 2020","Wittzell H, Shah M (2020). Lund Botanical Museum (LD). Lund Botanical Museum (LD). Occurrence dataset https://doi.org/10.15468/c4w4co accessed via GBIF.org on 2020-11-20.. Accessed from R via rgbif (https://github.com/ropensci/rgbif) on 2020-11-20","https://doi.org/10.15468/c4w4co"
788666366,"aab0cf80-0c64-11dd-84d1-b8a03c50a862",-1.509722,46.768333,1881,4,12,"France","1430379","LD","Le Poiré-sur-Vie","General","Y. Rondon","Pays-de-la-Loire","proper GBIF citations were not initially included here and were added subsequently on 20 November 2020","Wittzell H, Shah M (2020). Lund Botanical Museum (LD). Lund Botanical Museum (LD). Occurrence dataset https://doi.org/10.15468/c4w4co accessed via GBIF.org on 2020-11-20.. Accessed from R via rgbif (https://github.com/ropensci/rgbif) on 2020-11-20","https://doi.org/10.15468/c4w4co"
