"key","datasetKey","decimalLongitude","decimalLatitude","year","month","day","country","catalogNumber","institutionCode","locality","collectionCode","stateProvince","recordedBy"
2005116831,"828a3d8c-f762-11e1-a439-00145eb45e9a",18.765,48.15445,2018,5,22,"Slovakia","54522-771","FR","Santovka, im Park","Herbarium Senckenbergianum (FR) - Fungi",NA,NA
2235561914,"e553568e-2317-4592-8638-92e5ac93b40c",6.22361,48.71722,2018,8,28,"France","NCY021828","CJBN","Butte Sainte Geneviève","NCY","54 Meurthe-et-Moselle","Mahévas, Th."
2464716703,"f0ecd5eb-bc62-40fe-ab53-294cbb34a290",22.631231,48.196829,2018,9,20,"Ukraine","CWU 202959","CWU","near Berehove",NA,NA,"Alla Gromakova"
2365719697,"85739778-f762-11e1-a439-00145eb45e9a",5.1677,52.0858,2018,12,29,"Netherlands","201553","B","THE NETHERLANDS, Utrecht: Uithof university campus, Padua laan W of Transitorium III. Elev. c. 10 m.","Lichen Herbarium Berlin",NA,"H. Sipman & A. Aptroot"
2238516388,"84d26682-f762-11e1-a439-00145eb45e9a",12.092642,55.002481,2017,9,23,"Denmark","DMS-9219461",NA,"Petersgård",NA,NA,"Susanne Rabenborg"
1340042037,"aab0cf80-0c64-11dd-84d1-b8a03c50a862",13.2073,55.56513,2016,10,9,"Sweden","1897548","LD","Torup","General",NA,"Arne Thell"
1324742829,"fb1ecd28-f09e-4747-8bde-0b3d7a6f78d1",5.72052,58.96711,2015,6,5,"Norway","98174","BG","Ledaal","L","Rogaland","Tønsberg, T. & Nygaard, E."
1324742888,"fb1ecd28-f09e-4747-8bde-0b3d7a6f78d1",5.72053,58.96702,2015,6,5,"Norway","98175","BG","Ledaal","L","Rogaland","Tønsberg, T. & Nygaard, E."
2013150706,"7948250c-6958-4a29-a670-ed1015b26252",5.6657,58.9435,2015,6,24,"Norway","221632","O","Madla","L","Rogaland","Jon T. Klepsland"
1676058035,"828a3d8c-f762-11e1-a439-00145eb45e9a",8.63975,49.645333,2014,4,12,"Germany","217245","FR","Heppenheim, Darmstädterstraße, Untersuchungegebiet 1, Aufnahmebaum 2","Herbarium Senckenbergianum (FR) - Fungi",NA,NA
1676058050,"828a3d8c-f762-11e1-a439-00145eb45e9a",9.007806,49.671306,2014,4,27,"Germany","217280","FR","Michelstadt, Landrat-Neff-Straße, Untersuchungsgebiet 2, Aufnahmebaum 3","Herbarium Senckenbergianum (FR) - Fungi",NA,NA
1676058048,"828a3d8c-f762-11e1-a439-00145eb45e9a",8.695667,50.123083,2014,6,17,"Germany","217374","FR","Frankfurt am Main, Burgstraße, Untersuchungsgebiet 5, Aufnahmebaum 5","Herbarium Senckenbergianum (FR) - Fungi",NA,NA
2319679840,"b124e1e0-4755-430f-9eab-894f25a9b59c",5.692633,58.954852,2014,12,7,"Norway","12377943","nbf","Rektor Oldens gate, Stavanger, Ro","so2-lichens","Rogaland","Endre Nygaard"
911997394,"828a3d8c-f762-11e1-a439-00145eb45e9a",8.267867,50.141067,2013,3,27,"Germany","67633","FR","Wiesbaden-Naurod, Trockenborn.","Herbarium Senckenbergianum (FR) - Fungi",NA,NA
1324319290,"7948250c-6958-4a29-a670-ed1015b26252",5.6206,58.9998,2013,7,25,"Norway","198285","O","Randaberg kirke","L","Rogaland","Jon T. Klepsland"
1324319327,"7948250c-6958-4a29-a670-ed1015b26252",5.728,58.8475,2013,7,26,"Norway","198305","O","Sandnes kirke","L","Rogaland","Jon T. Klepsland"
1324319341,"7948250c-6958-4a29-a670-ed1015b26252",5.75,58.8311,2013,7,26,"Norway","198299","O","Høyland kirke","L","Rogaland","Jon T. Klepsland"
1324319352,"7948250c-6958-4a29-a670-ed1015b26252",5.7292,58.8494,2013,7,26,"Norway","198301","O","Sandnes kirke","L","Rogaland","Jon T. Klepsland"
1324319354,"7948250c-6958-4a29-a670-ed1015b26252",5.7274,58.8482,2013,7,26,"Norway","198303","O","Sandnes kirke","L","Rogaland","Jon T. Klepsland"
1501450850,"95e635d4-f762-11e1-a439-00145eb45e9a",-0.8,39.89,2013,7,25,"Spain","1585497","BDBCV","Sierra de El Toro","BDBCV-General","Castellon","S. Fos MartÃ­n"
1212167187,"85739778-f762-11e1-a439-00145eb45e9a",26.0375,38.4247,2013,9,19,"Greece","186900","B","GREECE, East Aegean islands, Chios: ca. 4 km N of Anavatos along gravel road to the north. Alt. 700 m.","Lichen Herbarium Berlin",NA,"H. Sipman & Th. Raus"
1212167218,"85739778-f762-11e1-a439-00145eb45e9a",26.005,38.4817,2013,9,29,"Greece","187381","B","GREECE, East Aegean islands, Chios: E of Diefcha, gravel road to Mt. Plakes. Alt. 700 m.","Lichen Herbarium Berlin",NA,"H. Sipman & Th. Raus"
1501403760,"95e635d4-f762-11e1-a439-00145eb45e9a",0.13,40.65,2012,5,30,"Spain","1534928","BDBCV","Barranco de la Obaga","BDBCV-General","Castellon","S. Fos MartÃ­n | V. Atienza Tamarit"
1501420807,"95e635d4-f762-11e1-a439-00145eb45e9a",0.14,40.64,2012,5,30,"Spain","1554533","BDBCV","Barranc de les Codines","BDBCV-General","Castellon","S. Fos MartÃ­n | V. Atienza Tamarit"
1265801864,"6aeebd1a-c3ad-4bc5-bdfe-24de0e2e9052",2.284529,42.146141,2012,8,22,"Spain","BC-Lichenotheca-950737","BC","Ripoll; Ripoll, El Barretó","BC-Lichenotheca","Girona","E. Llop"
1502331977,"95e635d4-f762-11e1-a439-00145eb45e9a",-0.93,39.88,2011,4,27,"Spain","1331539","BDBCV","Javalambre","BDBCV-General","Valencia","V. Atienza Tamarit | C. J. Mansanet Salvador"
1054069970,"2e4cc37b-302e-4f1b-bbbb-1f674ff90e14",5.751309,58.830618,2011,7,24,"Norway","255088","BioFokus","Høyland kirke","BioFokus","Rogaland","Klepsland, Jon T."
2425459286,"7f2889e6-f762-11e1-a439-00145eb45e9a",2.46,42.05,2011,9,21,"Spain","20007","BCN","Cabrera","Lich","Girona","Esteve Llop"
2425460677,"7f2889e6-f762-11e1-a439-00145eb45e9a",2.45,42.23,2011,9,6,"Spain","19957","BCN","L'Espunya","Lich","Girona","Esteve Llop"
1212166985,"85739778-f762-11e1-a439-00145eb45e9a",23.3717,37.6017,2011,10,1,"Greece","177395","B","GREECE, Peloponnese, nom. Attiki: Methana peninsula. Path between volcanoes N of Panagitsa. Alt. 640 m.","Lichen Herbarium Berlin",NA,"H. Sipman & Th. Raus"
1676057923,"828a3d8c-f762-11e1-a439-00145eb45e9a",9.209444,52.458333,2011,12,30,"Germany","66963","FR","Calenberger Lössbörde, die Rehburger Berge, KD 'Klosterfundamente' nördl. von Rehbug","Herbarium Senckenbergianum (FR) - Fungi",NA,NA
2270732864,"98bceab6-3c3e-4163-945d-6ca10576ebf1",28.070833,38.336944,2010,3,18,"Turkey","585840","ASU","Bozdaglari, Bozdag Koyu, between Salihli and Odemis.",NA,"Izmir","Volker John"
911997389,"828a3d8c-f762-11e1-a439-00145eb45e9a",28.070833,38.33695,2010,3,18,"Turkey","36941","FR","Prov. &#304;zmir (35), Bozda&#287;lar&#305;, Bozda&#287; Köyü, between Salihli and Ödemi&#351;.","Herbarium Senckenbergianum (FR) - Fungi",NA,NA
911997405,"828a3d8c-f762-11e1-a439-00145eb45e9a",28.070833,38.33695,2010,3,18,"Turkey","36940","FR","Prov. &#304;zmir (35), Bozda&#287;lar&#305;, Bozda&#287; Köyü, between Salihli and Ödemi&#351;.","Herbarium Senckenbergianum (FR) - Fungi",NA,NA
1270708615,"828a3d8c-f762-11e1-a439-00145eb45e9a",12.768617,53.15805,2010,4,9,"Germany","41724","FR","Ortslage Flecken Zechlin","Herbarium Senckenbergianum (FR) - Fungi",NA,NA
1212165189,"85739778-f762-11e1-a439-00145eb45e9a",24.6767,40.7117,2010,5,26,"Greece","122544","B","GREECE, nom. Kavala: Thasos island, along road from Maries to Dio Kefales, sideroad from Ipsario road. Alt. 800 m.","Lichen Herbarium Berlin",NA,"H. Sipman & T. Raus"
1212165350,"85739778-f762-11e1-a439-00145eb45e9a",24.6467,40.6783,2010,5,24,"Greece","122353","B","GREECE, nom. Kavala: Thasos island, Pinus forest 1 km NW of Kastro, along road to Limenaria. Alt. 570 m.","Lichen Herbarium Berlin",NA,"H. Sipman & T. Raus"
1212167071,"85739778-f762-11e1-a439-00145eb45e9a",24.685,40.73,2010,5,26,"Greece","185829","B","GREECE, nom. Kavala: Thasos island, along road from Maries to Dio Kefales, sideroad from Ipsario road. Alt. 900 m.","Lichen Herbarium Berlin",NA,"H. Sipman & T. Raus"
788700585,"aab0cf80-0c64-11dd-84d1-b8a03c50a862",14.584658,56.053257,2010,5,8,"Sweden","1465137","LD","No locality information available","General",NA,"Arne Thell"
1212165241,"85739778-f762-11e1-a439-00145eb45e9a",13.1217,52.4333,2010,8,30,"Germany","122069","B","GERMANY, Berlin: southern part of lake Wannsee, island Pfaueninsel. Alt. c. 40 m.","Lichen Herbarium Berlin",NA,"H. Sipman, P. & B. v.d. Boom"
1826813989,"7f2889e6-f762-11e1-a439-00145eb45e9a",-1.69,40.41,2010,9,5,"Spain","17688","BCN","Casas de Búcar, cruce Guadalaviar-Griegos, pista en dirección a Griegos, dolinas.","Lich","Terol","Esteve Llop"
1826814003,"7f2889e6-f762-11e1-a439-00145eb45e9a",-1.69,40.41,2010,9,5,"Spain","17684","BCN","Casas de Búcar, cruce Guadalaviar-Griegos, pista en dirección a Griegos, dolinas.","Lich","Terol","Esteve Llop"
1826814034,"7f2889e6-f762-11e1-a439-00145eb45e9a",-1.69,40.41,2010,9,5,"Spain","17675","BCN","Casas de Búcar, cruce Guadalaviar-Griegos, pista en dirección a Griegos, dolinas.","Lich","Terol","Esteve Llop"
1826814705,"7f2889e6-f762-11e1-a439-00145eb45e9a",-1.63,40.47,2010,9,4,"Spain","17494","BCN","Carretera  A1512 hacia Orihuela del Tremedal, area recreativa Peña del Castillo.","Lich","Terol","Esteve Llop"
1826814713,"7f2889e6-f762-11e1-a439-00145eb45e9a",-1.63,40.47,2010,9,4,"Spain","17529","BCN","Carretera  A1512 hacia Orihuela del Tremedal, area recreativa Peña del Castillo.","Lich","Terol","Esteve Llop"
1826814738,"7f2889e6-f762-11e1-a439-00145eb45e9a",-1.63,40.47,2010,9,4,"Spain","17525","BCN","Carretera  A1512 hacia Orihuela del Tremedal, area recreativa Peña del Castillo.","Lich","Terol","Esteve Llop"
1826814772,"7f2889e6-f762-11e1-a439-00145eb45e9a",-1.69,40.41,2010,9,5,"Spain","17674","BCN","Casas de Búcar, cruce Guadalaviar-Griegos, pista en dirección a Griegos, dolinas.","Lich","Terol","Esteve Llop"
1826814903,"7f2889e6-f762-11e1-a439-00145eb45e9a",-1.69,40.41,2010,9,5,"Spain","17687","BCN","Casas de Búcar, cruce Guadalaviar-Griegos, pista en dirección a Griegos, dolinas.","Lich","Terol","Esteve Llop"
1913755239,"6043b710-f1a6-48bb-a473-8b32b1e43408",16.11278,78.63417,2008,7,27,"Svalbard and Jan Mayen","LID-6697",NA,". Архипелаг Шпицберген. Остров 1652. Возв. Uggdrasilkampen Склон Залив Billefjorden, окр. п. Pyramiden. Fiskeklofta. Скалы. Верх глыбы","KPABG(L)",NA,"Konoreva L.A."
127411211,"fb1ecd28-f09e-4747-8bde-0b3d7a6f78d1",5.71386,58.96629,2006,9,9,"Norway","85126","BG","NV-siden av Eiganes gravlund","L","Rogaland","Johnsen, J.I."
2237979297,"84d26682-f762-11e1-a439-00145eb45e9a",12.58333,55.8,2005,2,20,"Denmark","DMS-247999",NA,"Strandmøllen",NA,NA,"Ole B. Lyshede"
2237980456,"84d26682-f762-11e1-a439-00145eb45e9a",12.55632,55.81625,2005,5,13,"Denmark","DMS-250344",NA,"Jægersborg Hegn",NA,NA,"Ole B. Lyshede"
911996817,"828a3d8c-f762-11e1-a439-00145eb45e9a",13.62055,53.266667,2005,5,25,"Germany","22223","FR","Mark Brandenburg, Uckermark, Boitzenburger Tiergarten","Herbarium Senckenbergianum (FR) - Fungi",NA,NA
911996840,"828a3d8c-f762-11e1-a439-00145eb45e9a",3.877783,43.797217,2005,7,13,"France","22375","FR","Montpellier","Herbarium Senckenbergianum (FR) - Fungi",NA,NA
2449353932,"85739778-f762-11e1-a439-00145eb45e9a",24.4655,38.0508,2005,9,25,"Greece","81113","B","GREECE, W Aegean, Nomos Evvias, Ep. & Dim. Karistos: S Evvia, surroundings of refuge at S foot of Mt. Ochi. Alt. c. 1020 m.","Lichen Herbarium Berlin",NA,"H. Sipman & Th. Raus"
1851693312,"2a89fac8-e079-419e-8883-70a4cd9c25e1",-5.5,42.65,2005,10,29,"Spain","6782-1","LEB","Villaobispo de las Regueras. El Portillín","LICHEN","Leon","L.García"
1872036500,"aec6d756-3aa8-465e-83fd-4f6ee83e693e",34.763317,38.823973,2005,NA,NA,"Turkey","C0350006F","F",NA,"Botany","Nevdehir","K. Yazici"
911996868,"828a3d8c-f762-11e1-a439-00145eb45e9a",37.473883,44.706383,2004,5,10,"Russian Federation","15851","FR","Kaukasus, Maly Utrisch, Gelände der Utrischer Meeresstation","Herbarium Senckenbergianum (FR) - Fungi",NA,NA
911996906,"828a3d8c-f762-11e1-a439-00145eb45e9a",37.473883,44.706383,2004,5,10,"Russian Federation","16171","FR","Kaukasus, Maly Utrisch, Gelände der Utrischer Meeresstation","Herbarium Senckenbergianum (FR) - Fungi",NA,NA
911996815,"828a3d8c-f762-11e1-a439-00145eb45e9a",27.448883,42.030283,2004,8,31,"Bulgaria","16503","FR","Strandza, Thrakischer Grabhügel bei Brasljan","Herbarium Senckenbergianum (FR) - Fungi",NA,NA
1826812782,"7f2889e6-f762-11e1-a439-00145eb45e9a",2.98,42.25,2004,9,7,"Spain","14524","BCN","Sobre Valdezcaray. Espolón de esquistos metamórficos, bajo el pico de San Lorenzo","Lich","La Rioja (Logroño)","Xavier Llimona Pagès"
29530808,"83492a58-f762-11e1-a439-00145eb45e9a",-2,42,2004,9,18,"Spain","15514-1","MA","Villoslada de Cameros, carretera hacia la Ermita de Lomos de Orios","MA-Lichen","Lo","S. Pérez-Ortega"
29530838,"83492a58-f762-11e1-a439-00145eb45e9a",-2,42,2004,9,19,"Spain","15621-1","MA","Villoslada de Cameros, subida al lago Iregua","MA-Lichen","Lo","S. Pérez-Ortega"
1935703018,"5830fa3c-497c-4d37-b771-bd6c84997f2c",15.74556,47.34,2003,4,1,"Austria","0042941","GJO","[Österreich, Steiermark; Naturpark Pöllauer Tal]  Gmde. Saifen-Boden, Winkl-Boden, Gschaidsattel, an der Landesstraße WSW gegenüber vom Gschaidwirt [807 m, 8660/3 (47°20'24""N, 15°44'44""E) Bezirk Hartberg-Fürstenfeld, Gemeinde Pöllau]","Herbarium GJO",NA,"Suppan,Ursula"
1935703033,"5830fa3c-497c-4d37-b771-bd6c84997f2c",15.83389,47.30639,2003,4,1,"Austria","0043167","GJO","[Österreich, Steiermark; Naturpark Pöllauer Tal]  Gmde. Pöllau, Ortsgebiet von Pöllau, Aupark ca. 400 m N von Schloss Pöllau [425 m, 8661/3 (47°18'23""N, 15°50'02""E ±200 m) Bezirk Hartberg-Fürstenfeld, Gemeinde Pöllau, Katastralgemeinde Pöllau]","Herbarium GJO",NA,"Suppan,Ursula"
1935702994,"5830fa3c-497c-4d37-b771-bd6c84997f2c",15.79944,47.33694,2003,5,1,"Austria","0042647","GJO","[Österreich, Steiermark; Naturpark Pöllauer Tal]  Gmde. Sonnhofen, Köppelreith, Sternbauerkogel, Kugelbuche, ca. 230 m NW des Sternbauerkogels [707 m, 8660/4 (47°20'13""N, 15°47'58""E ±200 m) Bezirk Hartberg-Fürstenfeld, Gemeinde Pöllau]","Herbarium GJO",NA,"Suppan,Ursula"
1935703000,"5830fa3c-497c-4d37-b771-bd6c84997f2c",15.8125,47.30694,2003,5,10,"Austria","0042726","GJO","[Österreich, Steiermark; Naturpark Pöllauer Tal]  Gmde. Rabenwald, an der Straße von Pöllau zum Gehöft Wirtpoldl, ca. 300 m NE vom Schloss Lehenshofen [480 m, 8660/4 (47°18'25""N, 15°48'45""E ±300 m) Bezirk Hartberg-Fürstenfeld, Gemeinde Pöllau, Katastralgemeinde Rabenwald]","Herbarium GJO",NA,"Suppan,Ursula"
1935703010,"5830fa3c-497c-4d37-b771-bd6c84997f2c",15.79472,47.29611,2003,5,9,"Austria","0042837","GJO","[Österreich, Steiermark; Naturpark Pöllauer Tal]  Gmde. Rabenwald, Haregg, kreuzförmig angeordnete Obstbaumreihen im Mittel ca. 170 m NE bis SE des Gehöftes Heil, an das nächste Gehöft angrenzend [650 m, 8760/2 (47°17'46""N, 15°47'41""E ±250 m) Bezirk Hartberg-Fürstenfeld, Gemeinde Pöllau, Katastralgemeinde Rabenwald]","Herbarium GJO",NA,"Suppan,Ursula"
1935703021,"5830fa3c-497c-4d37-b771-bd6c84997f2c",15.83194,47.30278,2003,5,16,"Austria","0043057","GJO","[Österreich, Steiermark; Naturpark Pöllauer Tal]  Gmde. Pöllau, Ortsgebiet von Pöllau, Schlosspark unmitelbar WSW von Schloss Pöllau [430 m, 8660/4 (47°18'10""N, 15°49'55""E ±200 m) Bezirk Hartberg-Fürstenfeld, Gemeinde Pöllau, Katastralgemeinde Pöllau]","Herbarium GJO",NA,"Suppan,Ursula"
1935703028,"5830fa3c-497c-4d37-b771-bd6c84997f2c",15.83194,47.30278,2003,5,16,"Austria","0043071","GJO","[Österreich, Steiermark; Naturpark Pöllauer Tal]  Gmde. Pöllau, Ortsgebiet von Pöllau, Schlosspark unmitelbar WSW von Schloss Pöllau [430 m, 8660/4 (47°18'10""N, 15°49'55""E ±200 m) Bezirk Hartberg-Fürstenfeld, Gemeinde Pöllau, Katastralgemeinde Pöllau]","Herbarium GJO",NA,"Suppan,Ursula"
1935703050,"5830fa3c-497c-4d37-b771-bd6c84997f2c",15.83194,47.30278,2003,5,16,"Austria","0043066","GJO","[Österreich, Steiermark; Naturpark Pöllauer Tal]  Gmde. Pöllau, Ortsgebiet von Pöllau, Schlosspark unmitelbar WSW von Schloss Pöllau [430 m, 8660/4 (47°18'10""N, 15°49'55""E ±200 m) Bezirk Hartberg-Fürstenfeld, Gemeinde Pöllau, Katastralgemeinde Pöllau]","Herbarium GJO",NA,"Suppan,Ursula"
1935703054,"5830fa3c-497c-4d37-b771-bd6c84997f2c",15.84444,47.29861,2003,5,16,"Austria","0043221","GJO","[Österreich, Steiermark; Naturpark Pöllauer Tal]  Gmde. Pöllauberg, ""Bergwald"", ca. 550 m E bis SE des Ortskernes von Pöllau [440 m, 8761/1 (47°17'55""N, 15°50'40""E ±200 m) Bezirk Hartberg-Fürstenfeld, Gemeinde Pöllauberg]","Herbarium GJO",NA,"Suppan,Ursula"
1935703056,"5830fa3c-497c-4d37-b771-bd6c84997f2c",15.83194,47.30278,2003,5,16,"Austria","0043059","GJO","[Österreich, Steiermark; Naturpark Pöllauer Tal]  Gmde. Pöllau, Ortsgebiet von Pöllau, Schlosspark unmitelbar WSW von Schloss Pöllau [430 m, 8660/4 (47°18'10""N, 15°49'55""E ±200 m) Bezirk Hartberg-Fürstenfeld, Gemeinde Pöllau, Katastralgemeinde Pöllau]","Herbarium GJO",NA,"Suppan,Ursula"
1935703079,"5830fa3c-497c-4d37-b771-bd6c84997f2c",15.825,47.30139,2003,5,10,"Austria","0043194","GJO","[Österreich, Steiermark; Naturpark Pöllauer Tal]  Gmde. Pöllau, an der Straße nach In der Eben, Straßenknick nach N ca. 500 m W des dicht verbauten Siedlungsgebietes von Pöllau, ca 1 km E des Gutes Lehenshofen [460 m, 8660/4 (47°18'05""N, 15°49'30""E ±200 m) Bezirk Hartberg-Fürstenfeld, Gemeinde Pöllau, Katastralgemeinde Pöllau]","Herbarium GJO",NA,"Suppan,Ursula"
1935702993,"5830fa3c-497c-4d37-b771-bd6c84997f2c",15.80278,47.29583,2003,6,5,"Austria","0042747","GJO","[Österreich, Steiermark; Naturpark Pöllauer Tal]  Gmde. Rabenwald, Haregg, ca. 520 m E des Gehöftes Heil, 100 m S der Straße von Pöllau [620 m, 8760/2 (47°17'45""N, 15°48'10""E ±300 m) Bezirk Hartberg-Fürstenfeld, Gemeinde Pöllau, Katastralgemeinde Rabenwald]","Herbarium GJO",NA,"Suppan,Ursula"
1501041959,"95e635d4-f762-11e1-a439-00145eb45e9a",-0.82,39.92,2003,7,17,"Spain","679317","BDBCV","Sierra de El Toro","BDBCV-General","Castellon","S. Fos MartÃ­n"
1826813293,"7f2889e6-f762-11e1-a439-00145eb45e9a",1.08,41.36,2003,7,15,"Spain","14049","BCN","Camí entre Poblet i la Pena","Lich","Tarragona","Néstor L. Hladun; Gemma Figueras; Moreno, E. & Homs, P."
127411182,"fb1ecd28-f09e-4747-8bde-0b3d7a6f78d1",16.45,78.9833,2002,7,6,"Svalbard and Jan Mayen","81655","BG","SSE of Wijdefjorden, E of Austfjorden, E of Austbotnhytta, E of the creek","L","Spitsbergen","Tønsberg, T."
20030324,"fb1ecd28-f09e-4747-8bde-0b3d7a6f78d1",16.2833,79.0666,2002,7,5,"Svalbard and Jan Mayen","79456","BG","SSE of Wijdefjorden, E of Austfjorden, between Einsteinodden and Austfjordnes","L","Spitsbergen","Tønsberg, T."
911996825,"828a3d8c-f762-11e1-a439-00145eb45e9a",12.59555,53.35,2002,11,1,"Germany","15236","FR","Röbel ssw, Allee unweit Spitzkuhn","Herbarium Senckenbergianum (FR) - Fungi",NA,NA
20030138,"fb1ecd28-f09e-4747-8bde-0b3d7a6f78d1",5.72385,58.97104,2001,1,27,"Norway","71830","BG","Hertevigparken ved Løkkeveien","L","Rogaland","Johnsen, J.I."
20030140,"fb1ecd28-f09e-4747-8bde-0b3d7a6f78d1",5.7189,58.96822,2001,1,27,"Norway","71862","BG","Eiganes gravlund","L","Rogaland","Johnsen, J.I."
29530919,"83492a58-f762-11e1-a439-00145eb45e9a",-3,41,2001,5,17,"Spain","15854-1","MA","N-I (antigua carretera). Dehesa Boyal, Robregordo.","MA-Lichen","M","N. Guil López"
190591071,"fb1ecd28-f09e-4747-8bde-0b3d7a6f78d1",13.2,55.5666,2001,7,21,"Sweden","85323","BG","Hyby par., Torup, c. 300 m N of the castle. RN 61627(32) 13360 (16)","L","Skåne","Lindblom, L. & Blom, H.H."
1899818000,"828a3d8c-f762-11e1-a439-00145eb45e9a",37.47805,44.711117,2001,8,16,"Russian Federation","51191-862","FR","Halbinsel Abrau: bei der Siedlung Malyî Utri","Herbarium Senckenbergianum (FR) - Fungi",NA,NA
1899818001,"828a3d8c-f762-11e1-a439-00145eb45e9a",37.47805,44.711117,2001,8,16,"Russian Federation","51190-862","FR","Halbinsel Abrau: bei der Siedlung Malyî Utri","Herbarium Senckenbergianum (FR) - Fungi",NA,NA
328124715,"890afcd2-f762-11e1-a439-00145eb45e9a",-6.651,42.991001,2001,9,11,"Spain","20398-1","VAL","Cangas del Narcea. Rebollar en el camino de La Viliella a la Vega de La Rondiella. Monte La Viliella.","VAL_Lich","O","S. Pérez-Ortega, J. A. F. Prieto, S. Fos & E. Barreno"
328125017,"890afcd2-f762-11e1-a439-00145eb45e9a",-6.651,42.991001,2001,9,11,"Spain","23244-1","VAL","Cangas del Narcea. Rebollar en el camino de La Viliella a la Vega de La Rondiella. Monte La Viliella.","VAL_Lich","O","S. Pérez-Ortega, J. A. F. Prieto, S. Fos & E. Barreno"
328125019,"890afcd2-f762-11e1-a439-00145eb45e9a",-6.651,42.991001,2001,9,11,"Spain","23246-1","VAL","Cangas del Narcea. Rebollar en el camino de La Viliella a la Vega de La Rondiella. Monte La Viliella.","VAL_Lich","O","S. Pérez-Ortega, J. A. F. Prieto, S. Fos & E. Barreno"
20029438,"fb1ecd28-f09e-4747-8bde-0b3d7a6f78d1",10.0247,59.06053,2000,7,NA,"Norway","59916","BG","Bøkeskogen (The Fagus forest), by Bøkekroa","L","Vestfold","Blom, H.H."
886418,"aab0cf80-0c64-11dd-84d1-b8a03c50a862",13.48825,55.68447,1999,3,8,"Sweden","1184652","LD","No locality information available","General","Skåne","Martin Westberg"
2270772551,"98bceab6-3c3e-4163-945d-6ca10576ebf1",8.533333,61.133333,1999,8,27,"Norway","502324","ASU","Kvam",NA,"Oppland","T.H. Nash III"
31305749,"835f8992-f762-11e1-a439-00145eb45e9a",-2.87,37.970001,1998,1,9,"Spain","8604-1","MAF","La Iruela, Sierra del Pozo, arroyo de las Truchas","MAF-Lich","J","G. Aragón & I. Martínez"
29530165,"83492a58-f762-11e1-a439-00145eb45e9a",-2,40,1998,3,7,"Spain","11085-1","MA","Serranía de Cuenca, arroyo de la Cueva del Fraile","MA-Lichen","Cu","G. Aragón & I. Martínez"
29530247,"83492a58-f762-11e1-a439-00145eb45e9a",-2,40,1998,3,17,"Spain","11500-1","MA","Serranía de Cuenca, Sierra de Valdecabras","MA-Lichen","Cu","G. Aragón & I. Martínez"
29530261,"83492a58-f762-11e1-a439-00145eb45e9a",-2,40,1998,3,17,"Spain","11680-1","MA","Mariana, valle del río Júcar","MA-Lichen","Cu","G. Aragón & I. Martínez"
29529822,"83492a58-f762-11e1-a439-00145eb45e9a",-1,40,1998,5,2,"Spain","10247-1","MA","Tragacete, Sierra de Tragacete, nacimiento del río Júcar","MA-Lichen","Cu","G. Aragón & I. Martínez"
29529886,"83492a58-f762-11e1-a439-00145eb45e9a",-1,40,1998,5,3,"Spain","10360-1","MA","Bronchales, Sierra del Tremedal, cerca de la Maja de las Cabras","MA-Lichen","Te","G. Aragón & I. Martínez"
29529934,"83492a58-f762-11e1-a439-00145eb45e9a",-1,40,1998,5,3,"Spain","10404-1","MA","Orihuela del Tremedal, Sierra del Tremedal, arroyo de Gargantavellanos","MA-Lichen","Te","G. Aragón & I. Martínez"
29530096,"83492a58-f762-11e1-a439-00145eb45e9a",-1,40,1998,5,3,"Spain","10741-1","MA","Campillos-Sierra, Serranía de Cuenca, Valdeliebres","MA-Lichen","Cu","G. Aragón & I. Martínez"
1676057871,"828a3d8c-f762-11e1-a439-00145eb45e9a",7.978889,49.196111,1998,10,4,"Germany","61354","FR","Pfälzerwald. Burg Trifels südl. bei Annweiler, bei den Ruinen des Brunnenturmes","Herbarium Senckenbergianum (FR) - Fungi",NA,NA
1833730315,"828a3d8c-f762-11e1-a439-00145eb45e9a",7.978889,49.196111,1998,10,4,"Germany","263587","FR","Pfälzerwald. Burg Trifels südl. bei Annweiler, bei den Ruinen des Brunnenturmes","Herbarium Senckenbergianum (FR) - Fungi",NA,NA
29531912,"83492a58-f762-11e1-a439-00145eb45e9a",-6,42,1997,4,17,"Spain","8997-1","MA","""Galende, Parque Natural """"Lago de Sanabria"""", río Tera""","MA-Lichen","Za","G. Aragón & I. Martínez"
29531967,"83492a58-f762-11e1-a439-00145eb45e9a",-2,38,1997,4,17,"Spain","9441-1","MA","Paterna del Madera, Sierra de Alcaraz, Sierra de la Atalaya, borde de carretera","MA-Lichen","Ab","G. Aragón & I. Martínez"
29531971,"83492a58-f762-11e1-a439-00145eb45e9a",-2,38,1997,4,12,"Spain","9444-1","MA","Paterna del Madera, Sierra de Alcaraz, Calar de la Osera","MA-Lichen","Ab","G. Aragón & I. Martínez"
29531972,"83492a58-f762-11e1-a439-00145eb45e9a",-2,38,1997,4,25,"Spain","9445-1","MA","Bienservida, Sierra de Alcaraz, Padrón de Bienservida","MA-Lichen","Ab","G. Aragón, A. Herrero & I. Martínez"
152938452,"89579e3e-f762-11e1-a439-00145eb45e9a",13.745368,46.19964,1997,6,5,"Slovenia","F779696","ULBF-AGR",NA,"FloVegSI-FLO",NA,"Primožič K."
31305753,"835f8992-f762-11e1-a439-00145eb45e9a",-2.68,38.169998,1997,6,18,"Spain","8605-1","MAF","Pontones, Sierra de Segura, pico Aroca","MAF-Lich","J","G. Aragón & I. Martínez"
29535277,"83492a58-f762-11e1-a439-00145eb45e9a",-2,38,1996,2,10,"Spain","7421-1","MA","Riópar, Sierra del Calar del Mundo, entre Fuente de la Pedorrilla y Cueva de los Chorros","MA-Lichen","Ab","G. Aragón, A. Herrero & I. Martínez"
31305246,"835f8992-f762-11e1-a439-00145eb45e9a",-2.44,38.450001,1996,2,10,"Spain","5448-1","MAF","Riópar, Sierra del Calar del Mundo, entre Fuente de la Pedorrilla y Cueva de los Chorros","MAF-Lich","Ab","G. Aragón, A. Herrero & I. Martínez"
31308259,"835f8992-f762-11e1-a439-00145eb45e9a",-2.43,38.450001,1996,2,11,"Spain","5592-1","MAF","Riópar, Sierra del Calar del Mundo, Calar del Mundo","MAF-Lich","Ab","G. Aragón, A. Herrero & I. Martínez"
885540,"aab0cf80-0c64-11dd-84d1-b8a03c50a862",13.61106,55.50388,1996,3,1,"Sweden","1006594","LD","No locality information available","General","Skåne","Peter Johnsen"
31305394,"835f8992-f762-11e1-a439-00145eb45e9a",-2.68,38.169998,1996,5,2,"Spain","5834-1","MAF","Pontones, Sierra de Segura, pico Aroca","MAF-Lich","J","G. Aragón & I. Martínez"
31305420,"835f8992-f762-11e1-a439-00145eb45e9a",-2.59,38.32,1996,5,1,"Spain","5880-1","MAF","Siles, Sierra de Segura, Las Acebeas","MAF-Lich","J","G. Aragón & I. Martínez"
152938398,"89579e3e-f762-11e1-a439-00145eb45e9a",14.078639,46.39963,1996,7,7,"Slovenia","F778142","ULBF-AGR",NA,"FloVegSI-FLO",NA,"Trošt T."
29531874,"83492a58-f762-11e1-a439-00145eb45e9a",-6,42,1996,9,6,"Spain","8775-1","MA","""Cobreros, Parque Natural """"Lago de Sanabria"""", arroyo de la Monedera""","MA-Lichen","Za","G. Aragón, J.L. Castillo & A. Herrero"
29531894,"83492a58-f762-11e1-a439-00145eb45e9a",-6,42,1996,9,8,"Spain","8881-1","MA","""Galende, Parque Natural """"Lago de Sanabria"""", cerca del río Tera""","MA-Lichen","Za","G. Aragón, J.L. Castillo & A. Herrero"
29531944,"83492a58-f762-11e1-a439-00145eb45e9a",-6,42,1996,9,8,"Spain","9164-1","MA","""Galende, Parque Natural """"Lago de Sanabria"""", cerca del río Tera""","MA-Lichen","Za","G. Aragón, J.L. Castillo & A. Herrero"
152938391,"89579e3e-f762-11e1-a439-00145eb45e9a",13.745342,46.499604,1996,10,11,"Slovenia","F778009","ULBF-AGR",NA,"FloVegSI-FLO",NA,"Surina B."
29531968,"83492a58-f762-11e1-a439-00145eb45e9a",-2,38,1996,10,5,"Spain","9442-1","MA","Molinicos, Calar del Mundo, arroyo de la Celadilla","MA-Lichen","Ab","G. Aragón, A. Herrero & A. Pujol"
29531970,"83492a58-f762-11e1-a439-00145eb45e9a",-2,38,1996,10,6,"Spain","9443-1","MA","Bogarra, Sierra de Alcaraz, cerca de Las Espineras","MA-Lichen","Ab","G. Aragón, A. Herrero & A. Pujol"
886041,"aab0cf80-0c64-11dd-84d1-b8a03c50a862",13.37635,55.57238,1995,2,18,"Sweden","1052401","LD","No locality information available","General",NA,"Ulf Arup & Stefan Ekman"
178317604,"890afcd2-f762-11e1-a439-00145eb45e9a",-1.021,40.169998,1995,5,3,"Spain","5798-1","VAL","Puebla de Valverde. Sierra de Javalambre. Cerro Verde","VAL_Lich","Te","S. Fos"
31305392,"835f8992-f762-11e1-a439-00145eb45e9a",-2.61,38.27,1995,5,15,"Spain","5833-1","MAF","Segura de la Sierra, Sierra de Segura, río Madera","MAF-Lich","J","G. Aragón & I. Martínez"
152938441,"89579e3e-f762-11e1-a439-00145eb45e9a",14.745284,45.599752,1995,6,15,"Slovenia","F779402","ULBF-AGR",NA,"FloVegSI-FLO","Dolenjska","Mayrhofer H., Batič F., Grube M., Suppan U."
152938431,"89579e3e-f762-11e1-a439-00145eb45e9a",15.078495,46.499659,1995,8,31,"Slovenia","F779124","ULBF-AGR",NA,"FloVegSI-FLO",NA,"Mayrhofer H., Suppan U."
152938430,"89579e3e-f762-11e1-a439-00145eb45e9a",14.911842,46.59964,1995,9,27,"Slovenia","F779091","ULBF-AGR",NA,"FloVegSI-FLO",NA,"Mayrhofer H., Suppan U."
152938327,"89579e3e-f762-11e1-a439-00145eb45e9a",14.078647,46.299642,1995,10,3,"Slovenia","F776703","ULBF-AGR","Julijske Alpe","FloVegSI-FLO",NA,"Batič F., Trošt T."
178317443,"890afcd2-f762-11e1-a439-00145eb45e9a",-3.104,42.736,1995,12,9,"Spain","4703-1","VAL","Bozoo. Monte Recuenco","VAL_Lich","Bu","G. Renobales & P. Pérez-Rovira"
885569,"aab0cf80-0c64-11dd-84d1-b8a03c50a862",13.38496,55.64317,1995,12,15,"Sweden","1008642","LD","No locality information available","General","Skåne","U. Arup & S. Ekman"
1851697908,"2a89fac8-e079-419e-8883-70a4cd9c25e1",-6.75,42.48,1994,1,4,"Spain","2218-2","LEB","Carucedo","LICHEN","Leon","A.Úbeda"
2237896537,"84d26682-f762-11e1-a439-00145eb45e9a",10.22441,56.9404,1994,2,25,"Denmark","DMS-1032457",NA,"Høstemark Skov",NA,NA,"Svanhildur Svane"
152938433,"89579e3e-f762-11e1-a439-00145eb45e9a",14.911851,46.499652,1994,5,13,"Slovenia","F779165","ULBF-AGR",NA,"FloVegSI-FLO",NA,"Mayrhofer H."
152938336,"89579e3e-f762-11e1-a439-00145eb45e9a",13.911995,46.399623,1994,10,28,"Slovenia","F776981","ULBF-AGR","Julijske Alpe","FloVegSI-FLO",NA,"Batič F."
178317187,"890afcd2-f762-11e1-a439-00145eb45e9a",-0.6314,40.418201,1993,6,9,"Spain","25663-1","VAL","Valdelinares, Puerto de Valdelinares","VAL_Lich","Te","V. Atienza"
20028731,"fb1ecd28-f09e-4747-8bde-0b3d7a6f78d1",5.7432,58.96883,1993,6,13,"Norway","14236","BG","In park W side of Hetland church","L","Rogaland","Johnsen, J.I."
20028732,"fb1ecd28-f09e-4747-8bde-0b3d7a6f78d1",5.7197,58.97812,1993,6,13,"Norway","14238","BG","N of playground at park Bjergstedparken","L","Rogaland","Johnsen, J.I."
20028991,"fb1ecd28-f09e-4747-8bde-0b3d7a6f78d1",5.72846,58.84892,1993,6,30,"Norway","34601","BG","Sandnes churchyard, S of the town hall","L","Rogaland","Johnsen, J.I."
20028733,"fb1ecd28-f09e-4747-8bde-0b3d7a6f78d1",5.72513,58.96349,1993,7,9,"Norway","14239","BG","N-side of road Madlaveien, at start of highway","L","Rogaland","Johnsen, J.I."
20028974,"fb1ecd28-f09e-4747-8bde-0b3d7a6f78d1",5.75241,58.83072,1993,7,16,"Norway","32516","BG","at Høiland church","L","Rogaland","Johnsen, J.I."
29533975,"83492a58-f762-11e1-a439-00145eb45e9a",-4,39,1993,12,7,"Spain","14887-1","MA","Los Navalucillos, valle del río Chorro","MA-Lichen","To","F.J. Sarrión, David, Pililla, Chema, Ismael & Henry"
152938262,"89579e3e-f762-11e1-a439-00145eb45e9a",15.24513,46.599655,1992,4,10,"Slovenia","F775253","ULBF-AGR",NA,"FloVegSI-FLO",NA,"Koch M., Mayrhofer H., Matzer M., Pusswald W."
152938323,"89579e3e-f762-11e1-a439-00145eb45e9a",15.411784,46.499674,1992,5,12,"Slovenia","F776489","ULBF-AGR",NA,"FloVegSI-FLO",NA,"Batič F., Kruhar B."
29534861,"83492a58-f762-11e1-a439-00145eb45e9a",-5,40,1992,6,10,"Spain","4687-1","MA","Navamedina, Garganta de Bohoyo, La Apretarilla, ladera N.","MA-Lichen","Av","I.Ibáñez"
29534862,"83492a58-f762-11e1-a439-00145eb45e9a",-5,40,1992,6,10,"Spain","4688-1","MA","Mazalinos, Sierra del Tremedal","MA-Lichen","Av","I.Ibáñez"
29534863,"83492a58-f762-11e1-a439-00145eb45e9a",-5,40,1992,6,10,"Spain","4689-1","MA","La Zarza, Sierra del Tremedal","MA-Lichen","Av","I.Ibáñez"
29534872,"83492a58-f762-11e1-a439-00145eb45e9a",-5,40,1992,6,10,"Spain","4804-1","MA","Mazalinos, Sierra del Tremedal","MA-Lichen","Av","I.Ibáñez"
29534874,"83492a58-f762-11e1-a439-00145eb45e9a",-5,40,1992,6,10,"Spain","4867-1","MA","Mazalinos, Sierra del Tremedal","MA-Lichen","Av","I.Ibáñez"
911997009,"828a3d8c-f762-11e1-a439-00145eb45e9a",12.840283,53.438333,1992,7,24,"Germany","20913","FR","Mecklenburgisches Großseenland, NP Müritz, Speck","Herbarium Senckenbergianum (FR) - Fungi",NA,NA
152938242,"89579e3e-f762-11e1-a439-00145eb45e9a",15.078486,46.599648,1992,9,25,"Slovenia","F774775","ULBF-AGR",NA,"FloVegSI-FLO",NA,"Koch M., Kernn M., Mayrhofer H."
29534858,"83492a58-f762-11e1-a439-00145eb45e9a",-5,40,1991,11,24,"Spain","4686-1","MA","Aliseda de Tormes, carretera a Navamedina. Río Tormes","MA-Lichen","Av","I.Ibáñez"
152938303,"89579e3e-f762-11e1-a439-00145eb45e9a",13.745426,45.499723,1990,1,17,"Slovenia","F776006","ULBF-AGR",NA,"FloVegSI-FLO",NA,"Batič F."
152938289,"89579e3e-f762-11e1-a439-00145eb45e9a",15.245148,46.399678,1990,8,16,"Slovenia","F775885","ULBF-AGR",NA,"FloVegSI-FLO",NA,"Batič F."
885821,"aab0cf80-0c64-11dd-84d1-b8a03c50a862",13.24261,55.50603,1990,8,18,"Sweden","1033473","LD","No locality information available","General","Skåne","Ulf Arup"
885833,"aab0cf80-0c64-11dd-84d1-b8a03c50a862",13.24261,55.50603,1990,8,18,"Sweden","1033857","LD","No locality information available","General","Skåne","Ulf Arup"
178318177,"890afcd2-f762-11e1-a439-00145eb45e9a",-1.0041,40.129799,1990,10,19,"Spain","25672-1","VAL","Puebla de Valverde, Alto del Ave","VAL_Lich","Te","V. Atienza, Barreno & S. Fos"
1316006811,"8f7e3c45-4d76-4982-9478-651439e0cd4b",12.078421,57.490184,1989,8,23,"Sweden","TU79265","TU(M)","Hallandi põhjaosa, Kungsbacka Stadshus ligidal",NA,NA,"Tiina Randlane"
885869,"aab0cf80-0c64-11dd-84d1-b8a03c50a862",12.0743,57.47948,1989,8,23,"Sweden","1036609","LD","No locality information available","General","Halland","U. Arup & S. Ekman"
885870,"aab0cf80-0c64-11dd-84d1-b8a03c50a862",12.09053,57.51713,1989,8,23,"Sweden","1036673","LD","No locality information available","General","Halland","U. Arup & S. Ekman"
885823,"aab0cf80-0c64-11dd-84d1-b8a03c50a862",13.82703,56.1217,1988,6,30,"Sweden","1033537","LD","No locality information available","General","Skåne","S. Ekman & A. Thell"
886038,"aab0cf80-0c64-11dd-84d1-b8a03c50a862",13.32996,55.76902,1987,5,30,"Sweden","1052337","LD","No locality information available","General","Skåne","Arne Thell"
885541,"aab0cf80-0c64-11dd-84d1-b8a03c50a862",13.43176,55.58181,1987,6,29,"Sweden","1006658","LD","Häckeberga","General","Skåne","Ulf Arup"
885545,"aab0cf80-0c64-11dd-84d1-b8a03c50a862",13.2073,55.56513,1987,6,25,"Sweden","1007426","LD","Torup","General","Skåne","Ulf Arup"
885825,"aab0cf80-0c64-11dd-84d1-b8a03c50a862",13.43176,55.58181,1987,6,30,"Sweden","1033601","LD","Häckeberga","General","Skåne","Ulf Arup"
885827,"aab0cf80-0c64-11dd-84d1-b8a03c50a862",13.36706,55.50987,1987,6,28,"Sweden","1033665","LD","No locality information available","General","Skåne","Ulf Arup"
886055,"aab0cf80-0c64-11dd-84d1-b8a03c50a862",14.57337,56.0362,1987,6,22,"Sweden","1057122","LD","No locality information available","General","Blekinge","Arne Thell"
2449351281,"85739778-f762-11e1-a439-00145eb45e9a",9.15,40.85,1987,7,20,"Italy","36898","B","ITALY, SARDINIA. Prov. SASSARI. Gallura. Monte Limbara, near Vallicciola. Alt. 1000-1200 m.","Lichen Herbarium Berlin",NA,"H. Sipman"
885829,"aab0cf80-0c64-11dd-84d1-b8a03c50a862",13.17548,55.54731,1987,7,20,"Sweden","1033729","LD","No locality information available","General","Skåne","Arne Thell"
886063,"aab0cf80-0c64-11dd-84d1-b8a03c50a862",13.04748,55.91436,1987,7,13,"Sweden","1062577","LD","No locality information available","General","Skåne","Arne Thell"
886065,"aab0cf80-0c64-11dd-84d1-b8a03c50a862",13.51704,55.62899,1987,7,20,"Sweden","1062641","LD","Hasslemölla","General","Skåne","Arne Thell"
886314,"aab0cf80-0c64-11dd-84d1-b8a03c50a862",14.11321,55.57698,1987,7,30,"Sweden","1075601","LD","No locality information available","General","Skåne","Arne Thell"
152938298,"89579e3e-f762-11e1-a439-00145eb45e9a",15.245148,46.399678,1987,9,23,"Slovenia","F775975","ULBF-AGR",NA,"FloVegSI-FLO",NA,"Batič F."
152938337,"89579e3e-f762-11e1-a439-00145eb45e9a",14.911851,46.499652,1987,11,6,"Slovenia","F777013","ULBF-AGR","Kamniško-Savinjske Alpe","FloVegSI-FLO",NA,"Batič F."
152938291,"89579e3e-f762-11e1-a439-00145eb45e9a",14.745259,45.899717,1986,3,21,"Slovenia","F775930","ULBF-AGR",NA,"FloVegSI-FLO",NA,"Batič F."
31304227,"835f8992-f762-11e1-a439-00145eb45e9a",-3.77,40.849998,1986,5,29,"Spain","10005-1","MAF","Canencia, Puerto de Canencia","MAF-Lich","M","E. Manrique, V. J. Rico & E. Barreno"
328124652,"890afcd2-f762-11e1-a439-00145eb45e9a",-0.2202,40.530701,1986,5,17,"Spain","1117-2","VAL","Morella, El Campello","VAL_Lich","Cs","V. Atienza"
328124647,"890afcd2-f762-11e1-a439-00145eb45e9a",0.1813,40.699001,1986,6,12,"Spain","1111-1","VAL","Fredes, Pinar Pla","VAL_Lich","Cs","V. Atienza"
2270769629,"98bceab6-3c3e-4163-945d-6ca10576ebf1",10.1,47.116667,1986,7,26,"Austria",NA,"ASU","Verwall Gruppe, S of Klösterle",NA,"Vorarlberg","B.D. Ryan"
178317037,"890afcd2-f762-11e1-a439-00145eb45e9a",0.34,40.669998,1986,9,21,"Spain","1119-1","VAL","La Senia, El Retaule","VAL_Lich","T","Violeta Atienza"
152938272,"89579e3e-f762-11e1-a439-00145eb45e9a",14.078664,46.099665,1986,10,15,"Slovenia","F775599","ULBF-AGR",NA,"FloVegSI-FLO",NA,"Batič F."
31304230,"835f8992-f762-11e1-a439-00145eb45e9a",-3.51,40.98,1986,10,3,"Spain","10008-1","MAF","Berzosa del Lozoya, collado del Portillejo","MAF-Lich","M","V. J. Rico & E. Manrique"
328124645,"890afcd2-f762-11e1-a439-00145eb45e9a",-0.063,40.696999,1986,10,10,"Spain","1110-1","VAL","Pto. de Torremiró, Pinar de la casa forestal","VAL_Lich","Cs","V. Atienza"
328124646,"890afcd2-f762-11e1-a439-00145eb45e9a",-0.063,40.696999,1986,10,10,"Spain","1110-2","VAL","Pto. de Torremiró","VAL_Lich","Cs","V. Atienza"
328124648,"890afcd2-f762-11e1-a439-00145eb45e9a",0.1813,40.699001,1986,10,9,"Spain","1114-1","VAL","Fredes, Pinar Pla","VAL_Lich","Cs","V. Atienza"
328124649,"890afcd2-f762-11e1-a439-00145eb45e9a",0.1813,40.699001,1986,10,9,"Spain","1114-2","VAL","Fredes, Pinar Pla","VAL_Lich","Cs","V. Atienza"
328124670,"890afcd2-f762-11e1-a439-00145eb45e9a",-0.316,39.886002,1986,10,9,"Spain","1572-1","VAL","Eslida, Camino de L´Oret","VAL_Lich","Cs","A. Muñoz"
328124651,"890afcd2-f762-11e1-a439-00145eb45e9a",-0.132,40.638,1986,12,6,"Spain","1116-1","VAL","Chiva de Morella, Tozal de Allepuz","VAL_Lich","Cs","V. Atienza"
328124653,"890afcd2-f762-11e1-a439-00145eb45e9a",0.1631,40.568901,1986,12,6,"Spain","1118-1","VAL","Puerto de Querol","VAL_Lich","Cs","V. Atienza"
31304224,"835f8992-f762-11e1-a439-00145eb45e9a",-5.34,40.549999,1985,3,18,"Spain","10002-1","MAF","San Lorenzo de El Escorial, pr. Silla de Felipe II","MAF-Lich","M","E. Manrique & F. Valladares"
31304225,"835f8992-f762-11e1-a439-00145eb45e9a",-5.34,40.549999,1985,3,18,"Spain","10003-1","MAF","San Lorenzo de El Escorial, pr. Silla de Felipe II","MAF-Lich","M","E. Manrique & F. Valladares"
31304226,"835f8992-f762-11e1-a439-00145eb45e9a",-5.34,40.549999,1985,3,18,"Spain","10004-1","MAF","San Lorenzo de El Escorial, pr. Silla de Felipe II","MAF-Lich","M","E. Manrique & F. Valladares"
178317035,"890afcd2-f762-11e1-a439-00145eb45e9a",0.34,40.669998,1985,6,23,"Spain","1112-1","VAL","La Senia, El Retaule","VAL_Lich","T","A. Crespo, E. Barreno et. Al"
31304575,"835f8992-f762-11e1-a439-00145eb45e9a",0.27,40.75,1985,6,23,"Spain","12968-1","MAF","El Retaule","MAF-Lich","T","V. Atienza & al."
178317036,"890afcd2-f762-11e1-a439-00145eb45e9a",0.27,40.749001,1985,11,2,"Spain","1113-1","VAL","La Cenia, El Retaule","VAL_Lich","T","V. Atienza"
328124650,"890afcd2-f762-11e1-a439-00145eb45e9a",0.124,40.6553,1985,11,2,"Spain","1115-1","VAL","Castell de Cabres","VAL_Lich","Cs","V. Atienza"
31304228,"835f8992-f762-11e1-a439-00145eb45e9a",-5.35,40.27,1984,10,16,"Spain","10006-1","MAF","Sierra de Gredos, Colgadizos","MAF-Lich","Av","L. G. Sancho"
31304229,"835f8992-f762-11e1-a439-00145eb45e9a",-3.95,40.919998,1983,8,19,"Spain","10007-1","MAF","Sierra de Guadarrama, subida al pico de El Nevero, encima de Hoyo Cerrado","MAF-Lich","M","L. G. Sancho"
152938341,"89579e3e-f762-11e1-a439-00145eb45e9a",14.578597,46.099686,1983,10,7,"Slovenia","F777044","ULBF-AGR",NA,"FloVegSI-FLO",NA,"Batič F."
178317153,"890afcd2-f762-11e1-a439-00145eb45e9a",-1.07,40.09,1982,5,31,"Spain","25064-1","VAL","Puebla de Valverde, Refugio ICONA","VAL_Lich","Te","V. Atienza"
187075797,"c89f43c2-98cf-4c60-ad53-ddf7127bb9d5",8.124556,58.135675,1981,6,2,"Norway","1307","NMBU:MINA","Randesund, Øvre Frikstad","L","VEST-AGDER","Yngvar Gauslaa"
2270753799,"98bceab6-3c3e-4163-945d-6ca10576ebf1",8.916667,48.541667,1981,7,22,"Germany","540130","ASU","valley 1 km W of Reusten near Ammerbuch",NA,"Baden-Württemberg","T.H. Nash III"
152938306,"89579e3e-f762-11e1-a439-00145eb45e9a",15.911726,46.399707,1980,3,10,"Slovenia","F776107","ULBF-AGR",NA,"FloVegSI-FLO",NA,"Batič F."
152938308,"89579e3e-f762-11e1-a439-00145eb45e9a",16.07837,46.399714,1980,3,10,"Slovenia","F776115","ULBF-AGR",NA,"FloVegSI-FLO",NA,"Batič F."
2237905581,"84d26682-f762-11e1-a439-00145eb45e9a",11.762323,55.614813,1980,4,14,"Denmark","DMS-1040029",NA,"Tølløse",NA,NA,"Linda Bruhn Jørgensen"
2237900037,"84d26682-f762-11e1-a439-00145eb45e9a",9.7,55.5,1980,5,5,"Denmark","DMS-1036202",NA,"Hindsgavl",NA,NA,"Linda Bruhn Jørgensen"
2237875917,"84d26682-f762-11e1-a439-00145eb45e9a",11.45959,55.20571,1980,8,7,"Denmark","DMS-1012670",NA,"Ormø",NA,NA,"Mogens Skytte Christiansen"
2237863924,"84d26682-f762-11e1-a439-00145eb45e9a",11.8527,55.53581,1978,1,5,"Denmark","DMS-1002038",NA,"Skjoldenæsholm",NA,NA,"Ulrik Søchting"
2237887881,"84d26682-f762-11e1-a439-00145eb45e9a",10.80399,56.28422,1977,6,29,"Denmark","DMS-1023613",NA,"Rugård Gods",NA,NA,"Ulrik Søchting"
2237877240,"84d26682-f762-11e1-a439-00145eb45e9a",11.60039,54.72227,1977,7,27,"Denmark","DMS-1013977",NA,"Godsted",NA,NA,"Mogens Skytte Christiansen"
2237877702,"84d26682-f762-11e1-a439-00145eb45e9a",11.57096,54.72238,1977,7,23,"Denmark","DMS-1013678",NA,"Røgbølle Sø",NA,NA,"Ulrik Søchting"
2237874219,"84d26682-f762-11e1-a439-00145eb45e9a",11.97089,55.28888,1976,5,18,"Denmark","DMS-1012229",NA,"Gisselfeld Gods",NA,NA,"Ulrik Søchting"
2237876954,"84d26682-f762-11e1-a439-00145eb45e9a",11.6717,54.7772,1976,5,20,"Denmark","DMS-1014417",NA,"Krenkerup Gods",NA,NA,"Mogens Skytte Christiansen"
2237878877,"84d26682-f762-11e1-a439-00145eb45e9a",11.68843,54.7895,1976,5,20,"Denmark","DMS-1014410",NA,"Radsted",NA,NA,"Mogens Skytte Christiansen"
234007146,"905daf20-04fd-11df-8c28-b8a03c50a862",13.43176,55.58181,1976,11,11,"Sweden","62157","UME","Häckeberga","General",NA,"Ove Almborn"
919150276,"7948250c-6958-4a29-a670-ed1015b26252",7.1135,60.8526,1975,6,14,"Norway","11534","O","Flåmsdalen mellom Flåm st. og Flåm kirke","L","Sogn og Fjordane","H. Østhagen"
187075496,"d1c13016-51c4-4819-8e4d-56b2082baab4",10.766214,59.665648,1973,6,21,"Norway","3640","NFLI","NLH","L","Akershus","Richard Horntvedt"
788500873,"aab0cf80-0c64-11dd-84d1-b8a03c50a862",15.484167,47.114167,1972,7,10,"Austria","1256306","LD","Wenisbuch","General","Steiermark","P. Döbbeler, L. Poelt & H. Teppner"
2028342667,"ee4d0706-38af-4bc4-8539-e17c0ca8512e",-16.963,65.57,1968,5,30,"Iceland","155852","DUKE","Lake Mývatn, Kálfaströnd Farm",NA,"Northeastern Region","Kristinsson, Hördur"
919150184,"7948250c-6958-4a29-a670-ed1015b26252",5.7317,58.8495,1967,6,21,"Norway","11532","O","Sandnes kirkegård","L","Rogaland","L. Ryvarden"
2237879269,"84d26682-f762-11e1-a439-00145eb45e9a",11.59876,54.8312,1967,7,9,"Denmark","DMS-1014399",NA,"Orebygård",NA,NA,"Gunnar Degelius"
2237882413,"84d26682-f762-11e1-a439-00145eb45e9a",9.404335,54.85168,1967,7,4,"Denmark","DMS-1019728",NA,"Kruså",NA,NA,"Svanhildur Svane"
2237870849,"84d26682-f762-11e1-a439-00145eb45e9a",12.53461,56.0172,1965,11,6,"Denmark","DMS-1009262",NA,"Nyrup Hegn",NA,NA,"Linda Bruhn Jørgensen"
2237871204,"84d26682-f762-11e1-a439-00145eb45e9a",12.53461,56.0172,1965,11,6,"Denmark","DMS-1009261",NA,"Nyrup Hegn",NA,NA,"Linda Bruhn Jørgensen"
2237873295,"84d26682-f762-11e1-a439-00145eb45e9a",12.53461,56.0172,1965,11,6,"Denmark","DMS-1009263",NA,"Nyrup Hegn",NA,NA,"Ida Nicolaisen"
788522937,"aab0cf80-0c64-11dd-84d1-b8a03c50a862",-7.22958,40.64132,1964,9,27,"Portugal","1279385","LD","No locality information available","General","Guarda","C. N. Tavares"
885790,"aab0cf80-0c64-11dd-84d1-b8a03c50a862",13.71335,55.56842,1955,5,22,"Sweden","1031985","LD","No locality information available","General","Skåne","Ove Almborn"
2237863184,"84d26682-f762-11e1-a439-00145eb45e9a",12.16615,55.46007,1951,6,21,"Denmark","DMS-1002208",NA,"Gammel Køgegård",NA,NA,"Mogens Skytte Christiansen"
911996717,"828a3d8c-f762-11e1-a439-00145eb45e9a",9.123617,48.7675,1950,4,22,"Germany","8116","FR","Stuttgart, vom Botnanger Sattel zum Pfaffensee","Herbarium Senckenbergianum (FR) - Fungi",NA,NA
788500817,"aab0cf80-0c64-11dd-84d1-b8a03c50a862",9.091389,48.760833,1950,6,3,"Germany","1256246","LD","Bärenschlössle","General","Baden-Württemberg","E. Putzler"
788500929,"aab0cf80-0c64-11dd-84d1-b8a03c50a862",7.528333,46.977778,1949,5,22,"Switzerland","1256366","LD","Bantiger","General","Bern","Ove Almborn"
788500986,"aab0cf80-0c64-11dd-84d1-b8a03c50a862",6.14,46.203889,1949,5,28,"Switzerland","1256426","LD","Genève","General","Genève","Ove Almborn"
1914128647,"6043b710-f1a6-48bb-a473-8b32b1e43408",22.660931,48.867507,1949,8,10,"Ukraine","LID-11334",NA,"Velikobereznansky district. Окр. с. Чорноголова, г. Лiщинка. Сiножать, на яворi","KPABG(L)","Zakarpatsk province","Makarevitch M.F."
885835,"aab0cf80-0c64-11dd-84d1-b8a03c50a862",13.17548,55.54731,1949,9,11,"Sweden","1033921","LD","No locality information available","General","Skåne","Ove Almborn"
2237870028,"84d26682-f762-11e1-a439-00145eb45e9a",12.3698,55.85652,1948,4,17,"Denmark","DMS-1007493",NA,"Kattehale Mose",NA,NA,"Svanhildur Svane"
2237899484,"84d26682-f762-11e1-a439-00145eb45e9a",12.4,55.86666,1948,4,17,"Denmark","DMS-1034645",NA,"Blovstrød",NA,NA,"Mogens Skytte Christiansen"
788501043,"aab0cf80-0c64-11dd-84d1-b8a03c50a862",4.547222,52.299722,1948,5,26,"Netherlands","1256486","LD","De Zilk","General","Zuid-Holland","R. A. Maas Geesteranus"
885565,"aab0cf80-0c64-11dd-84d1-b8a03c50a862",13.43176,55.58181,1947,5,11,"Sweden","1008386","LD","Häckeberga","General","Skåne","Ove Almborn"
885566,"aab0cf80-0c64-11dd-84d1-b8a03c50a862",13.39952,55.90165,1947,5,8,"Sweden","1008450","LD","No locality information available","General","Skåne","Ove Almborn"
885862,"aab0cf80-0c64-11dd-84d1-b8a03c50a862",13.33334,55.81421,1947,9,17,"Sweden","1036161","LD","No locality information available","General","Skåne","Ove Almborn"
919150212,"7948250c-6958-4a29-a670-ed1015b26252",5.7203,58.9791,1947,12,28,"Norway","11533","O","Bjergsted","L","Rogaland","E. Dahl"
2237881622,"84d26682-f762-11e1-a439-00145eb45e9a",10.71202,55.10678,1946,5,20,"Denmark","DMS-1018721",NA,"Vejstrup",NA,NA,"Mogens Skytte Christiansen"
2237882132,"84d26682-f762-11e1-a439-00145eb45e9a",10.71202,55.10678,1946,5,22,"Denmark","DMS-1018720",NA,"Vejstrup",NA,NA,"Mogens Skytte Christiansen"
885876,"aab0cf80-0c64-11dd-84d1-b8a03c50a862",11.946944,55.273333,1946,7,10,"Denmark","1037057","LD","Villa Gallina","General","Sjælland","Ove Almborn"
885878,"aab0cf80-0c64-11dd-84d1-b8a03c50a862",11.526111,54.691667,1946,7,17,"Denmark","1037185","LD","Kjærstrup","General","Lolland","Ove Almborn"
885796,"aab0cf80-0c64-11dd-84d1-b8a03c50a862",13.2073,55.56513,1946,9,17,"Sweden","1032177","LD","Torup","General","Skåne","Ove Almborn"
885800,"aab0cf80-0c64-11dd-84d1-b8a03c50a862",13.17548,55.54731,1946,9,17,"Sweden","1032305","LD","No locality information available","General","Skåne","Ove Almborn"
885868,"aab0cf80-0c64-11dd-84d1-b8a03c50a862",12.0743,57.47948,1946,10,23,"Sweden","1036545","LD","No locality information available","General","Halland","Gunnar Degelius"
2237863803,"84d26682-f762-11e1-a439-00145eb45e9a",12.46982,55.8385,1945,10,2,"Denmark","DMS-1003208",NA,"Rude Skov",NA,NA,"Mogens Skytte Christiansen"
885856,"aab0cf80-0c64-11dd-84d1-b8a03c50a862",13.27251,55.57161,1944,7,23,"Sweden","1035777","LD","No locality information available","General","Skåne","Ove Almborn"
885561,"aab0cf80-0c64-11dd-84d1-b8a03c50a862",13.42341,55.48075,1943,5,9,"Sweden","1008130","LD","Tärnö","General","Skåne","Ove Almborn"
885563,"aab0cf80-0c64-11dd-84d1-b8a03c50a862",13.3151,55.55842,1943,6,5,"Sweden","1008258","LD","Eksholm","General","Skåne","Ove Almborn"
885564,"aab0cf80-0c64-11dd-84d1-b8a03c50a862",13.53585,55.52944,1943,6,6,"Sweden","1008322","LD","No locality information available","General","Skåne","Ove Almborn"
885792,"aab0cf80-0c64-11dd-84d1-b8a03c50a862",14.1232,55.59811,1943,6,9,"Sweden","1032049","LD","Tunbyholm","General","Skåne","Ove Almborn"
885802,"aab0cf80-0c64-11dd-84d1-b8a03c50a862",13.61106,55.50388,1943,6,6,"Sweden","1032369","LD","No locality information available","General","Skåne","Ove Almborn"
885865,"aab0cf80-0c64-11dd-84d1-b8a03c50a862",14.57337,56.0362,1943,6,12,"Sweden","1036353","LD","No locality information available","General","Blekinge","Ove Almborn"
1086233134,"fe35d6a0-0c6e-11dd-84d2-b8a03c50a862",14,56,1943,7,5,"Sweden","L16403","S","Skåne: Gustaf sn : Stavik (V. om Fjällfotasjön),","S-Fungi","Skåne","Gunnar Degelius"
1086233142,"fe35d6a0-0c6e-11dd-84d2-b8a03c50a862",14,56,1943,7,5,"Sweden","L16395","S","Skåne: Gustaf sn : Stavik (V. om Fjällfotasjön),","S-Fungi","Skåne","Gunnar Degelius"
1086435475,"fe35d6a0-0c6e-11dd-84d2-b8a03c50a862",14,56,1943,7,5,"Sweden","F164386","S","Skåne: Gustaf sn : Stavik (V. om Fjällfotasjön),","S-Fungi","Skåne","Gunnar Degelius"
2237909344,"84d26682-f762-11e1-a439-00145eb45e9a",14.72503,55.20376,1943,7,28,"Denmark","DMS-1042400",NA,"Ruts Kirke",NA,NA,"Paul Gelting"
885543,"aab0cf80-0c64-11dd-84d1-b8a03c50a862",13.04748,55.91436,1943,7,25,"Sweden","1007362","LD","No locality information available","General","Skåne","Ove Almborn"
885562,"aab0cf80-0c64-11dd-84d1-b8a03c50a862",13.29494,55.52163,1943,7,5,"Sweden","1008194","LD","Stavik","General","Skåne","Gunnar Degelius"
885794,"aab0cf80-0c64-11dd-84d1-b8a03c50a862",13.71335,55.56842,1943,7,28,"Sweden","1032113","LD","No locality information available","General","Skåne","Ove Almborn"
885798,"aab0cf80-0c64-11dd-84d1-b8a03c50a862",13.74042,55.56423,1943,7,28,"Sweden","1032241","LD","Kristinelund","General","Skåne","Ove Almborn"
885804,"aab0cf80-0c64-11dd-84d1-b8a03c50a862",13.82703,56.1217,1943,7,17,"Sweden","1032433","LD","No locality information available","General","Skåne","Ove Almborn"
885861,"aab0cf80-0c64-11dd-84d1-b8a03c50a862",13.29494,55.52163,1943,7,5,"Sweden","1036097","LD","Stavik","General","Skåne","Gunnar Degelius"
885864,"aab0cf80-0c64-11dd-84d1-b8a03c50a862",13.71335,55.56842,1943,7,28,"Sweden","1036289","LD","No locality information available","General","Skåne","Ove Almborn"
1086233165,"fe35d6a0-0c6e-11dd-84d2-b8a03c50a862",12,57,1942,5,23,"Sweden","L16416","S","Västergötland: Göteborg, Lärjeholm","S-Fungi","Göteborg","A. H. Magnusson"
234007147,"905daf20-04fd-11df-8c28-b8a03c50a862",13.51173,55.87403,1942,6,19,"Sweden","60904","UME",NA,"General",NA,"Ove Almborn"
885551,"aab0cf80-0c64-11dd-84d1-b8a03c50a862",13.21474,55.53402,1942,6,12,"Sweden","1007746","LD","Roslätt","General","Skåne","Ove Almborn"
885788,"aab0cf80-0c64-11dd-84d1-b8a03c50a862",13.20871,55.53921,1942,6,12,"Sweden","1031921","LD","Lilla Roslätt","General","Skåne","Ove Almborn"
885831,"aab0cf80-0c64-11dd-84d1-b8a03c50a862",13.51173,55.87403,1942,6,20,"Sweden","1033793","LD","No locality information available","General","Skåne","Ove Almborn"
885859,"aab0cf80-0c64-11dd-84d1-b8a03c50a862",13.12536,55.49015,1942,6,12,"Sweden","1035969","LD","No locality information available","General","Skåne","Ove Almborn"
885863,"aab0cf80-0c64-11dd-84d1-b8a03c50a862",13.51173,55.87403,1942,6,20,"Sweden","1036225","LD","No locality information available","General","Skåne","Ove Almborn"
885867,"aab0cf80-0c64-11dd-84d1-b8a03c50a862",14.57337,56.0362,1942,7,28,"Sweden","1036481","LD","No locality information available","General","Blekinge","Ove Almborn"
234007145,"905daf20-04fd-11df-8c28-b8a03c50a862",13.29935,55.49157,1942,8,16,"Sweden","40847","UME","Södra Lindved","General",NA,"Ove Almborn"
885554,"aab0cf80-0c64-11dd-84d1-b8a03c50a862",13.38474,55.49324,1942,8,16,"Sweden","1007874","LD","Ramnakärr","General","Skåne","Ove Almborn"
885567,"aab0cf80-0c64-11dd-84d1-b8a03c50a862",13.24261,55.50603,1942,8,16,"Sweden","1008514","LD","No locality information available","General","Skåne","Ove Almborn"
885568,"aab0cf80-0c64-11dd-84d1-b8a03c50a862",13.28647,55.81192,1942,8,23,"Sweden","1008578","LD","Ellinge","General","Skåne","Ove Almborn"
886052,"aab0cf80-0c64-11dd-84d1-b8a03c50a862",13.39952,55.90165,1942,8,23,"Sweden","1057058","LD","No locality information available","General","Skåne","Ove Almborn"
885858,"aab0cf80-0c64-11dd-84d1-b8a03c50a862",12.7081,56.44991,1942,9,8,"Sweden","1035905","LD","No locality information available","General","Skåne","Ove Almborn"
885872,"aab0cf80-0c64-11dd-84d1-b8a03c50a862",11.97372,57.57588,1941,6,18,"Sweden","1036801","LD","Ambjörnhagen","General","Västergötland","A. H. Magnusson"
2237866514,"84d26682-f762-11e1-a439-00145eb45e9a",12.56182,55.79698,1941,8,31,"Denmark","DMS-1006728",NA,"Eremitagesletten",NA,NA,"Paul Gelting"
2237881247,"84d26682-f762-11e1-a439-00145eb45e9a",10.33098,55.14424,1941,8,7,"Denmark","DMS-1018610",NA,"Korinth",NA,NA,"Paul Gelting"
2237902820,"84d26682-f762-11e1-a439-00145eb45e9a",9.7,55.5,1941,8,11,"Denmark","DMS-1036203",NA,"Hindsgavl",NA,NA,"Paul Gelting"
2237875047,"84d26682-f762-11e1-a439-00145eb45e9a",11.53425,55.44568,1940,7,22,"Denmark","DMS-1012950",NA,"Sorø",NA,NA,"Paul Gelting"
2237901856,"84d26682-f762-11e1-a439-00145eb45e9a",11.56666,55.65,1940,7,21,"Denmark","DMS-1037004",NA,"Knabstrup",NA,NA,"Paul Gelting"
2237902996,"84d26682-f762-11e1-a439-00145eb45e9a",11.56666,55.65,1940,7,21,"Denmark","DMS-1037003",NA,"Knabstrup",NA,NA,"Paul Gelting"
2237904707,"84d26682-f762-11e1-a439-00145eb45e9a",11.46666,55.58333,1940,8,26,"Denmark","DMS-1039207",NA,"Skellingsted",NA,NA,"Paul Gelting"
2237874402,"84d26682-f762-11e1-a439-00145eb45e9a",12.062129,55.480166,1940,9,23,"Denmark","DMS-1011625",NA,"Spanager",NA,NA,"Paul Gelting"
2237873998,"84d26682-f762-11e1-a439-00145eb45e9a",11.91983,55.5318,1940,10,26,"Denmark","DMS-1011564",NA,"Ryttermose",NA,NA,"Paul Gelting"
2237874076,"84d26682-f762-11e1-a439-00145eb45e9a",11.91983,55.5318,1940,10,26,"Denmark","DMS-1011566",NA,"Ryttermose",NA,NA,"Paul Gelting"
2237874197,"84d26682-f762-11e1-a439-00145eb45e9a",11.91983,55.5318,1940,10,26,"Denmark","DMS-1011565",NA,"Ryttermose",NA,NA,"Paul Gelting"
2237875391,"84d26682-f762-11e1-a439-00145eb45e9a",11.91983,55.5318,1940,10,26,"Denmark","DMS-1011563",NA,"Ryttermose",NA,NA,"Paul Gelting"
2237875505,"84d26682-f762-11e1-a439-00145eb45e9a",11.60868,55.18936,1940,10,13,"Denmark","DMS-1013997",NA,"Karrebækstorp Skov",NA,NA,"Paul Gelting"
2237911570,"84d26682-f762-11e1-a439-00145eb45e9a",12.200875,55.405336,1940,10,27,"Denmark","DMS-1044219",NA,"Vallø Dyrehave",NA,NA,"Paul Gelting"
2237883669,"84d26682-f762-11e1-a439-00145eb45e9a",9.74395,55.49941,1939,8,14,"Denmark","DMS-1018963",NA,"Middelfart",NA,NA,"Ove Almborn"
2237900463,"84d26682-f762-11e1-a439-00145eb45e9a",10.36666,55.15,1939,8,12,"Denmark","DMS-1034738",NA,"Brahetrolleborg",NA,NA,"Ove Almborn"
885877,"aab0cf80-0c64-11dd-84d1-b8a03c50a862",10.844167,54.997222,1939,8,11,"Denmark","1037121","LD","Tranekær","General","Langeland","Ove Almborn"
885879,"aab0cf80-0c64-11dd-84d1-b8a03c50a862",10.349167,55.153056,1939,8,12,"Denmark","1037249","LD","Brahetrolleborg","General","Fyn","Ove Almborn"
885880,"aab0cf80-0c64-11dd-84d1-b8a03c50a862",9.689167,55.505278,1939,8,14,"Denmark","1037313","LD","Hindsgavl","General","Fyn","Ove Almborn"
886313,"aab0cf80-0c64-11dd-84d1-b8a03c50a862",10.349167,55.153056,1939,8,12,"Denmark","1075537","LD","Brahetrolleborg","General","Fyn","Ove Almborn"
885857,"aab0cf80-0c64-11dd-84d1-b8a03c50a862",13.27169,55.54033,1938,3,13,"Sweden","1035841","LD","Bökeberg","General","Skåne","Ove Almborn"
1086233177,"fe35d6a0-0c6e-11dd-84d2-b8a03c50a862",12,57,1938,6,23,"Sweden","L16412","S","Halland: Tölö sn: Gåsevadsholm, oxel (t. rikl.) o lind (spars.) v. vägen nära slottet.","S-Fungi","Halland","T. E. Hasselrot"
885552,"aab0cf80-0c64-11dd-84d1-b8a03c50a862",13.32593,55.50685,1938,7,12,"Sweden","1007810","LD","Börringekloster","General","Skåne","Ove Almborn"
885556,"aab0cf80-0c64-11dd-84d1-b8a03c50a862",13.3004,55.51244,1938,7,12,"Sweden","1007938","LD","Vidarp","General","Skåne","Ove Almborn"
885860,"aab0cf80-0c64-11dd-84d1-b8a03c50a862",13.77479,55.5089,1938,7,13,"Sweden","1036033","LD","No locality information available","General","Skåne","Ove Almborn"
234007148,"905daf20-04fd-11df-8c28-b8a03c50a862",12.53758,53.75312,1938,8,16,"Germany","62541","UME",NA,"General",NA,"Ove Almborn"
788505430,"aab0cf80-0c64-11dd-84d1-b8a03c50a862",9.16992,52.77034,1938,8,9,"Germany","1261046","LD","No locality information available","General","Niedersachsen","Ove Almborn"
788505487,"aab0cf80-0c64-11dd-84d1-b8a03c50a862",9.16992,52.77034,1938,8,8,"Germany","1261106","LD","No locality information available","General","Niedersachsen","Ove Almborn"
788505543,"aab0cf80-0c64-11dd-84d1-b8a03c50a862",9.80583,54.18883,1938,8,15,"Germany","1261166","LD","No locality information available","General","Schleswig-Holstein","Ove Almborn"
788505600,"aab0cf80-0c64-11dd-84d1-b8a03c50a862",9.80583,54.18883,1938,8,14,"Germany","1261226","LD","No locality information available","General","Schleswig-Holstein","Ove Almborn"
788512665,"aab0cf80-0c64-11dd-84d1-b8a03c50a862",10.975,53.907778,1938,8,16,"Germany","1268666","LD","Dassow","General","Mecklenburg-Vorpommern","Ove Almborn"
885873,"aab0cf80-0c64-11dd-84d1-b8a03c50a862",12.01825,57.6459,1937,5,31,"Sweden","1036865","LD","No locality information available","General","Västergötland","Ove Almborn"
885875,"aab0cf80-0c64-11dd-84d1-b8a03c50a862",12.206111,55.2525,1937,5,15,"Denmark","1036993","LD","Vemmetofte Vesterskov","General","Sjælland","Ove Almborn"
2237907673,"84d26682-f762-11e1-a439-00145eb45e9a",15.19707,55.3387,1937,6,2,"Denmark","DMS-1041352",NA,"Frederiksø",NA,NA,"Paul Gelting"
885874,"aab0cf80-0c64-11dd-84d1-b8a03c50a862",12.01825,57.6459,1937,6,15,"Sweden","1036929","LD","No locality information available","General","Västergötland","B. Hedvall"
2237908506,"84d26682-f762-11e1-a439-00145eb45e9a",15.19707,55.3387,1937,7,17,"Denmark","DMS-1041353",NA,"Frederiksø",NA,NA,"Paul Gelting"
788483257,"aab0cf80-0c64-11dd-84d1-b8a03c50a862",18.99999,50.31829,1937,7,6,"Poland","1237822","LD","No locality information available","General","Slaskie","A. Graw"
885866,"aab0cf80-0c64-11dd-84d1-b8a03c50a862",14.57337,56.0362,1937,8,19,"Sweden","1036417","LD","No locality information available","General","Blekinge","Ove Almborn"
911996710,"828a3d8c-f762-11e1-a439-00145eb45e9a",9.61305,47.61445,1937,10,1,"Germany","8115","FR","zwischen Schleinsee und Betznau","Herbarium Senckenbergianum (FR) - Fungi",NA,NA
885558,"aab0cf80-0c64-11dd-84d1-b8a03c50a862",13.27169,55.54033,1936,4,5,"Sweden","1008002","LD","Bökeberg","General","Skåne","Ove Almborn"
885560,"aab0cf80-0c64-11dd-84d1-b8a03c50a862",13.49333,55.62035,1936,4,29,"Sweden","1008066","LD","No locality information available","General","Skåne","Ove Almborn"
885855,"aab0cf80-0c64-11dd-84d1-b8a03c50a862",13.27169,55.54033,1936,4,5,"Sweden","1035713","LD","Bökeberg","General","Skåne","Ove Almborn"
919304276,"7948250c-6958-4a29-a670-ed1015b26252",21.1333,78.5667,1936,8,1,"Svalbard and Jan Mayen","170341","O","(Spitsbergen): Barentsøya: Mt. Steinbeisfjellet og Kapp Wojeikow","L","Svalbard","Eilif Dahl"
1086233168,"fe35d6a0-0c6e-11dd-84d2-b8a03c50a862",12,57,1934,10,7,"Sweden","L16413","S","Sweden. Västergötland: Fässberg. The old cemetery","S-Fungi","Göteborg","A. H. Magnusson"
885871,"aab0cf80-0c64-11dd-84d1-b8a03c50a862",12.01825,57.6459,1934,10,7,"Sweden","1036737","LD","No locality information available","General","Västergötland","A. H. Magnusson"
911996699,"828a3d8c-f762-11e1-a439-00145eb45e9a",12.027217,50.40555,1932,5,11,"Germany","8038","FR","Vogtland, Plauen, w Groß Zöbern","Herbarium Senckenbergianum (FR) - Fungi",NA,NA
788507488,"aab0cf80-0c64-11dd-84d1-b8a03c50a862",14.532778,52.1425,1931,NA,NA,"Germany","1263253","LD","Fünfeichen","General","Brandenburg","J. Hillmann"
1086233166,"fe35d6a0-0c6e-11dd-84d2-b8a03c50a862",12,57,1930,1,14,"Sweden","L16411","S","Västergötland: Mölndal, Gamla kyrkogården","S-Fungi","Göteborg","T. E. Hasselrot"
442144751,"8589cc8c-f762-11e1-a439-00145eb45e9a",7.893611,47.788055,1923,8,NA,"Germany","B 60 0030129 / 145865 / 90107","B","Schwarzwald: Holzinshaus bei Schönau (Wiesental)","Blettaucoll",NA,"Lettau, G."
442144749,"8589cc8c-f762-11e1-a439-00145eb45e9a",7.646389,47.757221,1922,5,7,"Germany","B 60 0030124 / 145846 / 90102","B","Baden: Oberhalb Obereggenen (bei Kandern), 400 m.","Blettaucoll",NA,"Lettau, G."
442144747,"8589cc8c-f762-11e1-a439-00145eb45e9a",7.953889,47.964722,1921,8,NA,"Germany","B 60 0030122 / 145835 / 90100","B","Schwarzwald: Kirchzarten bei Freiburg","Blettaucoll",NA,"Lettau, G."
442144761,"8589cc8c-f762-11e1-a439-00145eb45e9a",7.901667,47.91111,1921,8,7,"Germany","B 60 0030136 / 145856 / 90104","B","Schwarzwald: Schauinsland - Hundsrücken (bei Freiburg), 1200 m.","Blettaucoll",NA,"Lettau, G."
442144755,"8589cc8c-f762-11e1-a439-00145eb45e9a",7.823056,47.65139,1920,6,26,"Germany","B 60 0030130 / 145870 / 90108","B","Baden: Schopfheim","Blettaucoll",NA,"Lettau, G."
442144760,"8589cc8c-f762-11e1-a439-00145eb45e9a",7.850278,47.996113,1916,4,11,"Germany","B 60 0030133a / 149885 / 91596","B","Baden: 2) Unter Schönberger Hof bei Freiburg","Blettaucoll",NA,"Lettau, G."
442144750,"8589cc8c-f762-11e1-a439-00145eb45e9a",7.828333,47.77639,1915,10,31,"Germany","B 60 0030125 / 145850 / 90103","B","Schwarzwald: Bürchau - Elbenschwand (kleines Wiesental)","Blettaucoll",NA,"Lettau, G."
442144748,"8589cc8c-f762-11e1-a439-00145eb45e9a",7.661667,47.612778,1914,1,1,"Germany","B 60 0030123 / 145842 / 90101","B","Baden: Eichsel bei Lörrach","Blettaucoll",NA,"Lettau, G."
442144759,"8589cc8c-f762-11e1-a439-00145eb45e9a",7.659167,47.786945,1914,6,1,"Germany","B 60 0030133 / 145864 / 90106","B","Baden:  1) Lipburg bei Müllheim","Blettaucoll",NA,"Lettau, G."
442144753,"8589cc8c-f762-11e1-a439-00145eb45e9a",7.670278,47.802776,1912,5,5,"Germany","B 60 0030129a / 149878 / 91594","B","[Schwarzwald] Baden: Badenweiler - Schweighof","Blettaucoll",NA,"Lettau, G."
442144757,"8589cc8c-f762-11e1-a439-00145eb45e9a",7.914166,47.827778,1912,5,27,"Germany","B 60 0030131 / 145874 / 90109","B","[Schwarzwald] Baden: Knöpflesbrunnen bei Todtnau","Blettaucoll",NA,"Lettau, G."
442144779,"8589cc8c-f762-11e1-a439-00145eb45e9a",7.914166,47.827778,1912,5,27,"Germany","B 60 0030925 / 145922 / 90128","B","Schwarzwald: Knöpflesbrunnen bei Todtnau","Blettaucoll",NA,"Lettau, G."
442144780,"8589cc8c-f762-11e1-a439-00145eb45e9a",7.947222,47.831665,1912,5,27,"Germany","B 60 0030926 / 145924 / 90129","B","[Schwarzwald] Baden: Todtnau gegen Knöpflesbrunnen, 900 m.","Blettaucoll",NA,"Lettau, G."
442144754,"8589cc8c-f762-11e1-a439-00145eb45e9a",7.904722,47.630554,1910,6,15,"Germany","B 60 0030129b / 149880 / 91595","B","[Schwarzwald] Baden: 2) Wehr an der Strasse ins Wehratal","Blettaucoll",NA,"Lettau, G."
919278333,"7948250c-6958-4a29-a670-ed1015b26252",20.65,80.6333,1868,9,6,"Svalbard and Jan Mayen","125843","O","Spitsb.: Parrys ø","L","Svalbard","T.M. Fries"
