"key","datasetKey","decimalLongitude","decimalLatitude","year","month","day","country","catalogNumber","recordedBy","institutionCode","locality","collectionCode","stateProvince"
2365719760,"85739778-f762-11e1-a439-00145eb45e9a",13.88,53.1367,2019,4,29,"Germany","201925","H. Sipman & D. Heinrich","B","GERMANY, Brandenburg: Uckermark, NSG Fauler Ort, 1 km N of Pfingstberg. Alt. 60 m.","Lichen Herbarium Berlin",NA
2365719761,"85739778-f762-11e1-a439-00145eb45e9a",13.88,53.1367,2019,4,29,"Germany","201927","H. Sipman & D. Heinrich","B","GERMANY, Brandenburg: Uckermark, NSG Fauler Ort, 1 km N of Pfingstberg. Alt. 60 m.","Lichen Herbarium Berlin",NA
1947382531,"78c1a71e-abb2-49cf-abc8-efafb981b0e4",5.213,59.7148,2018,4,30,"Norway","18161/1","Geir Gaarder","TRH","Våge vest","L","Hordaland"
2013152853,"7948250c-6958-4a29-a670-ed1015b26252",5.4137,59.7585,2018,4,23,"Norway","223787","Geir Gaarder","O","Geitåsen/Midthaugen","L","Hordaland"
1946699454,"828a3d8c-f762-11e1-a439-00145eb45e9a",18.94945,48.21,2018,5,22,"Slovakia","54394-771",NA,"FR","bei Hontianske Tesáre, Schlucht ""Tesárska roklina""","Herbarium Senckenbergianum (FR) - Fungi",NA
1947382634,"78c1a71e-abb2-49cf-abc8-efafb981b0e4",5.4116,60.1425,2018,5,10,"Norway","18002/1","Geir Gaarder","TRH","Halhjem, Innerøya","L","Hordaland"
1949714922,"828a3d8c-f762-11e1-a439-00145eb45e9a",20.82805,48.633333,2018,5,26,"Slovakia","54651-771",NA,"FR","Schlucht von Zádiel","Herbarium Senckenbergianum (FR) - Fungi",NA
2248479679,"7948250c-6958-4a29-a670-ed1015b26252",5.4198,59.7523,2018,5,7,"Norway","225499","E. Timdal","O","Geitåsen","L","Hordaland"
2265683634,"7948250c-6958-4a29-a670-ed1015b26252",5.6637,60.3026,2018,5,8,"Norway","230236","Björn Nordén, John Bjarne Jordal","O","Fusa: Holmefjord","L","Hordaland"
1990272421,"2e4cc37b-302e-4f1b-bbbb-1f674ff90e14",5.898484,60.154819,2018,6,5,"Norway","595910","Gaarder, Geir; Lorentzen, Mathilde","MFU","Furhovda 10","MFU","Hordaland"
1851035976,"828a3d8c-f762-11e1-a439-00145eb45e9a",12.538333,53.6975,2017,11,4,"Germany","50607-771",NA,"FR","Karstorf","Herbarium Senckenbergianum (FR) - Fungi",NA
1440673677,"2e4cc37b-302e-4f1b-bbbb-1f674ff90e14",6.03472,60.117004,2016,6,9,"Norway","JK16-344","Klepsland, Jon T.","BioFokus","Djupevika (Varaldsøy)","BioFokus","Hordaland"
1455757878,"78c1a71e-abb2-49cf-abc8-efafb981b0e4",5.7413,60.1162,2016,6,13,"Norway","17236/1","Ulrike Hanssen","TRH","Skåråsen sørvest","L","Hordaland"
2013147648,"7948250c-6958-4a29-a670-ed1015b26252",6.0347,60.117,2016,6,9,"Norway","206757","Jon T. Klepsland","O","Djupevika (Varaldsøy)","L","Hordaland"
1676061221,"828a3d8c-f762-11e1-a439-00145eb45e9a",6.94225,47.957867,2016,8,16,"France","49085-771",NA,"FR","am Vorderblockloch bei Wildenstein","Herbarium Senckenbergianum (FR) - Fungi",NA
1836425465,"85739778-f762-11e1-a439-00145eb45e9a",14.2067,53.005,2016,10,13,"Germany","195519","H. Sipman & D. Heinrich","B","DEUTSCHLAND, Brandenburg, Landkreis Uckermark: Nationalpark Unteres Odertal. Forest SW of Criewen, Densenberge. Alt. ca. 20 m.","Lichen Herbarium Berlin",NA
1324743468,"fb1ecd28-f09e-4747-8bde-0b3d7a6f78d1",5.87902,59.5007,2015,9,26,"Norway","99303","Gaarder, G.","BG","vest for Vikedal, Solberg nord","L","Rogaland"
2013151155,"7948250c-6958-4a29-a670-ed1015b26252",5.9662,60.1455,2015,9,10,"Norway","222104","Jon T. Klepsland","O","Øyarhamnsvatnet SV","L","Hordaland"
1209696351,"78c1a71e-abb2-49cf-abc8-efafb981b0e4",7.158,62.9213,2014,3,2,"Norway","15372/1","Geir Gaarder, John Bjarne Jordal","TRH","Raudtuva øst","L","Møre og Romsdal"
1209696353,"78c1a71e-abb2-49cf-abc8-efafb981b0e4",7.1588,62.9225,2014,3,2,"Norway","15371/1","Geir Gaarder, John Bjarne Jordal","TRH","Raudtuva øst","L","Møre og Romsdal"
1209696354,"78c1a71e-abb2-49cf-abc8-efafb981b0e4",8.0786,63.1519,2014,3,9,"Norway","15370/1","Geir Gaarder","TRH","Tustna, Austmarka","L","Møre og Romsdal"
1233564707,"828a3d8c-f762-11e1-a439-00145eb45e9a",16.11455,51.020867,2014,6,15,"Poland","41043",NA,"FR","bei Moisdorf, im ""Grund""","Herbarium Senckenbergianum (FR) - Fungi",NA
1324320055,"7948250c-6958-4a29-a670-ed1015b26252",6.5265,62.4769,2014,6,15,"Norway","199612","John Bjarne Jordal, Perry G. Larsen","O","Sandvika","L","Møre og Romsdal"
1324742538,"fb1ecd28-f09e-4747-8bde-0b3d7a6f78d1",6.15236,60.29304,2014,6,2,"Norway","97311","Gaarder, G., Høitomt, T. & Brynjulvsrud, J.G.","BG","Tørvikbygd, Lyselva","L","Hordaland"
1324742552,"fb1ecd28-f09e-4747-8bde-0b3d7a6f78d1",6.24181,60.43849,2014,6,4,"Norway","97324","Gaarder, G., Høitomt, T. & Brynjulvsrud, J.G.","BG","Kastdalselvi","L","Hordaland"
1324320750,"7948250c-6958-4a29-a670-ed1015b26252",5.3675,59.7298,2014,8,17,"Norway","200677","Jon T. Klepsland","O","Spyssøyhamn N","L","Hordaland"
2409020176,"b124e1e0-4755-430f-9eab-894f25a9b59c",5.36738,59.729809,2014,8,17,"Norway","11985952","Jon Klepsland","nbf","Spyssøyhamn N, Bømlo, Ho","so2-lichens","Hordaland"
1324742646,"fb1ecd28-f09e-4747-8bde-0b3d7a6f78d1",5.70784,59.11719,2014,12,22,"Norway","97571","Johnsen, J.I.","BG","Austbø","L","Rogaland"
1253325996,"bf2a4bf0-5f31-11de-b67e-b8a03c50a862",-2.655556,51.441111,2013,2,23,"United Kingdom","E00755945","Coppins, Brian J.","E","Ashton Court Estate, Clarkencombe Wood","E","England"
1563116028,"bf2a4bf0-5f31-11de-b67e-b8a03c50a862",-5.591667,56.218611,2013,4,10,"United Kingdom","E00817935","Coppins, Brian J.","E","Shuna, woodland S of Port an t-Salainn","E","Scotland"
1324319997,"7948250c-6958-4a29-a670-ed1015b26252",6.1565,59.7207,2013,5,9,"Norway","199533","Björn Nordén, John Bjarne Jordal","O","Frettestranda","L","Hordaland"
1052818554,"828a3d8c-f762-11e1-a439-00145eb45e9a",14.075833,50.97055,2013,10,18,"Germany","38481",NA,"FR","Amselgrund, zwischen Schwedenlöchern & Amselfall","Herbarium Senckenbergianum (FR) - Fungi",NA
1052818555,"828a3d8c-f762-11e1-a439-00145eb45e9a",14.036467,50.97625,2013,10,18,"Germany","38527",NA,"FR","Uttewalder Grund, hinterm Aufstieg nach Uttewalde, vor der Brücke in Richtung Schleifgrund","Herbarium Senckenbergianum (FR) - Fungi",NA
919262631,"7948250c-6958-4a29-a670-ed1015b26252",7.8508,62.7606,2012,1,8,"Norway","183638","John Bjarne Jordal, Geir Gaarder","O","Nesset: Gamsgrø","L","Møre og Romsdal"
1040970998,"7948250c-6958-4a29-a670-ed1015b26252",5.8065,60.0864,2012,6,12,"Norway","194464","Tom H. Hofton, Torbjørn Høitomt, m.fl.","O","Skjelevik","L","Hordaland"
1324741326,"fb1ecd28-f09e-4747-8bde-0b3d7a6f78d1",5.80515,60.08555,2012,6,12,"Norway","95062","Gaarder, G.","BG","Lygre","L","Hordaland"
1324741338,"fb1ecd28-f09e-4747-8bde-0b3d7a6f78d1",5.20976,59.64975,2012,6,14,"Norway","95092","Gaarder, G.","BG","Skogafjellet nord","L","Hordaland"
1324319853,"7948250c-6958-4a29-a670-ed1015b26252",5.9732,59.0247,2012,10,9,"Norway","199448","Björn Nordén, John Bjarne Jordal","O","Jørpeland: Kveldsbeleika","L","Rogaland"
1324319854,"7948250c-6958-4a29-a670-ed1015b26252",5.9961,59.1171,2012,10,8,"Norway","199443","Björn Nordén, John Bjarne Jordal","O","Fiskåneset Ø","L","Rogaland"
1324319863,"7948250c-6958-4a29-a670-ed1015b26252",5.9634,59.102,2012,10,3,"Norway","199422","Björn Nordén, John Bjarne Jordal","O","Rag","L","Rogaland"
1324319882,"7948250c-6958-4a29-a670-ed1015b26252",5.9568,59.1033,2012,10,8,"Norway","199437","Björn Nordén, John Bjarne Jordal","O","Vatland","L","Rogaland"
912722378,"828a3d8c-f762-11e1-a439-00145eb45e9a",14.320833,50.914717,2012,10,11,"Germany","33939",NA,"FR","Elbsandsteingebirge, mittleres Kirnitzschtal, bei der Thorwalder Brücke","Herbarium Senckenbergianum (FR) - Fungi",NA
1324740162,"fb1ecd28-f09e-4747-8bde-0b3d7a6f78d1",5.82376,59.18659,2011,4,16,"Norway","92411","Johnsen, J.I.","BG","Landalia","L","Rogaland"
912722316,"828a3d8c-f762-11e1-a439-00145eb45e9a",23.685283,52.706667,2011,4,24,"Poland","35778",NA,"FR","Gestellweg ""Zielony Tryb"" nördlich der Straße Hajnowka - Bia&#322;owie&#380;a","Herbarium Senckenbergianum (FR) - Fungi",NA
1040970854,"7948250c-6958-4a29-a670-ed1015b26252",6.181,59.4036,2011,6,3,"Norway","194321","Tom H. Hofton","O","Grava N","L","Rogaland"
1054079666,"2e4cc37b-302e-4f1b-bbbb-1f674ff90e14",6.181117,59.403583,2011,6,3,"Norway","THH11145a","Hofton, Tom H.","BioFokus","Grava N","BioFokus","Rogaland"
1324740287,"fb1ecd28-f09e-4747-8bde-0b3d7a6f78d1",5.80131,59.36744,2011,6,11,"Norway","92742","Gaarder, G.","BG","Li 4","L","Rogaland"
1324740302,"fb1ecd28-f09e-4747-8bde-0b3d7a6f78d1",5.80232,59.36611,2011,6,11,"Norway","92729","Gaarder, G.","BG","Li 5","L","Rogaland"
1324740338,"fb1ecd28-f09e-4747-8bde-0b3d7a6f78d1",5.80322,59.36587,2011,6,11,"Norway","92749","Gaarder, G.","BG","Li 5","L","Rogaland"
1054069747,"2e4cc37b-302e-4f1b-bbbb-1f674ff90e14",6.131398,60.253421,2011,7,28,"Norway","JK11-L314","Klepsland, Jon T.","BioFokus","Hjartnes Ø","BioFokus","Hordaland"
1054069752,"2e4cc37b-302e-4f1b-bbbb-1f674ff90e14",6.133588,60.254636,2011,7,28,"Norway","JK11-L309","Klepsland, Jon T.","BioFokus","Hjartnes Ø","BioFokus","Hordaland"
1054069862,"2e4cc37b-302e-4f1b-bbbb-1f674ff90e14",5.764169,60.128608,2011,7,26,"Norway","JK11-L272","Klepsland, Jon T.","BioFokus","Hovda V","BioFokus","Hordaland"
1054069882,"2e4cc37b-302e-4f1b-bbbb-1f674ff90e14",5.761486,60.131166,2011,7,26,"Norway","JK11-L267","Klepsland, Jon T.","BioFokus","Dyna S","BioFokus","Hordaland"
1054069892,"2e4cc37b-302e-4f1b-bbbb-1f674ff90e14",5.764769,60.128551,2011,7,26,"Norway","JK11-L273","Klepsland, Jon T.","BioFokus","Hovda V","BioFokus","Hordaland"
1054088200,"2e4cc37b-302e-4f1b-bbbb-1f674ff90e14",5.86875,60.244642,2011,7,28,"Norway","11308L","Høitomt, Torbjørn","BioFokus","Luren N – Lia nordover fra garden","BioFokus","Hordaland"
919261247,"7948250c-6958-4a29-a670-ed1015b26252",5.8688,60.2447,2011,7,28,"Norway","176715","Torbjørn Høitomt","O","Luren N. Lia nordover fra garden","L","Hordaland"
919261410,"7948250c-6958-4a29-a670-ed1015b26252",5.7615,60.1311,2011,7,26,"Norway","176971","Jon T. Klepsland","O","Dyna S","L","Hordaland"
919261422,"7948250c-6958-4a29-a670-ed1015b26252",6.1314,60.2534,2011,7,28,"Norway","177014","Jon T. Klepsland","O","Hjartnes Ø","L","Hordaland"
919261521,"7948250c-6958-4a29-a670-ed1015b26252",5.7642,60.1286,2011,7,26,"Norway","176976","Jon T. Klepsland","O","Hovda V","L","Hordaland"
919261548,"7948250c-6958-4a29-a670-ed1015b26252",5.7648,60.1285,2011,7,26,"Norway","176977","Jon T. Klepsland","O","Hovda V","L","Hordaland"
919261590,"7948250c-6958-4a29-a670-ed1015b26252",6.1336,60.2546,2011,7,28,"Norway","177010","Jon T. Klepsland","O","Hjartnes Ø","L","Hordaland"
1324740161,"fb1ecd28-f09e-4747-8bde-0b3d7a6f78d1",5.67105,59.10008,2011,10,1,"Norway","92388","Johnsen, J.I.","BG","ved Hellandsvågen","L","Rogaland"
1929743802,"d415c253-4d61-4459-9d25-4015b9084fb0",7.2133,50.1686,2010,1,30,"Germany","01167656","W. R. Buck","NY","Naturschutzgebiet Dortebachtal, along trail from parking area to waterfall, ca. 1 km E of village of Klotten along Hwy 49, along N shore of Mosel River","NY","Rheinland-Pfalz"
1324739518,"fb1ecd28-f09e-4747-8bde-0b3d7a6f78d1",5.66931,59.10003,2010,4,24,"Norway","89885","Johnsen, J.I.","BG","N av Hellandsvågen","L","Rogaland"
1324739524,"fb1ecd28-f09e-4747-8bde-0b3d7a6f78d1",5.66931,59.10003,2010,4,24,"Norway","89825","Johnsen, J.I.","BG","N-av Hellandsvågen","L","Rogaland"
1324740662,"fb1ecd28-f09e-4747-8bde-0b3d7a6f78d1",5.67105,59.10008,2010,4,17,"Norway","93480","Johnsen, J.I.","BG","ved Hellandsvågen","L","Rogaland"
1324740676,"fb1ecd28-f09e-4747-8bde-0b3d7a6f78d1",5.66922,59.10093,2010,4,17,"Norway","93481","Johnsen, J.I.","BG","ved Hellandsvågen","L","Rogaland"
1209697418,"78c1a71e-abb2-49cf-abc8-efafb981b0e4",8.6435,63.0413,2010,5,14,"Norway","15373/1","Geir Gaarder, Kristin Flynn, Ulrike Hanssen","TRH","Geitåa","L","Møre og Romsdal"
1212178117,"85739778-f762-11e1-a439-00145eb45e9a",14.0917,48.3033,2010,5,14,"Austria","178336","Franz Berger","B","AUSTRIA, Oberösterreich (=Upper Austria), 5.1 km ESE of the centre of Eferding, 2 km NW of Alkoven, Eckhartsau, along the secondary branch of the brook Innbach. Alt. 260 m.","Lichen Herbarium Berlin",NA
1324739525,"fb1ecd28-f09e-4747-8bde-0b3d7a6f78d1",5.6585,59.10335,2010,5,13,"Norway","89824","Johnsen, J.I.","BG","Litledal","L","Rogaland"
1324739697,"fb1ecd28-f09e-4747-8bde-0b3d7a6f78d1",5.27715,60.01978,2010,6,24,"Norway","90703","Gaarder, G., Flynn, K.M. Hanssen","BG","Huftarøy, Husavik","L","Hordaland"
1324740894,"fb1ecd28-f09e-4747-8bde-0b3d7a6f78d1",5.26045,60.07845,2010,6,25,"Norway","94302","Flynn, K.M.","BG","Bjelland sørvest","L","Hordaland"
1054069036,"2e4cc37b-302e-4f1b-bbbb-1f674ff90e14",5.209737,59.64967,2010,7,18,"Norway","255628","Klepsland, Jon T.","BioFokus","Skogafjellet N","BioFokus","Hordaland"
1054123984,"2e4cc37b-302e-4f1b-bbbb-1f674ff90e14",5.931806,59.06986,2010,7,15,"Norway","JK10-L231","Klepsland, Jon T.","BioFokus","Ugeliåsen V","BioFokus","Rogaland"
919260557,"7948250c-6958-4a29-a670-ed1015b26252",5.9319,59.0699,2010,7,15,"Norway","175127","Jon T. Klepsland","O","Ugeliåsen V","L","Rogaland"
919260649,"7948250c-6958-4a29-a670-ed1015b26252",5.9615,59.7404,2010,7,17,"Norway","175145","Jon T. Klepsland","O","Prestafjellet N","L","Hordaland"
1324738305,"fb1ecd28-f09e-4747-8bde-0b3d7a6f78d1",5.66024,59.10339,2009,3,28,"Norway","87701","Johnsen, J.I.","BG","Litledal","L","Rogaland"
919264032,"7948250c-6958-4a29-a670-ed1015b26252",8.2602,62.4492,2009,4,25,"Norway","186768","Tom H. Hofton","O","Eikesdalen: Digerurda, over veien","L","Møre og Romsdal"
1324738652,"fb1ecd28-f09e-4747-8bde-0b3d7a6f78d1",5.89884,59.8156,2009,5,24,"Norway","88366","Gaarder, G.","BG","Giskefjellet nord 2","L","Hordaland"
1324738678,"fb1ecd28-f09e-4747-8bde-0b3d7a6f78d1",6.11959,58.92674,2009,5,27,"Norway","88367","Gaarder, G., Jordal, J.B., & Dalen","BG","Bergelia","L","Rogaland"
1324738817,"fb1ecd28-f09e-4747-8bde-0b3d7a6f78d1",6.00266,59.75826,2009,5,21,"Norway","88365","Gaarder, G.","BG","Amlandsheia sør","L","Hordaland"
1324738899,"fb1ecd28-f09e-4747-8bde-0b3d7a6f78d1",6.03056,58.98799,2009,5,25,"Norway","88633","Gaarder, G.","BG","Kalvberg","L","Rogaland"
1324738642,"fb1ecd28-f09e-4747-8bde-0b3d7a6f78d1",6.18458,59.16548,2009,6,5,"Norway","88363","Gaarder, G. & Fjeldstad, H.","BG","Riskadalsvatnet nordside","L","Rogaland"
1324738710,"fb1ecd28-f09e-4747-8bde-0b3d7a6f78d1",6.17973,59.13941,2009,6,1,"Norway","88368","Gaarder, G. & Fjeldstad, H.","BG","Svadberg","L","Rogaland"
1324738793,"fb1ecd28-f09e-4747-8bde-0b3d7a6f78d1",6.09556,59.07609,2009,6,3,"Norway","88364","Gaarder, G. & Fjeldstad, H.","BG","Strandabrynene øst","L","Rogaland"
788712777,"aab0cf80-0c64-11dd-84d1-b8a03c50a862",13.32878,55.67296,2009,6,9,"Sweden","1477413","Martin Löfdal","LD","Dalby Söderskog","General","Skåne"
1324738615,"fb1ecd28-f09e-4747-8bde-0b3d7a6f78d1",5.30477,61.59354,2009,8,24,"Norway","88362","Gaarder, G.","BG","Sandvikbotn NR","L","Sogn og fjordane"
919264139,"7948250c-6958-4a29-a670-ed1015b26252",5.2766,61.5891,2009,8,17,"Norway","186865","Tom H. Hofton","O","Sandvikelva nedenfor Høyvikvatnet","L","Sogn og Fjordane"
1324738787,"fb1ecd28-f09e-4747-8bde-0b3d7a6f78d1",6.09368,59.16325,2009,9,28,"Norway","88460","Johnsen, J.I.","BG","Årdal, NV-siden av Riskedalsvatnet","L","Rogaland"
1324738719,"fb1ecd28-f09e-4747-8bde-0b3d7a6f78d1",5.39278,59.9936,2009,10,2,"Norway","88361","Gaarder, G.","BG","Skjeljavik","L","Hordaland"
2237909989,"84d26682-f762-11e1-a439-00145eb45e9a",12.316317,56.00042,2009,11,9,"Denmark","DMS-1043918",NA,NA,"Maglemose (Gribskov)",NA,NA
2237911055,"84d26682-f762-11e1-a439-00145eb45e9a",12.316317,56.00042,2009,11,9,"Denmark","DMS-1043911",NA,NA,"Maglemose (Gribskov)",NA,NA
1212175178,"85739778-f762-11e1-a439-00145eb45e9a",9.025,53.4183,2008,4,4,"Germany","103343","H. Sipman","B","DEUTSCHLAND, Niedersachsen: Landkr. Landkreis Rotenburg (Wümme). Osterwede, Brillitermoor. MTB 2520/3B2. Elev. 5 m.","Lichen Herbarium Berlin",NA
1212178200,"85739778-f762-11e1-a439-00145eb45e9a",13.44,47.8517,2008,5,4,"Austria","178337","Roman Türk","B","AUSTRIA, Oberösterreich (=Upper Austria), 6.8 km ESE of the centre of Mondsee, valley of the brook Wangauer Ache, between Oberwang and Loibichl. Alt. 560 m.","Lichen Herbarium Berlin",NA
788652293,"aab0cf80-0c64-11dd-84d1-b8a03c50a862",13.95759,55.72117,2008,5,9,"Sweden","1415224","Ulf Arup","LD","No locality information available","General",NA
1324738219,"fb1ecd28-f09e-4747-8bde-0b3d7a6f78d1",5.70442,59.09823,2008,12,22,"Norway","87751","Johnsen, J.I.","BG","vestsiden av Vikefjell","L","Rogaland"
127413273,"fb1ecd28-f09e-4747-8bde-0b3d7a6f78d1",5.66303,58.91292,2006,2,25,"Norway","82841","Johnsen, J.I.","BG","Sørnes, ved Ytraberget","L","Rogaland"
1324738259,"fb1ecd28-f09e-4747-8bde-0b3d7a6f78d1",5.68865,59.09873,2006,4,5,"Norway","87798","Johnsen, J.I.","BG","Prestvågen","L","Rogaland"
1041913539,"78c1a71e-abb2-49cf-abc8-efafb981b0e4",8.4026,62.859,2006,6,11,"Norway","650499/1","Geir Gaarder","TRH","Mulvikknuken S-side","L","Møre og Romsdal"
1212174849,"85739778-f762-11e1-a439-00145eb45e9a",-4.0667,48.2,2006,7,31,"France","108841","A. Aptroot","B","FRANCE, Bretagne, Finistère: Chateaulin, along N shore of River Aulne near Ty Carré. Elev. 10 m.","Lichen Herbarium Berlin",NA
1676061048,"828a3d8c-f762-11e1-a439-00145eb45e9a",7.285,50.1875,2006,10,1,"Germany","215493",NA,"FR","[Cochem-Zell] Verbandsgemeinde Treis-Karden, Pommerbachtal W Karden, Bachaue entlang Pommerbach","Herbarium Senckenbergianum (FR) - Fungi",NA
1324740648,"fb1ecd28-f09e-4747-8bde-0b3d7a6f78d1",5.43537,59.06768,2005,3,12,"Norway","93446","Johnsen, J.I.","BG","Krossøy","L","Rogaland"
2237895184,"84d26682-f762-11e1-a439-00145eb45e9a",10.23833,56.83525,2005,4,30,"Denmark","DMS-1030848","Vagn Alstrup",NA,"Tofte Skov",NA,NA
912722322,"828a3d8c-f762-11e1-a439-00145eb45e9a",-0.933333,43.116667,2005,7,14,"France","22420",NA,"FR","Aquitanien, Aussurucq, Foret Communale d'Aussurucq im Foret des Arbailles","Herbarium Senckenbergianum (FR) - Fungi",NA
1041934467,"78c1a71e-abb2-49cf-abc8-efafb981b0e4",6.1307,59.7634,2004,5,23,"Norway","10803/1","Geir Gaarder","TRH","Åkrafjorden, Sævereidberget","L","Hordaland"
127413274,"fb1ecd28-f09e-4747-8bde-0b3d7a6f78d1",23.7833,52.7,2004,5,3,"Poland","82884","Kukwa, M.","BG","Bialowieza Primeval Forest, forest section no 450","L","Równina bielska"
20044457,"fb1ecd28-f09e-4747-8bde-0b3d7a6f78d1",5.97351,59.73593,2004,5,21,"Norway","78951","Gaarder, G.","BG","Åkrafjorden: Tungesvikstranda","L","Hordaland"
912722293,"828a3d8c-f762-11e1-a439-00145eb45e9a",15.304167,51.03055,2004,7,11,"Poland","15699",NA,"FR","beim Schloß Tzschocha","Herbarium Senckenbergianum (FR) - Fungi",NA
912722336,"828a3d8c-f762-11e1-a439-00145eb45e9a",15.304167,51.030283,2004,7,11,"Poland","15707",NA,"FR","beim Schloß Tzschocha","Herbarium Senckenbergianum (FR) - Fungi",NA
1041934413,"78c1a71e-abb2-49cf-abc8-efafb981b0e4",8.0819,62.9697,2004,12,4,"Norway","13536/1","Geir Gaarder","TRH","SW-facing slope of Gylhamran","L","Møre og Romsdal"
1041934869,"78c1a71e-abb2-49cf-abc8-efafb981b0e4",7.1858,62.8886,2003,2,27,"Norway","8736/1","Geir Gaarder","TRH","SE of Langvatnet, NW-facing slope of Talstadhesten","L","Møre og Romsdal"
328125579,"890afcd2-f762-11e1-a439-00145eb45e9a",-6.723,43.02,2003,3,21,"Spain","22224-1","S. Pérez-Ortega","VAL","Cangas del Narcea. Tronco muerto de roble en el camino hacia las lagunas cerca del río Tablizas. Monte Muniellos","VAL_Lich","O"
328125580,"890afcd2-f762-11e1-a439-00145eb45e9a",-6.723,43.02,2003,3,21,"Spain","22232-1","S. Pérez-Ortega","VAL","Cangas del Narcea. Tronco muerto de roble en el camino hacia las lagunas cerca del río Tablizas. Monte Muniellos","VAL_Lich","O"
328125582,"890afcd2-f762-11e1-a439-00145eb45e9a",-6.723,43.02,2003,3,21,"Spain","22241-1","S. Pérez-Ortega","VAL","Cangas del Narcea. Tronco muerto de roble en el camino hacia las lagunas cerca del río Tablizas. Monte Muniellos","VAL_Lich","O"
328125596,"890afcd2-f762-11e1-a439-00145eb45e9a",-6.686,43.036999,2003,3,20,"Spain","22430-1","S. Pérez-Ortega","VAL","Cangas del Narcea. Hayedo en el camino del Pico Luis. Monte Muniellos.","VAL_Lich","O"
328125605,"890afcd2-f762-11e1-a439-00145eb45e9a",-6.723,43.02,2003,3,21,"Spain","22490-1","S. Pérez-Ortega","VAL","Cangas del Narcea. Tronco muerto de roble en el camino hacia las lagunas cerca del río Tablizas. Monte Muniellos","VAL_Lich","O"
328125609,"890afcd2-f762-11e1-a439-00145eb45e9a",-6.686,43.036999,2003,3,20,"Spain","22500-1","S. Pérez-Ortega","VAL","Cangas del Narcea. Hayedo en el camino del Pico Luis. Monte Muniellos.","VAL_Lich","O"
328125641,"890afcd2-f762-11e1-a439-00145eb45e9a",-6.723,43.02,2003,3,21,"Spain","22761-1","S. Pérez-Ortega","VAL","Cangas del Narcea. Tronco muerto de roble en el camino hacia las lagunas cerca del río Tablizas. Monte Muniellos","VAL_Lich","O"
20044330,"fb1ecd28-f09e-4747-8bde-0b3d7a6f78d1",6.37199,59.54153,2001,7,23,"Norway","70625","Tønsberg, T.","BG","Ørland Nature Reserve","L","Rogaland"
125713264,"84cdd6d0-f762-11e1-a439-00145eb45e9a",8,56,2001,11,10,"Denmark","17018","René S. Larsen","C","NWJ: Kås Skov W of Skive","L","Northern Jutland"
125713265,"84cdd6d0-f762-11e1-a439-00145eb45e9a",8,56,2001,11,10,"Denmark","17019","René S. Larsen","C","NWJ: Kås Skov W of Skive","L","Northern Jutland"
2237894135,"84d26682-f762-11e1-a439-00145eb45e9a",8.691537,56.61997,2001,11,10,"Denmark","DMS-1029021","Rene S. Larsen",NA,"Kås Skov",NA,NA
1212178143,"85739778-f762-11e1-a439-00145eb45e9a",13.4133,48.3383,2000,11,19,"Austria","178338","Franz Berger","B","AUSTRIA, Oberösterreich (=Upper Austria), district Ried im Innkreis, 29 km ENE of Braunau am Inn, along the rivulet Antisen, near Hübing. Alt. 320 m.","Lichen Herbarium Berlin",NA
1987970710,"628abbe5-dc8d-41e9-a0c7-f05efe282649",9.3,47.58,1999,9,7,"Switzerland","L29272","Trevor Goward, Christoph Scheidegger","ca.ubc","Romanshorn region near Amriswii","UBC-lichen","Thurgau"
1041918026,"78c1a71e-abb2-49cf-abc8-efafb981b0e4",8.4213,62.8638,1998,1,24,"Norway","5618/3","Geir Gaarder","TRH","NE-facing slope of Mulvikknuken","L","Møre og Romsdal"
2237903480,"84d26682-f762-11e1-a439-00145eb45e9a",11.290168,55.780627,1996,4,20,"Denmark","DMS-1038068","Vagn Alstrup",NA,"Nekselø",NA,NA
2237904993,"84d26682-f762-11e1-a439-00145eb45e9a",11.290168,55.780627,1996,4,20,"Denmark","DMS-1038081","Vagn Alstrup",NA,"Nekselø",NA,NA
20043238,"fb1ecd28-f09e-4747-8bde-0b3d7a6f78d1",5.17575,59.70394,1996,5,13,"Norway","38350","Tønsberg, T.","BG","Bømlo, W of village Lykling, N of Lyklingfjorden","L","Hordaland"
2237898633,"84d26682-f762-11e1-a439-00145eb45e9a",9.923832,56.88889,1996,5,3,"Denmark","DMS-1033531","Svanhildur Svane",NA,"Skindbjerglund",NA,NA
2237900874,"84d26682-f762-11e1-a439-00145eb45e9a",9.923832,56.88889,1996,5,3,"Denmark","DMS-1033563","Vagn Alstrup",NA,"Skindbjerglund",NA,NA
20044325,"fb1ecd28-f09e-4747-8bde-0b3d7a6f78d1",5.26795,60.08098,1996,6,6,"Norway","66257","Tønsberg, T.","BG","Huftarøy, NE of farm Bjelland, the E-facing slope between the road and Haukanespollen","L","Hordaland"
915474,"aab0cf80-0c64-11dd-84d1-b8a03c50a862",14.30952,55.50145,1996,10,18,"Sweden","1184018","Martin Westberg","LD","No locality information available","General","Skåne"
2237891504,"84d26682-f762-11e1-a439-00145eb45e9a",9.570838,56.04539,1995,5,12,"Denmark","DMS-1027631","Svanhildur Svane",NA,"Løndal Skov",NA,NA
914639,"aab0cf80-0c64-11dd-84d1-b8a03c50a862",14.04506,56.18209,1995,5,26,"Sweden","1031375","Stefan Ekman","LD","No locality information available","General",NA
914645,"aab0cf80-0c64-11dd-84d1-b8a03c50a862",13.46152,56.1104,1995,5,1,"Sweden","1031567","U. Arup & S. Ekman","LD","No locality information available","General",NA
1837445609,"aab0cf80-0c64-11dd-84d1-b8a03c50a862",13.1885,55.91721,1995,NA,NA,"Sweden","1940385","T. Tyler","LD","800 m VSV Trolleholm","General","Skåne"
29534943,"83492a58-f762-11e1-a439-00145eb45e9a",-1,43,1994,1,4,"Spain","5358-1","J. Etayo","MA","Oronoz-Mugaire, Parque natural de Bértiz, subiendo a Aitzcolegi","MA-Lichen","Na"
178317926,"890afcd2-f762-11e1-a439-00145eb45e9a",3.223,41.970001,1994,2,24,"Spain","9465-1","S. Fos","VAL","Begur. Puig Malaret","VAL_Lich","Ge"
20042971,"fb1ecd28-f09e-4747-8bde-0b3d7a6f78d1",6.14078,59.77434,1994,4,2,"Norway","26191","Tønsberg, T.","BG","E of Åkrafjorden, ca. 5 km N of Kyrping, Perahaugen, just E of the road","L","Hordaland"
20042980,"fb1ecd28-f09e-4747-8bde-0b3d7a6f78d1",5.44956,60.14036,1994,4,11,"Norway","26195","Tønsberg, T.","BG","Bjørnen, S of the small community Bjørnen, the E-facing slope of hill Bjørnahaugen","L","Hordaland"
2237889972,"84d26682-f762-11e1-a439-00145eb45e9a",9.514857,56.13299,1994,4,10,"Denmark","DMS-1026460","Vagn Alstrup",NA,"Silkeborg Vesterskov",NA,NA
2237891664,"84d26682-f762-11e1-a439-00145eb45e9a",9.514857,56.13299,1994,4,10,"Denmark","DMS-1026465","Vagn Alstrup",NA,"Silkeborg Vesterskov",NA,NA
2237893251,"84d26682-f762-11e1-a439-00145eb45e9a",9.611244,56.12155,1994,4,23,"Denmark","DMS-1027291","Vagn Alstrup",NA,"Silkeborg Sønderskov",NA,NA
20042877,"fb1ecd28-f09e-4747-8bde-0b3d7a6f78d1",5.97376,59.7396,1994,8,1,"Norway","25869","Tønsberg, T.","BG","W of Tungesvikstranda, the NE slope of Mt Prestafjellet","L","Hordaland"
2237882467,"84d26682-f762-11e1-a439-00145eb45e9a",10.79068,55.51464,1994,10,30,"Denmark","DMS-1018848","Svanhildur Svane",NA,"Romsø",NA,NA
187076963,"c89f43c2-98cf-4c60-ad53-ddf7127bb9d5",5.499667,59.988074,1993,7,14,"Norway","900","Yngvar Gauslaa","NMBU:MINA","Støle","L","Hordaland"
187076964,"c89f43c2-98cf-4c60-ad53-ddf7127bb9d5",5.499667,59.988074,1993,7,14,"Norway","901","Yngvar Gauslaa","NMBU:MINA","Støle","L","Hordaland"
20044138,"fb1ecd28-f09e-4747-8bde-0b3d7a6f78d1",5.38224,59.7026,1993,8,31,"Norway","58681","Tønsberg, T.","BG","Moster, Mosterhavn, W side of hill 49 (Vetahaugen)","L","Hordaland"
2237876495,"84d26682-f762-11e1-a439-00145eb45e9a",11.66465,54.77403,1993,10,25,"Denmark","DMS-1014364","Steen N. Christensen",NA,"Krenkerup Haveskov",NA,NA
2237878558,"84d26682-f762-11e1-a439-00145eb45e9a",11.66465,54.77403,1993,10,25,"Denmark","DMS-1014363","Steen N. Christensen",NA,"Krenkerup Haveskov",NA,NA
152940176,"89579e3e-f762-11e1-a439-00145eb45e9a",15.24513,46.599655,1992,4,10,"Slovenia","F775251","Koch M., Mayrhofer H., Matzer M., Pusswald W.","ULBF-AGR",NA,"FloVegSI-FLO",NA
152940177,"89579e3e-f762-11e1-a439-00145eb45e9a",15.24513,46.599655,1992,4,10,"Slovenia","F775255","Koch M., Mayrhofer H., Matzer M., Pusswald W.","ULBF-AGR",NA,"FloVegSI-FLO",NA
914863,"aab0cf80-0c64-11dd-84d1-b8a03c50a862",12.53112,56.26789,1991,4,2,"Sweden","1064768","Per Johansson [1966-]","LD","No locality information available","General","Skåne"
914859,"aab0cf80-0c64-11dd-84d1-b8a03c50a862",14.36746,56.13147,1991,5,10,"Sweden","1064576","Stefan Ekman","LD","No locality information available","General",NA
29534733,"83492a58-f762-11e1-a439-00145eb45e9a",-1,43,1991,6,1,"Spain","3896-1","J.Etayo","MA","Eñorozu","MA-Lichen","Ss"
914471,"aab0cf80-0c64-11dd-84d1-b8a03c50a862",16.63871,56.83702,1991,6,23,"Sweden","1004256","Stefan Ekman","LD","No locality information available","General","Öland"
914750,"aab0cf80-0c64-11dd-84d1-b8a03c50a862",16.63871,56.83702,1991,6,23,"Sweden","1051264","Stefan Ekman","LD","No locality information available","General","Öland"
914879,"aab0cf80-0c64-11dd-84d1-b8a03c50a862",12.53112,56.26789,1991,8,2,"Sweden","1069920","P. Johansson  [1966-]","LD","No locality information available","General","Skåne"
2237896765,"84d26682-f762-11e1-a439-00145eb45e9a",9.099952,56.88252,1990,5,27,"Denmark","DMS-1032314","Mogens Skytte Christiansen",NA,"Livø",NA,NA
2464460336,"8f7e3c45-4d76-4982-9478-651439e0cd4b",16.421389,56.4275,1990,6,7,"Sweden","TU79676","Hans Trass","TU(M)","Öland. Västerstads lund",NA,NA
914692,"aab0cf80-0c64-11dd-84d1-b8a03c50a862",16.4211,56.4275,1990,6,5,"Sweden","1043260","Stefan Ekman","LD","Råkskogen","General","Öland"
914636,"aab0cf80-0c64-11dd-84d1-b8a03c50a862",14.35018,56.08603,1990,7,28,"Sweden","1031247","Stefan Ekman","LD","No locality information available","General","Skåne"
914679,"aab0cf80-0c64-11dd-84d1-b8a03c50a862",14.00501,55.87487,1990,10,22,"Sweden","1039343","U. Arup & S. Ekman","LD","No locality information available","General","Skåne"
914681,"aab0cf80-0c64-11dd-84d1-b8a03c50a862",14.00501,55.87487,1990,10,22,"Sweden","1039407","U. Arup & S. Ekman","LD","No locality information available","General","Skåne"
914829,"aab0cf80-0c64-11dd-84d1-b8a03c50a862",14.00501,55.87487,1990,10,22,"Sweden","1059264","U. Arup & S. Ekman","LD","No locality information available","General","Skåne"
914831,"aab0cf80-0c64-11dd-84d1-b8a03c50a862",13.94678,55.83448,1990,10,22,"Sweden","1059328","U. Arup & S. Ekman","LD","No locality information available","General","Skåne"
914833,"aab0cf80-0c64-11dd-84d1-b8a03c50a862",13.81629,55.9798,1990,10,16,"Sweden","1059392","U. Arup & S. Ekman","LD","No locality information available","General","Skåne"
914641,"aab0cf80-0c64-11dd-84d1-b8a03c50a862",13.28868,56.00323,1990,11,25,"Sweden","1031439","Stefan Ekman","LD","No locality information available","General","Skåne"
2237905825,"84d26682-f762-11e1-a439-00145eb45e9a",10.25,56.73333,1989,5,6,"Denmark","DMS-1040977","Svanhildur Svane",NA,"Øster Lovnkær",NA,NA
914746,"aab0cf80-0c64-11dd-84d1-b8a03c50a862",15.46392,56.17547,1989,6,5,"Sweden","1051136","U. Arup & S. Ekman","LD","No locality information available","General","Blekinge"
914748,"aab0cf80-0c64-11dd-84d1-b8a03c50a862",15.46392,56.17547,1989,6,5,"Sweden","1051200","U. Arup & S. Ekman","LD","No locality information available","General","Blekinge"
915007,"aab0cf80-0c64-11dd-84d1-b8a03c50a862",14.84618,56.01375,1989,8,30,"Sweden","1095424","U. Arup & S. Ekman","LD","Hanö: fyren","General","Blekinge"
914683,"aab0cf80-0c64-11dd-84d1-b8a03c50a862",14.40971,55.97305,1989,9,3,"Sweden","1039471","Stefan Ekman","LD","Landön","General","Skåne"
914866,"aab0cf80-0c64-11dd-84d1-b8a03c50a862",14.00501,55.87487,1989,9,4,"Sweden","1064960","U. Arup & S. Ekman","LD","No locality information available","General","Skåne"
2237873695,"84d26682-f762-11e1-a439-00145eb45e9a",11.96995,55.90862,1988,5,25,"Denmark","DMS-1009677","Vagn Alstrup",NA,"Jægerspris Nordskov",NA,NA
2237874398,"84d26682-f762-11e1-a439-00145eb45e9a",10.87496,55.74478,1988,5,5,"Denmark","DMS-1012339","Vagn Alstrup",NA,"Røsnæs spidsen",NA,NA
2237875519,"84d26682-f762-11e1-a439-00145eb45e9a",10.87496,55.74478,1988,5,5,"Denmark","DMS-1012338","Vagn Alstrup",NA,"Røsnæs spidsen",NA,NA
914629,"aab0cf80-0c64-11dd-84d1-b8a03c50a862",13.92271,55.51425,1988,5,25,"Sweden","1030607","Ulf Arup & Stefan Ekman","LD","Örups almskog","General","Skåne"
914837,"aab0cf80-0c64-11dd-84d1-b8a03c50a862",12.93123,55.9594,1988,5,17,"Sweden","1059520","U. Arup & S. Ekman","LD","No locality information available","General","Skåne"
914839,"aab0cf80-0c64-11dd-84d1-b8a03c50a862",13.93676,55.52165,1988,5,25,"Sweden","1059584","Ulf Arup & Stefan Ekman","LD","Örup","General","Skåne"
914878,"aab0cf80-0c64-11dd-84d1-b8a03c50a862",12.56199,56.44196,1988,5,23,"Sweden","1069856","U. Arup & S. Ekman","LD","Hallands Väderö","General","Skåne"
2237871556,"84d26682-f762-11e1-a439-00145eb45e9a",11.96995,55.90862,1988,6,25,"Denmark","DMS-1009676","Vagn Alstrup",NA,"Jægerspris Nordskov",NA,NA
914835,"aab0cf80-0c64-11dd-84d1-b8a03c50a862",13.1885,55.91721,1988,7,31,"Sweden","1059456","Ulf Arup","LD","No locality information available","General","Skåne"
914841,"aab0cf80-0c64-11dd-84d1-b8a03c50a862",13.2759,56.00377,1988,7,31,"Sweden","1059648","Ulf Arup","LD","Odensjön","General","Skåne"
914865,"aab0cf80-0c64-11dd-84d1-b8a03c50a862",14.00501,55.87487,1988,7,21,"Sweden","1064896","U. Arup","LD","No locality information available","General","Skåne"
914630,"aab0cf80-0c64-11dd-84d1-b8a03c50a862",12.56199,56.44196,1988,9,14,"Sweden","1030671","U. Arup & S. Ekman","LD","Hallands Väderö","General","Skåne"
914646,"aab0cf80-0c64-11dd-84d1-b8a03c50a862",13.27489,56.07522,1988,9,12,"Sweden","1031631","U. Arup & S. Ekman","LD","No locality information available","General","Skåne"
1041908298,"78c1a71e-abb2-49cf-abc8-efafb981b0e4",5.2682,60.2522,1988,10,27,"Norway","20763/1","Tor Tønsberg","TRH","Store Milde, Fana Folkehøyskole","L","Hordaland"
1928947263,"d415c253-4d61-4459-9d25-4015b9084fb0",5.27,60.25,1988,10,27,"Norway","02170722","T. Tønsberg","NY","Bergen, Store Milde, Fana Folkehøgskole.","NY","Hordaland"
20043148,"fb1ecd28-f09e-4747-8bde-0b3d7a6f78d1",5.2666,60.25172,1988,10,27,"Norway","34057","Tønsberg, T.","BG","Store Milde, Fana Folkehøgskole","L","Hordaland"
2237894259,"84d26682-f762-11e1-a439-00145eb45e9a",9.51904,56.51914,1988,10,30,"Denmark","DMS-1029774","Steen N. Christensen",NA,"Sødal Skov",NA,NA
919163082,"7948250c-6958-4a29-a670-ed1015b26252",5.2682,60.2522,1988,10,27,"Norway","28720","T. Tønsberg","O","Store Milde, Fana Folkehøyskole","L","Hordaland"
2237891319,"84d26682-f762-11e1-a439-00145eb45e9a",9.574424,56.14514,1988,11,8,"Denmark","DMS-1027100","Steen N. Christensen",NA,"Avnsø",NA,NA
915011,"aab0cf80-0c64-11dd-84d1-b8a03c50a862",14.54948,56.05441,1988,11,17,"Sweden","1095680","L Lindblom & J. Måreby","LD","Valjehalvön","General","Blekinge"
915012,"aab0cf80-0c64-11dd-84d1-b8a03c50a862",14.54948,56.05441,1988,11,17,"Sweden","1095744","L Lindblom & J. Måreby","LD","Valjehalvön","General","Blekinge"
2237891766,"84d26682-f762-11e1-a439-00145eb45e9a",9.591843,56.15799,1987,3,31,"Denmark","DMS-1026417","Svanhildur Svane",NA,"Silkeborg Nordskov",NA,NA
914647,"aab0cf80-0c64-11dd-84d1-b8a03c50a862",12.56042,56.27919,1987,7,27,"Sweden","1031695","Ulf Arup","LD","Haga","General","Skåne"
914648,"aab0cf80-0c64-11dd-84d1-b8a03c50a862",12.93123,55.9594,1987,7,21,"Sweden","1031759","Ulf Arup","LD","No locality information available","General","Skåne"
914649,"aab0cf80-0c64-11dd-84d1-b8a03c50a862",12.93123,55.9594,1987,7,21,"Sweden","1031823","Ulf Arup","LD","No locality information available","General","Skåne"
914650,"aab0cf80-0c64-11dd-84d1-b8a03c50a862",12.53112,56.26789,1987,7,27,"Sweden","1031887","Ulf Arup","LD","No locality information available","General","Skåne"
914651,"aab0cf80-0c64-11dd-84d1-b8a03c50a862",12.99669,56.08818,1987,7,23,"Sweden","1031951","Ulf Arup","LD","No locality information available","General","Skåne"
914822,"aab0cf80-0c64-11dd-84d1-b8a03c50a862",13.96759,55.99154,1987,7,28,"Sweden","1057856","Ulf Arup","LD","No locality information available","General","Skåne"
914637,"aab0cf80-0c64-11dd-84d1-b8a03c50a862",13.33124,55.67585,1987,10,29,"Sweden","1031311","Stefan Ekman","LD","Dalby Söderskog","General","Skåne"
914820,"aab0cf80-0c64-11dd-84d1-b8a03c50a862",13.33124,55.67585,1987,10,29,"Sweden","1057728","Stefan Ekman","LD","Dalby Söderskog","General","Skåne"
914821,"aab0cf80-0c64-11dd-84d1-b8a03c50a862",13.98699,55.48596,1987,10,26,"Sweden","1057792","Ulf Arup","LD","No locality information available","General","Skåne"
914843,"aab0cf80-0c64-11dd-84d1-b8a03c50a862",13.77479,55.5089,1987,10,26,"Sweden","1059712","Ulf Arup & Stefan Ekman","LD","No locality information available","General","Skåne"
914819,"aab0cf80-0c64-11dd-84d1-b8a03c50a862",13.33124,55.67585,1987,11,3,"Sweden","1057664","Stefan Ekman","LD","Dalby Söderskog","General","Skåne"
914867,"aab0cf80-0c64-11dd-84d1-b8a03c50a862",14.12787,56.10823,1987,12,26,"Sweden","1065024","Stefan Ekman","LD","Torsebro bruk","General","Skåne"
20041772,"fb1ecd28-f09e-4747-8bde-0b3d7a6f78d1",5.26787,60.25363,1986,10,9,"Norway","15718","Botnen, A.","BG","Store Milde, near Fana Folkehøgskule","L","Hordaland"
20041409,"fb1ecd28-f09e-4747-8bde-0b3d7a6f78d1",5.2666,60.25172,1985,5,21,"Norway","10022","Botnen, A.","BG","Store Milde, Fana folkehøgskule","L","Hordaland"
20042859,"fb1ecd28-f09e-4747-8bde-0b3d7a6f78d1",5.2666,60.25172,1985,5,21,"Norway","25600","Tønsberg, T.","BG","Store Milde","L","Hordaland"
2237867467,"84d26682-f762-11e1-a439-00145eb45e9a",10.1778,55.84428,1985,7,11,"Denmark","DMS-1005868","Mogens Skytte Christiansen",NA,"Kalsehoved",NA,NA
2237867936,"84d26682-f762-11e1-a439-00145eb45e9a",10.1778,55.84428,1985,7,11,"Denmark","DMS-1005869","Mogens Skytte Christiansen",NA,"Kalsehoved",NA,NA
2237887931,"84d26682-f762-11e1-a439-00145eb45e9a",10.15574,55.85333,1985,7,11,"Denmark","DMS-1025532","Mogens Skytte Christiansen",NA,"Gyllingnæs",NA,NA
20043952,"fb1ecd28-f09e-4747-8bde-0b3d7a6f78d1",5.26795,60.08098,1985,9,18,"Norway","46678","Tønsberg, T.","BG","Huftarøy, the E facing slope N of Bjelland","L","Hordaland"
20042963,"fb1ecd28-f09e-4747-8bde-0b3d7a6f78d1",5.45926,60.64347,1984,4,3,"Norway","26137","Tønsberg, T.","BG","E of Hindnesfjorden, the SW-facing slope W of Storset","L","Hordaland"
20043948,"fb1ecd28-f09e-4747-8bde-0b3d7a6f78d1",5.46839,60.64371,1984,4,3,"Norway","46676","Tønsberg, T.","BG","E of Hindnesfjorden, the SW-facing slope W of Storset","L","Hordaland"
20044033,"fb1ecd28-f09e-4747-8bde-0b3d7a6f78d1",5.46839,60.64371,1984,4,3,"Norway","47767","Tønsberg, T.","BG","E of Hindnesfjorden, the SW-facing slope W of Storset","L","Hordaland"
31307852,"835f8992-f762-11e1-a439-00145eb45e9a",-2,43.279999,1984,5,28,"Spain","1829-1","B. Aguirre","MAF","Hernani, Robledal de Zabalaga, orientación N","MAF-Lich","Ss"
2237866856,"84d26682-f762-11e1-a439-00145eb45e9a",11.73717,54.87344,1984,7,19,"Denmark","DMS-1004733","Mogens Skytte Christiansen",NA,"Færgemark",NA,NA
2237905589,"84d26682-f762-11e1-a439-00145eb45e9a",11.7,54.85,1984,8,14,"Denmark","DMS-1039519","Mogens Skytte Christiansen",NA,"Storskov",NA,NA
20043950,"fb1ecd28-f09e-4747-8bde-0b3d7a6f78d1",8.09073,63.29958,1983,10,14,"Norway","46677","Tønsberg, T.","BG","Kuli","L","Møre og romsdal"
2237878014,"84d26682-f762-11e1-a439-00145eb45e9a",11.69363,55.17474,1981,6,3,"Denmark","DMS-1014066","Mogens Skytte Christiansen",NA,"Lønned Skov",NA,NA
2270754741,"98bceab6-3c3e-4163-945d-6ca10576ebf1",8.966667,48.05,1981,7,24,"Germany","539061","T.H. Nash III","ASU","Liebfrauertal, near the Cloisters at Beuron on the Danube",NA,"Baden-Württemberg"
2270757097,"98bceab6-3c3e-4163-945d-6ca10576ebf1",9.216667,48.116667,1981,7,24,"Germany","539028","T.H. Nash III","ASU","Hertenstein, 3 km N of Sigmaringen",NA,"Baden-Württemberg"
2237906942,"84d26682-f762-11e1-a439-00145eb45e9a",10.86183,55.0003,1981,10,7,"Denmark","DMS-1039937","Mogens Skytte Christiansen",NA,"Tranekær Slotspark",NA,NA
2237875589,"84d26682-f762-11e1-a439-00145eb45e9a",12.14597,55.31128,1979,5,15,"Denmark","DMS-1013467","Mogens Skytte Christiansen",NA,"Olstrup Skov",NA,NA
152940215,"89579e3e-f762-11e1-a439-00145eb45e9a",15.245201,45.799749,1979,7,17,"Slovenia","F776041","Batič F.","ULBF-AGR",NA,"FloVegSI-FLO",NA
2237892886,"84d26682-f762-11e1-a439-00145eb45e9a",8.691537,56.61997,1979,8,6,"Denmark","DMS-1028795","Svanhildur Svane",NA,"Kås Skov",NA,NA
2237899294,"84d26682-f762-11e1-a439-00145eb45e9a",9.753856,56.80086,1979,8,8,"Denmark","DMS-1033934","Svanhildur Svane",NA,"Torstedlund Skov",NA,NA
914786,"aab0cf80-0c64-11dd-84d1-b8a03c50a862",8.692583,56.620517,1979,8,6,"Denmark","1053760","Ingvar Kärnefelt","LD","Kås Skov","General","Jylland"
152940196,"89579e3e-f762-11e1-a439-00145eb45e9a",14.91192,45.699747,1978,7,15,"Slovenia","F775582","Batič F.","ULBF-AGR",NA,"FloVegSI-FLO",NA
2237882097,"84d26682-f762-11e1-a439-00145eb45e9a",10.17795,55.64051,1978,7,3,"Denmark","DMS-1018503","Ulrik Søchting",NA,"Æbelø",NA,NA
2237862808,"84d26682-f762-11e1-a439-00145eb45e9a",9.343442,56.38278,1977,5,24,"Denmark","DMS-1001261","Svanhildur Svane",NA,"Inderø Skov",NA,NA
2237879106,"84d26682-f762-11e1-a439-00145eb45e9a",11.35874,54.78336,1977,7,24,"Denmark","DMS-1014257","Ulrik Søchting",NA,"Kristianssæde Skov",NA,NA
2237891469,"84d26682-f762-11e1-a439-00145eb45e9a",9.494715,56.12189,1977,7,29,"Denmark","DMS-1027439","Svanhildur Svane",NA,"Gjessø Skov",NA,NA
2237898207,"84d26682-f762-11e1-a439-00145eb45e9a",9.753856,56.80086,1977,7,30,"Denmark","DMS-1033935","Svanhildur Svane",NA,"Torstedlund Skov",NA,NA
2237897526,"84d26682-f762-11e1-a439-00145eb45e9a",9.099952,56.88252,1977,8,4,"Denmark","DMS-1032250","Svanhildur Svane",NA,"Livø",NA,NA
2237897852,"84d26682-f762-11e1-a439-00145eb45e9a",9.099952,56.88252,1977,8,4,"Denmark","DMS-1032252","Ulrik Søchting",NA,"Livø",NA,NA
2237898399,"84d26682-f762-11e1-a439-00145eb45e9a",9.099952,56.88252,1977,8,4,"Denmark","DMS-1032251","Ulrik Søchting",NA,"Livø",NA,NA
2270737925,"98bceab6-3c3e-4163-945d-6ca10576ebf1",10.980931,47.859946,1977,11,19,"Germany","510452","T. Feuerer, H. Hertel & E. Krach","ASU","Lkr. Weilheim, Alpenvorland, Paterzeller Eibenwald, südöstlich von Wessobrunn",NA,"Bavaria"
2237877338,"84d26682-f762-11e1-a439-00145eb45e9a",11.66465,54.77403,1976,5,20,"Denmark","DMS-1014366","Mogens Skytte Christiansen",NA,"Krenkerup Haveskov",NA,NA
2237877571,"84d26682-f762-11e1-a439-00145eb45e9a",11.66465,54.77403,1976,5,20,"Denmark","DMS-1014365","Mogens Skytte Christiansen",NA,"Krenkerup Haveskov",NA,NA
2237889594,"84d26682-f762-11e1-a439-00145eb45e9a",10.44702,56.43622,1976,5,23,"Denmark","DMS-1025805","Mogens Skytte Christiansen",NA,"Eldrup Skov",NA,NA
2237892621,"84d26682-f762-11e1-a439-00145eb45e9a",8.691537,56.61997,1976,5,25,"Denmark","DMS-1028797","Svanhildur Svane",NA,"Kås Skov",NA,NA
2237892824,"84d26682-f762-11e1-a439-00145eb45e9a",8.691537,56.61997,1976,5,25,"Denmark","DMS-1029154","Mogens Skytte Christiansen",NA,"Kås Skov",NA,NA
2237895740,"84d26682-f762-11e1-a439-00145eb45e9a",8.691537,56.61997,1976,5,25,"Denmark","DMS-1028798","Svanhildur Svane",NA,"Kås Skov",NA,NA
2237898145,"84d26682-f762-11e1-a439-00145eb45e9a",10.48025,57.33603,1976,5,27,"Denmark","DMS-1034133","Svanhildur Svane",NA,"Sæbygård",NA,NA
2237900277,"84d26682-f762-11e1-a439-00145eb45e9a",10.49393,57.3417,1976,5,27,"Denmark","DMS-1034110","Mogens Skytte Christiansen",NA,"Sæbygård Skov",NA,NA
2237903141,"84d26682-f762-11e1-a439-00145eb45e9a",12.54132,54.97663,1976,5,19,"Denmark","DMS-1037820","Mogens Skytte Christiansen",NA,"Møns Klint",NA,NA
2237903899,"84d26682-f762-11e1-a439-00145eb45e9a",12.54132,54.97663,1976,5,18,"Denmark","DMS-1037821","Ulrik Søchting",NA,"Møns Klint",NA,NA
2237907058,"84d26682-f762-11e1-a439-00145eb45e9a",12.550935,54.960172,1976,5,18,"Denmark","DMS-1043259","Mogens Skytte Christiansen",NA,"Sandskredsfald, Møns Klint",NA,NA
1212175524,"85739778-f762-11e1-a439-00145eb45e9a",-2.2,49.7167,1975,4,7,"Guernsey","112569","H. Sipman","B","GREAT BRITAIN, Channel Islands, Alderney: St. Anne, wooded vally at Fontaine David. Elev. c. 50 m.","Lichen Herbarium Berlin",NA
2237886261,"84d26682-f762-11e1-a439-00145eb45e9a",9.607618,56.05575,1975,4,19,"Denmark","DMS-1021577","Svanhildur Svane",NA,"Addit Skov",NA,NA
2237875348,"84d26682-f762-11e1-a439-00145eb45e9a",12.00464,55.30729,1975,8,2,"Denmark","DMS-1012168","Mogens Skytte Christiansen",NA,"Bregentved Gods",NA,NA
2237903272,"84d26682-f762-11e1-a439-00145eb45e9a",10.81666,56.28333,1974,11,9,"Denmark","DMS-1038657","Ulrik Søchting",NA,"Rugård",NA,NA
2237910079,"84d26682-f762-11e1-a439-00145eb45e9a",9.750667,54.950635,1972,2,12,"Denmark","DMS-1043440","Svanhildur Svane",NA,"Sandbjerg Gods",NA,NA
2237911296,"84d26682-f762-11e1-a439-00145eb45e9a",9.750667,54.950635,1972,2,12,"Denmark","DMS-1043441","Svanhildur Svane",NA,"Sandbjerg Gods",NA,NA
1212175471,"85739778-f762-11e1-a439-00145eb45e9a",-3.5833,51.1667,1971,8,31,"United Kingdom","111380","H. Sipman & R. Pos","B","GREAT BRITAIN, Somerset. Wooded valley N of Dunkery Hill, S of Porlock, Exmoor. Alt. 500 m.","Lichen Herbarium Berlin",NA
2237888099,"84d26682-f762-11e1-a439-00145eb45e9a",10.80399,56.28422,1969,5,16,"Denmark","DMS-1023642","Svanhildur Svane",NA,"Rugård Gods",NA,NA
2237886094,"84d26682-f762-11e1-a439-00145eb45e9a",9.607618,56.05575,1967,4,16,"Denmark","DMS-1021578","Svanhildur Svane",NA,"Addit Skov",NA,NA
914621,"aab0cf80-0c64-11dd-84d1-b8a03c50a862",12.53112,56.26789,1956,7,18,"Sweden","1029455","Ove Almborn","LD","No locality information available","General","Skåne"
2237875738,"84d26682-f762-11e1-a439-00145eb45e9a",11.52617,54.69217,1952,5,12,"Denmark","DMS-1013611","Mogens Skytte Christiansen",NA,"Kærstrup",NA,NA
914858,"aab0cf80-0c64-11dd-84d1-b8a03c50a862",12.56199,56.44196,1950,6,12,"Sweden","1064512","Ove Almborn","LD","Hallands Väderö","General","Skåne"
914631,"aab0cf80-0c64-11dd-84d1-b8a03c50a862",12.56199,56.44196,1950,9,7,"Sweden","1030927","Ove Almborn","LD","Hallands Väderö","General","Skåne"
914860,"aab0cf80-0c64-11dd-84d1-b8a03c50a862",13.77479,55.5089,1950,10,13,"Sweden","1064640","Ove Almborn","LD","No locality information available","General","Skåne"
914612,"aab0cf80-0c64-11dd-84d1-b8a03c50a862",12.56199,56.44196,1948,7,12,"Sweden","1028943","Ove Almborn","LD","Hallands Väderö","General","Skåne"
914614,"aab0cf80-0c64-11dd-84d1-b8a03c50a862",12.55457,56.45073,1948,7,18,"Sweden","1029007","O. Almborn","LD","Hallands Väderö: Tångekärret","General","Skåne"
914615,"aab0cf80-0c64-11dd-84d1-b8a03c50a862",12.55457,56.45073,1948,7,18,"Sweden","1029071","Ove Almborn","LD","Hallands Väderö: Tångekärret","General","Skåne"
2237872498,"84d26682-f762-11e1-a439-00145eb45e9a",12.19857,55.44884,1947,6,17,"Denmark","DMS-1010951","Gunnar Degelius",NA,"Køge Sydstrand",NA,NA
914764,"aab0cf80-0c64-11dd-84d1-b8a03c50a862",12.181944,55.458056,1947,6,17,"Denmark","1051968","Gunnar Degelius","LD","No locality information available","General","Sjælland"
1065693494,"905daf20-04fd-11df-8c28-b8a03c50a862",13.32897,55.67241,1947,7,28,"Sweden","47526","Börje Hardal","UME","Dalby hage","General",NA
1065693551,"905daf20-04fd-11df-8c28-b8a03c50a862",13.32897,55.67241,1947,7,28,"Sweden","47527","Börje Hardal","UME","Dalby hage","General",NA
914633,"aab0cf80-0c64-11dd-84d1-b8a03c50a862",13.43176,55.58181,1946,4,24,"Sweden","1031055","Ove Almborn","LD","Häckeberga","General","Skåne"
914470,"aab0cf80-0c64-11dd-84d1-b8a03c50a862",12.038056,55.6625,1946,7,7,"Denmark","1004192","Ove Almborn","LD","Boserup Skov","General","Sjælland"
914758,"aab0cf80-0c64-11dd-84d1-b8a03c50a862",12.003889,55.3075,1946,7,7,"Denmark","1051456","Ove Almborn","LD","Bregentved","General","Sjælland"
914761,"aab0cf80-0c64-11dd-84d1-b8a03c50a862",11.291944,55.253611,1946,7,7,"Denmark","1051776","J. Branth","LD","Skælskør","General","Sjælland"
914762,"aab0cf80-0c64-11dd-84d1-b8a03c50a862",10.844167,54.997222,1946,7,18,"Denmark","1051840","Ove Almborn","LD","Tranekær","General","Langeland"
914785,"aab0cf80-0c64-11dd-84d1-b8a03c50a862",9.3325,56.396111,1946,7,26,"Denmark","1053696","Ove Almborn","LD","Hald","General","Jylland"
914608,"aab0cf80-0c64-11dd-84d1-b8a03c50a862",13.46096,55.87247,1946,8,24,"Sweden","1028623","Ove Almborn","LD","Kulleberga","General","Skåne"
914618,"aab0cf80-0c64-11dd-84d1-b8a03c50a862",13.32897,55.67241,1946,9,27,"Sweden","1029263","Ove Almborn","LD","Dalby hage","General","Skåne"
914825,"aab0cf80-0c64-11dd-84d1-b8a03c50a862",13.17548,55.54731,1946,9,17,"Sweden","1058048","Ove Almborn","LD","No locality information available","General","Skåne"
914689,"aab0cf80-0c64-11dd-84d1-b8a03c50a862",12.99669,56.08818,1946,10,8,"Sweden","1039663","Ove Almborn","LD","No locality information available","General","Skåne"
914619,"aab0cf80-0c64-11dd-84d1-b8a03c50a862",13.88779,55.52575,1945,9,30,"Sweden","1029327","Ove Almborn","LD","Lyckås","General","Skåne"
914632,"aab0cf80-0c64-11dd-84d1-b8a03c50a862",13.98699,55.48596,1945,9,30,"Sweden","1030991","Ove Almborn","LD","No locality information available","General","Skåne"
914864,"aab0cf80-0c64-11dd-84d1-b8a03c50a862",13.77838,55.45139,1944,5,18,"Sweden","1064832","Ove Almborn","LD","Bergsjöholm","General","Skåne"
914823,"aab0cf80-0c64-11dd-84d1-b8a03c50a862",13.77479,55.5089,1944,6,6,"Sweden","1057920","Ove Almborn","LD","No locality information available","General","Skåne"
914616,"aab0cf80-0c64-11dd-84d1-b8a03c50a862",12.56199,56.44196,1944,7,4,"Sweden","1029135","Ove Almborn","LD","Hallands Väderö","General","Skåne"
2237904769,"84d26682-f762-11e1-a439-00145eb45e9a",11.81666,54.78333,1943,5,28,"Denmark","DMS-1039589","Mogens Skytte Christiansen",NA,"Fuglsang Storskov",NA,NA
1086233178,"fe35d6a0-0c6e-11dd-84d2-b8a03c50a862",16,56,1943,6,19,"Sweden","L16438","Ove Almborn","S","Öland; Kastlösa; Övre Västerstad;;","S-Fungi","Öland"
1086233199,"fe35d6a0-0c6e-11dd-84d2-b8a03c50a862",16,56,1943,6,20,"Sweden","L16439","Ove Almborn","S","Öland; Borgholm; vid slottets Ö-sida;;","S-Fungi","Öland"
914601,"aab0cf80-0c64-11dd-84d1-b8a03c50a862",14.55119,56.05561,1943,6,12,"Sweden","1028112","Ove Almborn","LD","Valje","General","Blekinge"
914752,"aab0cf80-0c64-11dd-84d1-b8a03c50a862",16.64482,56.87073,1943,6,20,"Sweden","1051328","Ove Almborn","LD","Borgholms slottsruin","General","Öland"
914754,"aab0cf80-0c64-11dd-84d1-b8a03c50a862",16.41629,56.43022,1943,6,19,"Sweden","1051392","Ove Almborn","LD","Övre Västerstad","General","Öland"
914623,"aab0cf80-0c64-11dd-84d1-b8a03c50a862",13.33124,55.67585,1943,7,15,"Sweden","1029583","Ove Almborn","LD","Dalby Söderskog","General","Skåne"
914624,"aab0cf80-0c64-11dd-84d1-b8a03c50a862",12.90822,55.952,1943,7,25,"Sweden","1029647","Ove Almborn","LD","Bälteberga","General","Skåne"
914688,"aab0cf80-0c64-11dd-84d1-b8a03c50a862",13.77479,55.5089,1943,7,28,"Sweden","1039599","Ove Almborn","LD","No locality information available","General","Skåne"
914877,"aab0cf80-0c64-11dd-84d1-b8a03c50a862",12.4739,56.30062,1943,7,11,"Sweden","1069792","Ove Almborn","LD","Käringmalen","General","Skåne"
914635,"aab0cf80-0c64-11dd-84d1-b8a03c50a862",13.77479,55.5089,1943,9,18,"Sweden","1031119","Ove Almborn","LD","No locality information available","General","Skåne"
914765,"aab0cf80-0c64-11dd-84d1-b8a03c50a862",11.798333,54.722778,1943,NA,NA,"Denmark","1052032","M. Skytte Christiansen","LD","Fuglsang","General","Lolland"
2237901145,"84d26682-f762-11e1-a439-00145eb45e9a",11.8,55.68333,1941,8,25,"Denmark","DMS-1035261","Mogens Skytte Christiansen",NA,"Eriksholm",NA,NA
914643,"aab0cf80-0c64-11dd-84d1-b8a03c50a862",12.53112,56.26789,1940,8,9,"Sweden","1031503","Ove Almborn","LD","No locality information available","General","Skåne"
914868,"aab0cf80-0c64-11dd-84d1-b8a03c50a862",12.53112,56.26789,1940,8,9,"Sweden","1065152","Ove Almborn","LD","No locality information available","General","Skåne"
1086233184,"fe35d6a0-0c6e-11dd-84d2-b8a03c50a862",13,56,1940,10,20,"Sweden","L16432","Ove Almborn","S","Skåne; Riseberga; Råred;;","S-Fungi","Skåne"
914626,"aab0cf80-0c64-11dd-84d1-b8a03c50a862",13.27489,56.07522,1940,10,20,"Sweden","1029775","Ove Almborn","LD","No locality information available","General","Skåne"
2237870913,"84d26682-f762-11e1-a439-00145eb45e9a",12.56492,55.78473,1940,11,28,"Denmark","DMS-1006634","Mogens Skytte Christiansen",NA,"Jægersborg Dyrehave",NA,NA
234008034,"905daf20-04fd-11df-8c28-b8a03c50a862",15.34777,56.22437,1937,6,28,"Sweden","60868","B. Hedvall","UME",NA,"General",NA
914607,"aab0cf80-0c64-11dd-84d1-b8a03c50a862",15.32996,56.19133,1937,6,28,"Sweden","1028559","B. Hedvall","LD","Anglemåla","General","Blekinge"
912722284,"828a3d8c-f762-11e1-a439-00145eb45e9a",7.844167,49.806117,1937,7,10,"Germany","660",NA,"FR","Bad Kreuznach, auf Fuß des Rheingrafenstein bei Münster am Stein","Herbarium Senckenbergianum (FR) - Fungi",NA
915009,"aab0cf80-0c64-11dd-84d1-b8a03c50a862",15.29936,56.18511,1937,8,5,"Sweden","1095552","Ove Almborn","LD","Fornanäs","General","Blekinge"
914625,"aab0cf80-0c64-11dd-84d1-b8a03c50a862",12.90822,55.952,1936,5,12,"Sweden","1029711","Ove Almborn","LD","Bälteberga","General","Skåne"
2449353346,"85739778-f762-11e1-a439-00145eb45e9a",12.2333,54.2,1936,6,30,"Germany","118671","V. J. Grummann","B","DEUTSCHLAND, Mecklenburg-Vorpommern: Rostocker Heide westlich Graal.","Lichen Herbarium Berlin",NA
1065696150,"905daf20-04fd-11df-8c28-b8a03c50a862",13.32897,55.67241,1936,9,27,"Sweden","59813","Ove Almborn","UME","Dalby hage","General",NA
914622,"aab0cf80-0c64-11dd-84d1-b8a03c50a862",13.32897,55.67241,1936,10,3,"Sweden","1029519","Ove Almborn","LD","Dalby hage","General","Skåne"
2449354388,"85739778-f762-11e1-a439-00145eb45e9a",7.6717,47.6333,1929,7,4,"Germany","118852","V. J. Grummann","B","DEUTSCHLAND, Baden-Württemberg: Haagen bei Lörrach, Röttler Wald.","Lichen Herbarium Berlin",NA
2449363428,"85739778-f762-11e1-a439-00145eb45e9a",7.6717,47.6333,1929,7,4,"Germany","118853","V. J. Grummann","B","DEUTSCHLAND, Baden-Württemberg: Haagen bei Lörrach, Röttler Wald.","Lichen Herbarium Berlin",NA
442145397,"8589cc8c-f762-11e1-a439-00145eb45e9a",7.643611,47.64389,1922,5,11,"Germany","B 60 0050763 / 147054 / 90582","Lettau, G.","B","Baden: ""Rümminger Moos"" bei Lörrach","Blettaucoll",NA
442145387,"8589cc8c-f762-11e1-a439-00145eb45e9a",7.663055,47.715279,1921,5,1,"Germany","B 60 0050752 / 147044 / 90577","Lettau, G.","B","Baden: Wolfschlucht bei Kandern, 400 m.","Blettaucoll",NA
442145402,"8589cc8c-f762-11e1-a439-00145eb45e9a",7.95,47.549999,1921,5,8,"Germany","B 60 0111739 / 147941 / 90912","Lettau, G.","B","Schwarzwald: Am Abhang unter dem ""Wieladinger Schloss"" (bei Säckingen), 520 m.","Blettaucoll",NA
442145507,"8589cc8c-f762-11e1-a439-00145eb45e9a",7.691111,47.551945,1920,4,25,"Germany","B 60 0128013 / 149251 / 91344","Lettau, G.","B","Baden: Rührberg bei Wyhlen (Lörrach), 500 m.","Blettaucoll",NA
442145388,"8589cc8c-f762-11e1-a439-00145eb45e9a",7.760278,47.994167,1916,4,17,"Germany","B 60 0050754 / 147048 / 90579","Lettau, G.","B","Baden: Mooswald bei Freiburg, gegen Opfingen","Blettaucoll",NA
442145479,"8589cc8c-f762-11e1-a439-00145eb45e9a",7.760278,47.994167,1916,4,NA,"Germany","B 60 0112197 / 149200 / 91329","Lettau, G.","B","Baden: Mooswald bei Freiburg","Blettaucoll",NA
1086233188,"fe35d6a0-0c6e-11dd-84d2-b8a03c50a862",14,56,1916,7,21,"Sweden","L16436","G.O. Malme","S","Skåne; Oppmanna; Arkelstorp;;","S-Fungi","Skåne"
442145390,"8589cc8c-f762-11e1-a439-00145eb45e9a",10.319445,50.979168,1915,8,26,"Germany","B 60 0050756 / 147052 / 90581","Lettau, G.","B","Thüringer Wald: Annatal - Drachenschlucht bei Eisenach","Blettaucoll",NA
442145391,"8589cc8c-f762-11e1-a439-00145eb45e9a",10.319445,50.979168,1915,8,26,"Germany","B 60 0050756a / 152426 / 92606","Lettau, G.","B","Thüringer Wald: Annatal - Drachenschlucht bei Eisenach","Blettaucoll",NA
442145389,"8589cc8c-f762-11e1-a439-00145eb45e9a",7.63,47.806667,1914,6,1,"Germany","B 60 0050755 / 147050 / 90580","Lettau, G.","B","Baden: Müllheimer Eichwald","Blettaucoll",NA
442145395,"8589cc8c-f762-11e1-a439-00145eb45e9a",7.663055,47.715279,1911,4,15,"Germany","B 60 0050762c / 146751 / 90461","Lettau, G.","B","Baden: 3) ""Wolfschlucht"" bei Kandern","Blettaucoll",NA
442145399,"8589cc8c-f762-11e1-a439-00145eb45e9a",7.908611,47.581944,1911,7,16,"Germany","B 60 0050764a / 146412 / 90334","Lettau, G.","B","Baden:  2) Wehratal-Hang unweit Ehwaldhütte, [Schwarzwald]","Blettaucoll",NA
442145396,"8589cc8c-f762-11e1-a439-00145eb45e9a",7.695833,47.645557,1911,9,17,"Germany","B 60 0050762d / 146420 / 90337","Lettau, G.","B","Baden: 4) Sorrmatt-Tal bei Hauingen","Blettaucoll",NA
442145398,"8589cc8c-f762-11e1-a439-00145eb45e9a",7.789444,47.560276,1911,9,24,"Germany","B 60 0050764 / 147056 / 90583","Lettau, G.","B","Baden: 1) Hagenbacher Hof bei Lörrach","Blettaucoll",NA
442145393,"8589cc8c-f762-11e1-a439-00145eb45e9a",7.675,47.660557,1911,10,12,"Germany","B 60 0050762a / 152429 / 92607","Lettau, G.","B","Baden: 1) Röttler Wald bei Haagen","Blettaucoll",NA
442145394,"8589cc8c-f762-11e1-a439-00145eb45e9a",7.761389,47.614723,1911,10,19,"Germany","B 60 0050762b / 146753 / 90462","Lettau, G.","B","Baden: 2) Wald Lörrach - Adelhausen","Blettaucoll",NA
442145392,"8589cc8c-f762-11e1-a439-00145eb45e9a",7.675,47.660557,1910,8,4,"Germany","B 60 0050762 / 147046 / 90578","Lettau, G.","B","Baden: 1) Röttler Wald bei Haagen","Blettaucoll",NA
442145400,"8589cc8c-f762-11e1-a439-00145eb45e9a",11.265,50.685833,1909,5,2,"Germany","B 60 0050775 / 147058 / 90584","Lettau, G.","B","Thüringen: Werragrund bei Blankenburg, 300 m.","Blettaucoll",NA
442145468,"8589cc8c-f762-11e1-a439-00145eb45e9a",10.789444,50.756943,1909,5,16,"Germany","B 60 0112187 / 149174 / 91319","Lettau, G.","B","Thüringer Wald: Geratal oberhalb ""Dörrberger Hammer""","Blettaucoll",NA
2237884636,"84d26682-f762-11e1-a439-00145eb45e9a",8.971334,55.01486,1908,7,10,"Denmark","DMS-1020179","C. F. E. Erichsen",NA,"Draved Skov",NA,NA
914620,"aab0cf80-0c64-11dd-84d1-b8a03c50a862",12.90822,55.952,1893,NA,NA,"Sweden","1029391","N. Alvthin","LD","Bälteberga","General","Skåne"
914617,"aab0cf80-0c64-11dd-84d1-b8a03c50a862",13.32897,55.67241,1890,9,28,"Sweden","1029199","Alfred Berg","LD","Dalby hage","General","Skåne"
914824,"aab0cf80-0c64-11dd-84d1-b8a03c50a862",13.77479,55.5089,1889,6,6,"Sweden","1057984","Alfred Berg","LD","No locality information available","General","Skåne"
915008,"aab0cf80-0c64-11dd-84d1-b8a03c50a862",14.84569,56.01058,1871,7,NA,"Sweden","1095488","Joh. Hulting","LD","Hanö","General","Blekinge"
