"key","datasetKey","decimalLongitude","decimalLatitude","year","month","day","country","locality","catalogNumber","recordedBy","institutionCode","collectionCode","stateProvince"
2464522041,"8f7e3c45-4d76-4982-9478-651439e0cd4b",5.277946,44.771236,2018,3,20,"France","surroundings of Sainte-Croix village","TU56873.f","Jaan Liira","TU(M)",NA,NA
2303272844,"828a3d8c-f762-11e1-a439-00145eb45e9a",24.12255,47.943633,2018,7,20,"Ukraine","Talhang über dem Bache Kuzij","54725-771",NA,"FR","Herbarium Senckenbergianum (FR) - Fungi",NA
1945780424,"828a3d8c-f762-11e1-a439-00145eb45e9a",9.828133,53.469367,2018,8,9,"Germany","Hamburg-Fischbek: Scharlbarg","54733-771",NA,"FR","Herbarium Senckenbergianum (FR) - Fungi",NA
1638419050,"fb8ae15d-e30c-44b4-8f61-0bb0c1d90ff9",14.22944,45.33139,2016,4,6,"Croatia","Primorsko-Goranska. Učka. Passstraße zwischen Poklon und Veprinac. Panjak fireroad, E von Ravne staje","000330016","Mayrhofer,Helmut, Prettner,Matthias & Grozić,Dino","GZU","Herbarium GZU",NA
1657195746,"fb8ae15d-e30c-44b4-8f61-0bb0c1d90ff9",14.27556,45.33528,2016,4,5,"Croatia","Primorsko-Goranska.Veprinac. neben Straße die vom asphaltiertem Sportplatz Richtung Zatka führt","000330172","Mayrhofer,Helmut & Prettner,Matthias","GZU","Herbarium GZU",NA
1657195155,"fb8ae15d-e30c-44b4-8f61-0bb0c1d90ff9",14.20667,45.30667,2015,4,25,"Croatia","Istrien. Učka. Poklon, Passstraße über die Učka, Parkplatz des Restaurants Dopolavoro; Alleebäume entlang der Passstraße","000324357","Mayrhofer,Helmut, Seifter,Katharina & Župan,Dijana","GZU","Herbarium GZU",NA
1676071747,"828a3d8c-f762-11e1-a439-00145eb45e9a",9.503076,40.184479,2015,5,31,"Italy","Prov. Oligastra, Il Supramonte, Genna Sìlana north of Urzulei, track down into the Gola di Gorroppu, lower part","221738",NA,"FR","Herbarium Senckenbergianum (FR) - Fungi",NA
1324324151,"7948250c-6958-4a29-a670-ed1015b26252",2.1663,42.3917,2015,7,16,"Spain","Núria Valley, hillside E of Pic de l'Àliga","200985","E. Timdal","O","L",NA
1676070306,"828a3d8c-f762-11e1-a439-00145eb45e9a",0.091167,42.746783,2013,6,27,"France","Tal von H&#275;as, oberhalb vom Cafe Le Refuge","43062",NA,"FR","Herbarium Senckenbergianum (FR) - Fungi",NA
1676072020,"828a3d8c-f762-11e1-a439-00145eb45e9a",-0.021967,42.738,2013,6,28,"France","über Gavarnie","43147",NA,"FR","Herbarium Senckenbergianum (FR) - Fungi",NA
1265801859,"6aeebd1a-c3ad-4bc5-bdfe-24de0e2e9052",2.311461,42.314137,2012,12,7,"Spain","Vilallonga de Ter; Vilallonga de Ter, Can Gallina","BC-Lichenotheca-950651","E. Llop","BC","BC-Lichenotheca","Girona"
1851695817,"2a89fac8-e079-419e-8883-70a4cd9c25e1",-5.657,42.732,2011,1,12,"Spain","Valsemana","7858-1","V.Santiago & A.Romero","LEB","LICHEN","Leon"
1502224812,"95e635d4-f762-11e1-a439-00145eb45e9a",-0.79,39.84,2011,2,12,"Spain","La UmbrÃ­a","1223460","V. Atienza Tamarit | C. J. Mansanet Salvador","BDBCV","BDBCV-General","Valencia"
1502331940,"95e635d4-f762-11e1-a439-00145eb45e9a",-0.93,39.88,2011,4,27,"Spain","Javalambre","1331543","V. Atienza Tamarit | C. J. Mansanet Salvador","BDBCV","BDBCV-General","Valencia"
1676070681,"828a3d8c-f762-11e1-a439-00145eb45e9a",10.82,45.737778,2011,6,20,"Italy","Prov. Verona, Prealpina Gardesana, Monte Baldo, The Cima del Longino, westslope, the Val Finestra","67318",NA,"FR","Herbarium Senckenbergianum (FR) - Fungi",NA
1676070685,"828a3d8c-f762-11e1-a439-00145eb45e9a",10.808889,45.7425,2011,6,22,"Italy","Prov. Verona, Prealpina Gardesana, Monte Baldo, The Cima Valdritta, northwestslope, vicinity of Malga Fiabio","67319",NA,"FR","Herbarium Senckenbergianum (FR) - Fungi",NA
1086735881,"828a3d8c-f762-11e1-a439-00145eb45e9a",6.76945,45.86445,2011,8,20,"France","Les Bettières bei Bionnassay oberhalb Pont des Places","37382",NA,"FR","Herbarium Senckenbergianum (FR) - Fungi",NA
1288172219,"828a3d8c-f762-11e1-a439-00145eb45e9a",6.780833,45.8618,2011,8,20,"France","bei Bionnassay, Les Bettières, Aufstieg zur Aiguille de Bionnassay","37409",NA,"FR","Herbarium Senckenbergianum (FR) - Fungi",NA
1657193478,"fb8ae15d-e30c-44b4-8f61-0bb0c1d90ff9",22.94778,41.89889,2010,5,26,"Bulgaria","Vlahina mountain; Blagoevgrad province, Padesh","000281824","Atanassova,Adriana & Mayrhofer,H.","GZU","Herbarium GZU",NA
1657193543,"fb8ae15d-e30c-44b4-8f61-0bb0c1d90ff9",23.5575,41.41472,2010,5,28,"Bulgaria","Slavyanka mountain; Blagoevgrad province, Petrovo","000281924","Atanassova,Adriana & Mayrhofer,H.","GZU","Herbarium GZU",NA
1657193569,"fb8ae15d-e30c-44b4-8f61-0bb0c1d90ff9",23.19528,41.36917,2010,5,27,"Bulgaria","Belasitza mountain; Blagoevgrad province, Petrich","000281863","Atanassova,Adriana & Mayrhofer,H.","GZU","Herbarium GZU",NA
1502033886,"95e635d4-f762-11e1-a439-00145eb45e9a",-1.13,39.63,2010,10,11,"Spain","Sierra del Negrete","1031907","V. Atienza Tamarit | C. J. Mansanet Salvador","BDBCV","BDBCV-General","Valencia"
1657193422,"fb8ae15d-e30c-44b4-8f61-0bb0c1d90ff9",25.96667,41.70333,2009,7,23,"Bulgaria","East Rhodopes; Haskovo province,Borislavtsi village","000281808","Atanassova,Adriana","GZU","Herbarium GZU",NA
1657192716,"fb8ae15d-e30c-44b4-8f61-0bb0c1d90ff9",19.54514,42.84939,2009,8,26,"Montenegro","Montenegro, Kolašin, W-exposed slopes in mixed forest","000267769","Strasser,Eva & Mayrhofer,H.","GZU","Herbarium GZU",NA
1657192734,"fb8ae15d-e30c-44b4-8f61-0bb0c1d90ff9",19.54514,42.84939,2009,8,26,"Montenegro","Montenegro, Kolašin, W-exposed slopes in mixed forest, shadowed rock outcrops along the road","000267771","Strasser,Eva & Mayrhofer,H.","GZU","Herbarium GZU",NA
1657193343,"fb8ae15d-e30c-44b4-8f61-0bb0c1d90ff9",27.88778,42.70361,2009,8,13,"Bulgaria","Black Sea coast; Burgas province,Emona village,Cape ""Emine""","000281682","Atanassova,Adriana","GZU","Herbarium GZU",NA
1657193363,"fb8ae15d-e30c-44b4-8f61-0bb0c1d90ff9",27.88861,42.75167,2009,8,13,"Bulgaria","Black Sea coast; Burgas province,Emona village,Irakli protected area","000281599","Atanassova,Adriana","GZU","Herbarium GZU",NA
1638416386,"fb8ae15d-e30c-44b4-8f61-0bb0c1d90ff9",24.35639,42.81278,2009,9,1,"Bulgaria","Balkan mountain range; Lovech province,Ribaritsa village,""Sloncheto"" locality","000289862","Atanassova,Adriana","GZU","Herbarium GZU",NA
1657193494,"fb8ae15d-e30c-44b4-8f61-0bb0c1d90ff9",24.26278,42.81833,2009,9,18,"Bulgaria","Balkan mountain range; Lovech province,Cherni vit,""Boatin"" reserve","000281565","Atanassova,Adriana","GZU","Herbarium GZU",NA
1657193528,"fb8ae15d-e30c-44b4-8f61-0bb0c1d90ff9",27.18417,42.32972,2009,9,3,"Bulgaria","Strandzha; Burgas province,Sredets,Malka reka eco-path","000281622","Atanassova,Adriana","GZU","Herbarium GZU",NA
328126807,"890afcd2-f762-11e1-a439-00145eb45e9a",-0.36459,40.26025,2007,6,4,"Spain","El Rebollar","25957-1","V. Atienza","VAL","VAL_Lich","Cs"
328126808,"890afcd2-f762-11e1-a439-00145eb45e9a",-0.36459,40.26025,2007,6,4,"Spain","El Rebollar","25972-1","V. Atienza","VAL","VAL_Lich","Cs"
328126809,"890afcd2-f762-11e1-a439-00145eb45e9a",-0.36459,40.26025,2007,6,4,"Spain","El Rebollar","25983-1","Atienza, Mansanet & Salvà","VAL","VAL_Lich","Cs"
2449319215,"95d672e8-f762-11e1-a439-00145eb45e9a",7.55361,44.0622,2007,8,5,"France","Mercantour National Park, between Les Mesches and St. Dalmas de Tende,","ATBI_M7_2936","L?kös László","European Distributed Institute of Taxonomy (EDIT)","All Taxa Biodiversity Inventory - Mercantour/Alpi Marittime (France/Italy)",NA
2449319300,"95d672e8-f762-11e1-a439-00145eb45e9a",7.5535,44.0632,2007,8,6,"France","Mercantour National Park, between Les Mesches and St. Dalmas de Tende,","ATBI_M7_2957","L?kös László","European Distributed Institute of Taxonomy (EDIT)","All Taxa Biodiversity Inventory - Mercantour/Alpi Marittime (France/Italy)",NA
1851693413,"2a89fac8-e079-419e-8883-70a4cd9c25e1",-6.38,42.56,2006,5,27,"Spain","San Pedro Castañero","5812-1","I.Blanco","LEB","LICHEN","Leon"
1851694601,"2a89fac8-e079-419e-8883-70a4cd9c25e1",-6.8491,41.779,2006,9,6,"Portugal","Nogueira","6830-1","A.B.Fernández Salegui","LEB","LICHEN","TRAS-OS-MONTES"
328126190,"890afcd2-f762-11e1-a439-00145eb45e9a",-6.8356,41.752602,2006,9,6,"Portugal","Carretera Bragança-Edrosa","25738-1","V. Atienza","VAL","VAL_Lich",NA
912724906,"828a3d8c-f762-11e1-a439-00145eb45e9a",-5.81555,42.81445,2006,9,28,"Spain","La Magdalene ca. 5 km N","24636",NA,"FR","Herbarium Senckenbergianum (FR) - Fungi",NA
912724909,"828a3d8c-f762-11e1-a439-00145eb45e9a",-6.255833,42.711667,2006,10,4,"Spain","Rodrigatos de las Regueras","24679",NA,"FR","Herbarium Senckenbergianum (FR) - Fungi",NA
1851694072,"2a89fac8-e079-419e-8883-70a4cd9c25e1",-2.8067,42.2331,2005,9,8,"Spain","Anguiano-Mansilla de la Sierra","6265-1","A.Terrón","LEB","LICHEN","La rioja"
1851692342,"2a89fac8-e079-419e-8883-70a4cd9c25e1",-5.5,42.65,2005,10,18,"Spain","Villaobispo de las Regueras. El Portillín","6787-1","L.García","LEB","LICHEN","Leon"
2028329349,"ee4d0706-38af-4bc4-8539-e17c0ca8512e",5.758217,43.340533,2004,5,16,"France","Plan d'Aps-Sainte-Baume, l'Hostellerie de la Sainte-Baume, trail to Castelette Valley","47822","Gueidan, Cécile; Miadlikowska, Jolanta","DUKE",NA,"Provence-Alpes-Côte d'Azur"
2028354028,"ee4d0706-38af-4bc4-8539-e17c0ca8512e",5.758217,43.340533,2004,5,17,"France","Plan d'Aps-Sainte-Baume, l'Hostellerie de la Sainte-Baume, trail to Castelette Valley","47889","Gueidan, Cécile; Miadlikowska, Jolanta","DUKE",NA,"Provence-Alpes-Côte d'Azur"
912724561,"828a3d8c-f762-11e1-a439-00145eb45e9a",37.458333,44.716667,2004,5,10,"Russian Federation","Kaukasus, Maly Utrisch, oberhalb des Leuchtturms","16034",NA,"FR","Herbarium Senckenbergianum (FR) - Fungi",NA
912724529,"828a3d8c-f762-11e1-a439-00145eb45e9a",24.933883,42.696383,2004,8,23,"Bulgaria","Balkan, bei der Hütte Raj","16362",NA,"FR","Herbarium Senckenbergianum (FR) - Fungi",NA
912724545,"828a3d8c-f762-11e1-a439-00145eb45e9a",27.47,42.444167,2004,8,28,"Bulgaria","Schwarzmeerküste, Burgas, Höhenrücken e der Naturschutzstation Poda","16385",NA,"FR","Herbarium Senckenbergianum (FR) - Fungi",NA
178318146,"890afcd2-f762-11e1-a439-00145eb45e9a",-2.9461,42.158501,2004,9,8,"Spain","Mansilla de la Sierra. Embalse","24482-1","V. Atienza","VAL","VAL_Lich","Lo"
1826813431,"7f2889e6-f762-11e1-a439-00145eb45e9a",-2.77,42.25,2004,9,8,"Spain","Anguiano","14395","Néstor L. Hladun & Diana Muñiz","BCN","Lich","La Rioja (Logroño)"
1851692270,"2a89fac8-e079-419e-8883-70a4cd9c25e1",-2.921,42.358,2004,9,9,"Spain","Santurejo-Pazuengos","6149-1","A.B.Fernández Salegui","LEB","LICHEN","La rioja"
1851696670,"2a89fac8-e079-419e-8883-70a4cd9c25e1",-2.8067,42.2322,2004,9,8,"Spain","Anguiano-Mansilla de la Sierra","6204-1","A.Pérez Llamazares","LEB","LICHEN","La rioja"
29538430,"83492a58-f762-11e1-a439-00145eb45e9a",-2,42,2004,9,19,"Spain","Villoslada de Cameros, Cámping","15424-1","S. Pérez-Ortega","MA","MA-Lichen","Lo"
31310576,"835f8992-f762-11e1-a439-00145eb45e9a",-4.02,40.720001,2003,2,4,"Spain","Carretera de Los Molinos a Navacerrada, cruce con Cercedilla","13948-1","A. Argüello","MAF","MAF-Lich","M"
31310578,"835f8992-f762-11e1-a439-00145eb45e9a",-1.6,42.380001,2003,6,5,"Spain","Logroño, Montenegro de Cameros","13949-1","A. Argüello & al.","MAF","MAF-Lich","Lo"
31310581,"835f8992-f762-11e1-a439-00145eb45e9a",-1.6,42.380001,2003,6,5,"Spain","Logroño, Montenegro de Cameros","13950-1","A. Argüello & al.","MAF","MAF-Lich","Lo"
31310585,"835f8992-f762-11e1-a439-00145eb45e9a",-2.08,40.93,2003,6,17,"Spain","Selas","13951-1","A. Argüello & al.","MAF","MAF-Lich","Gu"
1501418801,"95e635d4-f762-11e1-a439-00145eb45e9a",-0.18,40.44,2003,7,15,"Spain","Barranc dÂ´Aznar","1552366","S. Fos MartÃ­n","BDBCV","BDBCV-General","Castellon"
29538166,"83492a58-f762-11e1-a439-00145eb45e9a",0,42,2003,8,29,"Spain","Escuaín, pueblo y miradores","14017-1","J.Etayo & W.Sanders","MA","MA-Lichen","Hu"
1056497324,"7e380070-f762-11e1-a439-00145eb45e9a",22.544722,37.362222,2002,5,1,"Greece",NA,"BM000764585","B F. Abbott","NHMUK","BOT","Peloponnese, Western Greece and the Ionian Islands"
165124838,"89579e3e-f762-11e1-a439-00145eb45e9a",13.911995,46.399623,2002,8,9,"Slovenia","Rjavec","F956089","Mrak T.","ULBF-AGR","FloVegSI-FLO","Gorenjska"
165124857,"89579e3e-f762-11e1-a439-00145eb45e9a",13.911995,46.399623,2002,8,9,"Slovenia","Rjavec","F956307","Mrak T.","ULBF-AGR","FloVegSI-FLO","Gorenjska"
1212200037,"85739778-f762-11e1-a439-00145eb45e9a",26.139,37.6022,2002,9,24,"Greece","GREECE, East Aegean Islands, Nomos Samos: Ikaria island. Frandato, W of Dafni. Alt. 510 m.","63984","H. Sipman & T. Raus","B","Lichen Herbarium Berlin",NA
2028360323,"ee4d0706-38af-4bc4-8539-e17c0ca8512e",7.033333,46.483333,2001,7,29,"Switzerland","Ver les Jordan, near Montbovon, Chateau d'Oex","30579","McMullen, Molly","DUKE",NA,"Fribourg"
1902172054,"828a3d8c-f762-11e1-a439-00145eb45e9a",37.460283,44.713333,2001,8,16,"Russian Federation","Halbinsel Abrau: bei der Siedlung Malyî Utri","51225-862",NA,"FR","Herbarium Senckenbergianum (FR) - Fungi",NA
328126547,"890afcd2-f762-11e1-a439-00145eb45e9a",-6.651,42.991001,2001,9,11,"Spain","Cangas del Narcea. Rebollar en el camino de La Viliella a la Vega de La Rondiella. Monte La Viliella.","21669-1","S. Pérez-Ortega, J. A. F. Prieto, S. Fos & E. Barreno","VAL","VAL_Lich","O"
31311519,"835f8992-f762-11e1-a439-00145eb45e9a",-4.76,40.279999,2000,2,NA,"Spain","Valle del Tietar, entre La Adrada y Piedralaves","6909-1","A. Crespo","MAF","MAF-Lich","Av"
1212198262,"85739778-f762-11e1-a439-00145eb45e9a",-5.0783,41.7533,2000,9,2,"Spain","SPAIN, Prov. Valladolid. Embalse de Santa Espina; alt. c. 810 m.","58420","H. Sipman","B","Lichen Herbarium Berlin",NA
1676070330,"828a3d8c-f762-11e1-a439-00145eb45e9a",4.025,40.694444,2000,9,12,"Spain","Prov. Madrid, Sierra de Guardarrama. The Cerro del Castillo near Collado Mediano, westslope","61375",NA,"FR","Herbarium Senckenbergianum (FR) - Fungi",NA
328125951,"890afcd2-f762-11e1-a439-00145eb45e9a",-0.083,40.421001,1999,10,5,"Spain","Ares del Maestre. Barranc dels Horts. Microrreserva del Mas Vell","10475-1","S. Fos, P. Pérez & I. Queral","VAL","VAL_Lich","Cs"
328125954,"890afcd2-f762-11e1-a439-00145eb45e9a",-0.083,40.421001,1999,10,5,"Spain","Ares del Maestre. Barranc dels Horts. Microrreserva del Mas Vell","10503-1","S. Fos, P. Pérez & I. Queral","VAL","VAL_Lich","Cs"
29538268,"83492a58-f762-11e1-a439-00145eb45e9a",-4,39,1998,1,24,"Spain","Anchuras, carretera de Horcajo, alcornocal a 5 Km del pueblo","14897-1","R.I. Fernández & F.J. Sarrión","MA","MA-Lichen","Cr"
31312229,"835f8992-f762-11e1-a439-00145eb45e9a",-2.93,37.93,1998,1,8,"Spain","Cazorla, valle del Guadalquivir, Vadillo Castril, cerrada del Utrero","7739-1","G. Aragón & I. Martínez","MAF","MAF-Lich","J"
31312235,"835f8992-f762-11e1-a439-00145eb45e9a",-2.87,37.970001,1998,1,9,"Spain","La Iruela, Sierra del Pozo, arroyo de las Truchas","7740-1","G. Aragón & I. Martínez","MAF","MAF-Lich","J"
29538033,"83492a58-f762-11e1-a439-00145eb45e9a",-1,40,1998,3,17,"Spain","Uña, Serranía de Cuenca, Laguna de Uña","11309-1","G. Aragón & I. Martínez","MA","MA-Lichen","Cu"
31312243,"835f8992-f762-11e1-a439-00145eb45e9a",-2.99,38.049999,1998,4,7,"Spain","Villacarrillo, Sierra de Las Villas, arroyo de los Vilchetes","7742-1","G. Aragón & I. Martínez","MAF","MAF-Lich","J"
29537894,"83492a58-f762-11e1-a439-00145eb45e9a",-1,40,1998,5,3,"Spain","Huerta del Marquesado, Barranco de la Canaleja","10292-1","G. Aragón & I. Martínez","MA","MA-Lichen","Cu"
29537929,"83492a58-f762-11e1-a439-00145eb45e9a",-1,40,1998,5,4,"Spain","Noguera, Sierra del Tremedal, barranco de las Fuentes","10544-1","G. Aragón & I. Martínez","MA","MA-Lichen","Te"
31309942,"835f8992-f762-11e1-a439-00145eb45e9a",-4.18,40.560001,1998,5,21,"Spain","San Lorenzo de El Escorial, Silla de Felipe II, bosque de la Herrería","11675-1","M. Fraga Graells","MAF","MAF-Lich","M"
31309950,"835f8992-f762-11e1-a439-00145eb45e9a",-4.18,40.560001,1998,5,21,"Spain","San Lorenzo de El Escorial, Silla de Felipe II","11680-1","A. Blázquez Martín","MAF","MAF-Lich","M"
29540300,"83492a58-f762-11e1-a439-00145eb45e9a",-4,39,1997,2,1,"Spain","Las Ventas con Peña Aguilera, Montes de Toledo, arroyo de la Higuera","9852-1","G. Aragón, A. Herrero & I. Martínez","MA","MA-Lichen","To"
1851696181,"2a89fac8-e079-419e-8883-70a4cd9c25e1",-5.635,42.787,1997,3,19,"Spain","La Robla","3704-1","A.B.Fernández Salegui","LEB","LICHEN","Leon"
1851699314,"2a89fac8-e079-419e-8883-70a4cd9c25e1",-5.684,42.804,1997,5,25,"Spain","Arroyo de la Gualta","3613-1","A.B.Fernández Salegui","LEB","LICHEN","Leon"
29540167,"83492a58-f762-11e1-a439-00145eb45e9a",-6,42,1997,5,2,"Spain","Cobreros, valle de Sanabria, Sotillo de Sanabria, arroyo de las Truchas","9038-1","G. Aragón & I. Martínez","MA","MA-Lichen","Za"
29540217,"83492a58-f762-11e1-a439-00145eb45e9a",-2,38,1997,5,24,"Spain","Peñascosa, Sierra de Alcaraz, río de la Mesta","9518-1","G. Aragón & I. Martínez","MA","MA-Lichen","Ab"
29540219,"83492a58-f762-11e1-a439-00145eb45e9a",-2,38,1997,5,3,"Spain","Alcaraz, Sierra de Alcaraz, río del Barrancazo","9519-1","G. Aragón & I. Martínez","MA","MA-Lichen","Ab"
29540221,"83492a58-f762-11e1-a439-00145eb45e9a",-2,38,1997,5,9,"Spain","Vianos, Sierra de Alcaraz, cerro del Sotillo, río de Angonilla","9520-1","G. Aragón & I. Martínez","MA","MA-Lichen","Ab"
1851697401,"2a89fac8-e079-419e-8883-70a4cd9c25e1",-5.478,42.853,1997,6,9,"Spain","La Valcueva","3612-1","A.B.Fernández Salegui","LEB","LICHEN","Leon"
1851699879,"2a89fac8-e079-419e-8883-70a4cd9c25e1",-5.467,42.863,1997,6,26,"Spain","Aviados","7733-1","A.B.Fernández Salegui","LEB","LICHEN","Leon"
31312240,"835f8992-f762-11e1-a439-00145eb45e9a",-2.59,38.32,1997,6,18,"Spain","Siles, Sierra de Segura, Las Acebeas","7741-1","G. Aragón & I. Martínez","MAF","MAF-Lich","J"
31312257,"835f8992-f762-11e1-a439-00145eb45e9a",-2.59,38.32,1997,6,18,"Spain","Siles, Sierra de Segura, Las Acebeas","7746-1","G. Aragón & I. Martínez","MAF","MAF-Lich","J"
1851698090,"2a89fac8-e079-419e-8883-70a4cd9c25e1",-6.695,42.137,1997,7,12,"Spain","San Martín de Castañeda. Camping El Folgoso","4677-1","A.Terrón","LEB","LICHEN","Zamora"
1851698585,"2a89fac8-e079-419e-8883-70a4cd9c25e1",-6.744,42.129,1997,7,10,"Spain","Ribadelago","4814-1","A.B.Fernández Salegui & J.Andrés","LEB","LICHEN","Zamora"
31312246,"835f8992-f762-11e1-a439-00145eb45e9a",-2.81,38.130001,1997,9,7,"Spain","Hornos, Sierra de Cazorla, Sierra de las Lagunillas, cerca del embalse del Tranco","7743-1","G. Aragón","MAF","MAF-Lich","J"
31312250,"835f8992-f762-11e1-a439-00145eb45e9a",-2.81,38.130001,1997,9,7,"Spain","Hornos, Sierra de Cazorla, Sierra de las Lagunillas, cerca del embalse del Tranco","7744-1","G. Aragón","MAF","MAF-Lich","J"
31312260,"835f8992-f762-11e1-a439-00145eb45e9a",-2.98,37.84,1997,9,6,"Spain","Quesada, Sierra del Pozo, campamento Cañada de las Fuentes, cerca del nacimiento del río Guadalquivir","7747-1","G. Aragón","MAF","MAF-Lich","J"
31312253,"835f8992-f762-11e1-a439-00145eb45e9a",-2.79,38.040001,1997,11,4,"Spain","Santiago-Pontones, Sierra de Segura, río Aguamulas, cerca del cortijo del Mulón","7745-1","G. Aragón & I. Martínez","MAF","MAF-Lich","J"
29539938,"83492a58-f762-11e1-a439-00145eb45e9a",-2,38,1996,1,4,"Spain","Riopar, Sierra del Calar del Mundo, río Mundo","7344-1","G. Aragón & I. Martínez","MA","MA-Lichen","Ab"
31311166,"835f8992-f762-11e1-a439-00145eb45e9a",-2.47,38.419998,1996,1,5,"Spain","Vianos, Sierra del Calar del Mundo, Fuente de las Raigadas","5481-1","G. Aragón & I. Martínez","MAF","MAF-Lich","Ab"
31311178,"835f8992-f762-11e1-a439-00145eb45e9a",-2.45,38.459999,1996,2,11,"Spain","Riópar, Sierra del Calar del Mundo, pista hacia Fuente de la Pedorrilla, borde de carretera","5601-1","G. Aragón, A. Herrero & I. Martínez","MAF","MAF-Lich","Ab"
178318073,"890afcd2-f762-11e1-a439-00145eb45e9a",-3.18,41.150002,1996,3,28,"Spain","Umbralejo. Ctra. entre Umbralejo y Arrroyo de Valverde, Km 4","11013-1","S. Fos, E. Barreno & C. Gimeno","VAL","VAL_Lich","Gu"
178318735,"890afcd2-f762-11e1-a439-00145eb45e9a",-2.11,40.959999,1996,3,27,"Spain","Selas. Ctra. N-211, Km 38","5996-1","S. Fos, E. Barreno & C. Gimeno","VAL","VAL_Lich","Gu"
178318738,"890afcd2-f762-11e1-a439-00145eb45e9a",-3.18,41.150002,1996,3,28,"Spain","Valdepinillos. Carrascal pasado el cementerio","5999-1","S. Fos, E. Barreno & C. Gimeno","VAL","VAL_Lich","Gu"
29540027,"83492a58-f762-11e1-a439-00145eb45e9a",-6,40,1996,4,5,"Spain","Hoyos, estribaciones de la Sierra de Santa Olalla, arroyo de Santa Catalina","7641-1","G. Aragón, A. Herrero & I. Martínez","MA","MA-Lichen","Cc"
1851694882,"2a89fac8-e079-419e-8883-70a4cd9c25e1",-5.644,42.724,1996,12,2,"Spain","Cuadros","3615-1","A.B.Fernández Salegui","LEB","LICHEN","Leon"
1851700094,"2a89fac8-e079-419e-8883-70a4cd9c25e1",-5.671,42.786,1996,12,2,"Spain","Valmayor","3614-1","A.B.Fernández Salegui","LEB","LICHEN","Leon"
29539835,"83492a58-f762-11e1-a439-00145eb45e9a",-4,39,1995,2,11,"Spain","Los Navalucillos, Montes de Toledo, Las Becerras, arroyo del Chorro","6950-1","G. Aragón, A. Herrero & I. Martínez","MA","MA-Lichen","To"
1851697684,"2a89fac8-e079-419e-8883-70a4cd9c25e1",-5.39,42.83,1995,3,25,"Spain","Candanedo de Boñar","7524-1","A.B.Fernández Salegui","LEB","LICHEN","Leon"
1851695718,"2a89fac8-e079-419e-8883-70a4cd9c25e1",-5.39,42.83,1995,5,6,"Spain","Candanedo de Boñar","7520-1","P.Barquín","LEB","LICHEN","Leon"
328126255,"890afcd2-f762-11e1-a439-00145eb45e9a",-0.781,39.959,1995,5,3,"Spain","El Toro. Rambla de las Maricas","5850-1","S. Fos","VAL","VAL_Lich","Cs"
31311257,"835f8992-f762-11e1-a439-00145eb45e9a",-2.87,38.02,1995,7,13,"Spain","Santiago-Pontones, Sierra de Cazorla, km 20 de la carretera de Cazorla al Tranco, cerca cortijo la Hortizuela","5898-1","V. J. Rico & M. A. Florido","MAF","MAF-Lich","J"
165124654,"89579e3e-f762-11e1-a439-00145eb45e9a",14.911842,46.59964,1995,9,27,"Slovenia",NA,"F779100","Mayrhofer H., Suppan U.","ULBF-AGR","FloVegSI-FLO",NA
1851694286,"2a89fac8-e079-419e-8883-70a4cd9c25e1",-6.75,42.48,1994,1,4,"Spain","Carucedo","2029-1","A.Terrón","LEB","LICHEN","Leon"
1851701109,"2a89fac8-e079-419e-8883-70a4cd9c25e1",-6.75,42.39,1994,1,4,"Spain","Puente de Domindo Flórez","2254-1","A.Úbeda","LEB","LICHEN","Leon"
165124665,"89579e3e-f762-11e1-a439-00145eb45e9a",15.078495,46.499659,1994,8,21,"Slovenia",NA,"F779338","Mayrhofer H., Suppan U.","ULBF-AGR","FloVegSI-FLO",NA
152941303,"89579e3e-f762-11e1-a439-00145eb45e9a",13.745351,46.399616,1994,9,29,"Slovenia",NA,"F776667","Batič F.","ULBF-AGR","FloVegSI-FLO",NA
152941304,"89579e3e-f762-11e1-a439-00145eb45e9a",13.745351,46.399616,1994,9,29,"Slovenia",NA,"F776679","Batič F.","ULBF-AGR","FloVegSI-FLO",NA
29538272,"83492a58-f762-11e1-a439-00145eb45e9a",-3,38,1994,10,6,"Spain","Viso del Marqués, sierra de San Andrés, vaguada umbría de Peña Negrilla","14899-1","F.J. Sarrión","MA","MA-Lichen","Cr"
29539236,"83492a58-f762-11e1-a439-00145eb45e9a",-5,40,1994,11,24,"Spain","Aliseda de Tormes, carretera a Navamedina. Río Tormes","4710-1","I.Ibáñez","MA","MA-Lichen","Av"
328126256,"890afcd2-f762-11e1-a439-00145eb45e9a",-0.286,40.641998,1994,11,11,"Spain","Todolella. Bco de la Crianzón","5851-1","S. Fós.","VAL","VAL_Lich","Cs"
178318678,"890afcd2-f762-11e1-a439-00145eb45e9a",-2.94,41.509998,1993,1,25,"Spain","Pinilla de Molina. Valcamarillo","5128-1","Barreno; Calatayud & Fos","VAL","VAL_Lich","Gu"
178318874,"890afcd2-f762-11e1-a439-00145eb45e9a",-5.421,36.612,1993,6,28,"Spain","Cortes de la Frontera. Sierra de los Pinos. Cerro del Alcornocal","8298-1","E. Calvo","VAL","VAL_Lich","Ma"
178318616,"890afcd2-f762-11e1-a439-00145eb45e9a",-5.944,39.951,1993,9,27,"Spain","Malpartida de Plasencia. Dehesa de Fresnedoso","4597-1","E. Barreno & S. Fos","VAL","VAL_Lich","Cc"
178318910,"890afcd2-f762-11e1-a439-00145eb45e9a",-7.031,39.431999,1993,9,28,"Spain","San Vicente de Alcántara. Puerto de Elice","8518-1","S. Fos & E. Barreno","VAL","VAL_Lich","Ba"
178318982,"890afcd2-f762-11e1-a439-00145eb45e9a",-7.1,39.451,1993,9,28,"Spain","San Vicente de Alcántara. Sierra Medina. La Venta","9055-1","E. Barreno & S. Fos","VAL","VAL_Lich","Ba"
29539344,"83492a58-f762-11e1-a439-00145eb45e9a",-3,41,1993,11,28,"Spain","Cedillo de la Torre, Umbría de la Hoz","4994-1","G. Aragón, J. L. Castillo & I. Martínez","MA","MA-Lichen","Sg"
29539342,"83492a58-f762-11e1-a439-00145eb45e9a",-3,41,1993,12,7,"Spain","Riofrío de Riaza, valle del río Riaza","4993-1","G. Aragón, J. L. Castillo, I. Martínez & T. Rojas","MA","MA-Lichen","Sg"
29539198,"83492a58-f762-11e1-a439-00145eb45e9a",-5,40,1992,1,19,"Spain","Aliseda de Tormes, El Canalizo, ladera N.","4694-1","I.Ibáñez","MA","MA-Lichen","Av"
29539245,"83492a58-f762-11e1-a439-00145eb45e9a",-5,40,1992,1,19,"Spain","Aliseda de Tormes, El Canalizo, ladera N.","4775-1","I.Ibáñez","MA","MA-Lichen","Av"
1851693887,"2a89fac8-e079-419e-8883-70a4cd9c25e1",-5.063,41.763,1992,2,8,"Spain","Embalse de la Santa Espina-Castromonte","1952-1","A.Úbeda & A.Terrón","LEB","LICHEN","Valladolid"
1851700178,"2a89fac8-e079-419e-8883-70a4cd9c25e1",-5.063,41.763,1992,2,8,"Spain","Embalse de la Santa Espina-Castromonte","1912-1","A.Úbeda & A.Terrón","LEB","LICHEN","Valladolid"
1500641640,"95e635d4-f762-11e1-a439-00145eb45e9a",-0.57,38.64,1992,3,10,"Spain","Casa Foiaderetes","266513","E. Calvo RosellÃ³","BDBCV","BDBCV-General","Alicante"
328126327,"890afcd2-f762-11e1-a439-00145eb45e9a",-0.474,39.717999,1992,3,8,"Spain","Serra. Serra Calderona. Montañas de Porta-Coeli. Font del Berro","8817-1","M. A. Codoñer & S. Fos","VAL","VAL_Lich","V"
1212211249,"85739778-f762-11e1-a439-00145eb45e9a",-4.9333,35.0333,1992,6,24,"Morocco","MOROCCO: 5 km up track to Jbel Tiziraine; start of track 72 km from Chefchaouèn on road to Ketama, 12 km W from Bab-Berret. Alt. 1700 m. Grid 543491.","106971","S. L. Jury et al.","B","Lichen Herbarium Berlin",NA
29539247,"83492a58-f762-11e1-a439-00145eb45e9a",-5,40,1992,6,10,"Spain","Navamojada, Caseta de los Frailes, ladera S.","4776-1","I.Ibáñez","MA","MA-Lichen","Av"
29539252,"83492a58-f762-11e1-a439-00145eb45e9a",-5,40,1992,6,10,"Spain","La Zarza, Sierra del Tremedal","4778-1","I.Ibáñez","MA","MA-Lichen","Av"
29539254,"83492a58-f762-11e1-a439-00145eb45e9a",-5,40,1992,6,10,"Spain","Navamedina, Garganta de Bohoyo, La Apretilla, ladera N.","4779-1","I.Ibáñez","MA","MA-Lichen","Av"
29539255,"83492a58-f762-11e1-a439-00145eb45e9a",-5,40,1992,6,10,"Spain","Mazalinos, Sierra del Tremedal","4780-1","I.Ibáñez","MA","MA-Lichen","Av"
328126235,"890afcd2-f762-11e1-a439-00145eb45e9a",-0.375,39.877998,1992,9,15,"Spain","Azuebar. Sierra de Espadán. Mosquera","3825-1","S. Fos","VAL","VAL_Lich","Cs"
328126240,"890afcd2-f762-11e1-a439-00145eb45e9a",-0.385,39.904999,1992,9,15,"Spain","Algimia de Almonacid. Sierra de Espadán. Bco. de Agua Negra","4741-1","M. A. Codoñer & S. Fos","VAL","VAL_Lich","Cs"
152941255,"89579e3e-f762-11e1-a439-00145eb45e9a",15.411775,46.599662,1992,10,23,"Slovenia",NA,"F775411","Koch M., Koch E.","ULBF-AGR","FloVegSI-FLO",NA
152941257,"89579e3e-f762-11e1-a439-00145eb45e9a",15.411775,46.599662,1992,10,16,"Slovenia",NA,"F775456","Koch M., Koch E.","ULBF-AGR","FloVegSI-FLO",NA
178318410,"890afcd2-f762-11e1-a439-00145eb45e9a",-5.663,36.515999,1992,10,19,"Spain","Alcalá de los Gazules. Cerro de los Beatos","3468-1","S. Fos","VAL","VAL_Lich","Ca"
178318429,"890afcd2-f762-11e1-a439-00145eb45e9a",-5.598,36.554001,1992,10,19,"Spain","Jerez de la Frontera. Sierra del Algibe. Puerto de Galiz","3510-1","S. Fos","VAL","VAL_Lich","Ca"
178318901,"890afcd2-f762-11e1-a439-00145eb45e9a",-5.506,36.484001,1992,10,19,"Spain","Jimena de la Frontera. Sierra del Algibe. Entre Jimena-La Sauceda","8468-1","S. Fos","VAL","VAL_Lich","Ca"
1851700503,"2a89fac8-e079-419e-8883-70a4cd9c25e1",-5.29,40.22,1992,11,1,"Spain","Santuario Nuestra Señora de la Chía","2261-1","A.Terrón","LEB","LICHEN","Avila"
178318344,"890afcd2-f762-11e1-a439-00145eb45e9a",-3.32,36.816002,1991,4,3,"Spain","Polopos. Haza del Lino. Ctra. N- 333, Km 39","3301-1","S. Fos","VAL","VAL_Lich","Gr"
178318873,"890afcd2-f762-11e1-a439-00145eb45e9a",-3.77,40.509998,1991,4,27,"Spain","Carrascal de El Pardo","8296-1","S. Fos","VAL","VAL_Lich","M"
912724661,"828a3d8c-f762-11e1-a439-00145eb45e9a",22.583333,39.783333,1991,5,5,"Greece","Ossagebirge, Stomio","17336",NA,"FR","Herbarium Senckenbergianum (FR) - Fungi",NA
912724735,"828a3d8c-f762-11e1-a439-00145eb45e9a",22.583333,39.783333,1991,5,5,"Greece","Ossagebirge, Stomio","18494",NA,"FR","Herbarium Senckenbergianum (FR) - Fungi",NA
912724748,"828a3d8c-f762-11e1-a439-00145eb45e9a",22.583333,39.783333,1991,5,5,"Greece","Ossagebirge, Stomio","18451",NA,"FR","Herbarium Senckenbergianum (FR) - Fungi",NA
1500641620,"95e635d4-f762-11e1-a439-00145eb45e9a",-0.07,40.65,1991,7,15,"Spain","Puerto de TorremirÃ³","266511","E. Barreno RodrÃ­guez","BDBCV","BDBCV-General","Castellon"
1500641641,"95e635d4-f762-11e1-a439-00145eb45e9a",0.05,40.6,1991,7,15,"Spain",NA,"266512","E. Barreno RodrÃ­guez","BDBCV","BDBCV-General","Castellon"
1500641647,"95e635d4-f762-11e1-a439-00145eb45e9a",0.08,40.69,1991,7,15,"Spain","CoratxÃ","266516","V. Atienza Tamarit | S. Fos MartÃ­n | E. Barreno RodrÃ­guez","BDBCV","BDBCV-General","Castellon"
178318349,"890afcd2-f762-11e1-a439-00145eb45e9a",2.91,41.908001,1991,10,13,"Spain","Sant Sadurdí. Puig dels Cristians","3313-1","S. Fos","VAL","VAL_Lich","Ge"
29539239,"83492a58-f762-11e1-a439-00145eb45e9a",-5,40,1991,11,24,"Spain","Aliseda de Tormes, carretera a Navamedina. Río Tormes","4711-1","I.Ibáñez","MA","MA-Lichen","Av"
29539241,"83492a58-f762-11e1-a439-00145eb45e9a",-5,40,1991,11,24,"Spain","Aliseda de Tormes, carretera a Navamedina. Río Tormes","4712-1","I.Ibáñez","MA","MA-Lichen","Av"
29539243,"83492a58-f762-11e1-a439-00145eb45e9a",-5,40,1991,11,24,"Spain","Navalguijo, campamento","4713-1","I.Ibáñez","MA","MA-Lichen","Av"
178318272,"890afcd2-f762-11e1-a439-00145eb45e9a",-6.06,40.402,1990,8,8,"Spain","Sotoserrano","3133-1","S. Fos","VAL","VAL_Lich","Sa"
178318285,"890afcd2-f762-11e1-a439-00145eb45e9a",-6.06,40.402,1990,8,8,"Spain","Sotoserrano. El Pardo","3152-1","S. Fos","VAL","VAL_Lich","Sa"
178318295,"890afcd2-f762-11e1-a439-00145eb45e9a",-6.241,40.298,1990,8,8,"Spain","Casar de Palomero. Sierra de Santa Bárbara","3171-1","S. Fos","VAL","VAL_Lich","Cc"
178318301,"890afcd2-f762-11e1-a439-00145eb45e9a",-6.088,40.033001,1990,8,9,"Spain","Plasencia","3184-1","S. Fos","VAL","VAL_Lich","Cc"
178318309,"890afcd2-f762-11e1-a439-00145eb45e9a",-6.235,39.856998,1990,8,9,"Spain","Mirabel. Sierra de los Canchos","3204-1","S. Fos","VAL","VAL_Lich","Cc"
178318315,"890afcd2-f762-11e1-a439-00145eb45e9a",-6.365,39.824001,1990,8,9,"Spain","Torrejoncillo. Valle de la Concha","3217-1","S. Fos","VAL","VAL_Lich","Cc"
178318318,"890afcd2-f762-11e1-a439-00145eb45e9a",-6.561,39.233002,1990,8,10,"Spain","Sierra del Vidrio. Dehesa de Calabazas","3225-1","S. Fos","VAL","VAL_Lich","Cc"
178318322,"890afcd2-f762-11e1-a439-00145eb45e9a",-6.144,39.233002,1990,8,10,"Spain","Montánchez. Sierra de Montánchez","3252-1","S. Fos","VAL","VAL_Lich","Cc"
178318333,"890afcd2-f762-11e1-a439-00145eb45e9a",-5.417,39.612,1990,8,12,"Spain","Castañar  de  Ibor.  Sierra  de Porrinos","3277-1","S. Fos","VAL","VAL_Lich","Cc"
178318698,"890afcd2-f762-11e1-a439-00145eb45e9a",-6.095,40.411999,1990,8,8,"Spain","Caminomorisco. Riomalo de Abajo. Sierra del Cordón","5261-1","S. Fos","VAL","VAL_Lich","Cc"
178319084,"890afcd2-f762-11e1-a439-00145eb45e9a",-6.203,39.198002,1990,8,10,"Spain","Alcuescar. Sierra del Centinela. Los Villares","9980-1","S. Fos","VAL","VAL_Lich","Cc"
1851698549,"2a89fac8-e079-419e-8883-70a4cd9c25e1",-6.088,40.033,1990,8,9,"Spain","Plasencia","7781-1","S.Fos","LEB","LICHEN","Caceres"
328126229,"890afcd2-f762-11e1-a439-00145eb45e9a",-0.363,39.877998,1990,10,26,"Spain","Azuebar. Sierra de Espadán. Mosquera","3430-1","S. Fos","VAL","VAL_Lich","Cs"
328126444,"890afcd2-f762-11e1-a439-00145eb45e9a",-0.385,39.904999,1989,6,17,"Spain","Algimia de Almonacid, Barranco de Agua Negra","2066-1","Barreno & Muñoz","VAL","VAL_Lich","Cs"
1500641599,"95e635d4-f762-11e1-a439-00145eb45e9a",-0.54,38.65,1988,4,24,"Spain","Cingleras del BarÃ³","266503","E. Barreno RodrÃ­guez | M. J. Sanz SÃ¡nchez","BDBCV","BDBCV-General","Alicante"
1500641637,"95e635d4-f762-11e1-a439-00145eb45e9a",-0.54,38.65,1988,4,24,"Spain","Cingleras del BarÃ³","266502","E. Barreno RodrÃ­guez | M. J. Sanz SÃ¡nchez","BDBCV","BDBCV-General","Alicante"
328126894,"890afcd2-f762-11e1-a439-00145eb45e9a",-0.305,39.867001,1988,4,22,"Spain","Eslida, Majadica","647-1","A. Muñoz","VAL","VAL_Lich","Cs"
1851696315,"2a89fac8-e079-419e-8883-70a4cd9c25e1",-5.648,42.805,1988,5,26,"Spain","Llanos de Alba","1002-2","A.Terrón","LEB","LICHEN","Leon"
1851697231,"2a89fac8-e079-419e-8883-70a4cd9c25e1",-6.11,40.48,1987,4,13,"Spain","Las Batuecas","1864-1","A.Terrón & A.Úbeda","LEB","LICHEN","Salamanca"
328126355,"890afcd2-f762-11e1-a439-00145eb45e9a",0.2741,40.658001,1987,4,26,"Spain","Puebla de Benifassar","1151-1","V. Atienza","VAL","VAL_Lich","Cs"
328126356,"890afcd2-f762-11e1-a439-00145eb45e9a",0.2741,40.658001,1987,4,26,"Spain","Puebla de Benifassar","1151-2","V. Atienza","VAL","VAL_Lich","Cs"
2028421981,"ee4d0706-38af-4bc4-8539-e17c0ca8512e",9.4,39.85,1987,7,16,"Italy","Barbagia Seulo Foresta Demaniale di M. Arbo, Valle del Rio, San Girolamo","354887","Nash III, Thomas, H.","DUKE",NA,"Sardinia"
2270739114,"98bceab6-3c3e-4163-945d-6ca10576ebf1",9.4,39.85,1987,7,16,"Italy","Barbagia Seulo Foresta Demaniale di M. Arbo, Valle del Rio, S. Girolamo","543647","T.H. Nash III","ASU",NA,"Sardinia"
328126353,"890afcd2-f762-11e1-a439-00145eb45e9a",0.02,40.5,1987,7,8,"Spain","Catí","1150-1","V. Atienza","VAL","VAL_Lich","Cs"
328126354,"890afcd2-f762-11e1-a439-00145eb45e9a",0.02,40.5,1987,7,8,"Spain","Catí","1150-2","V. Atienza","VAL","VAL_Lich","Cs"
912724752,"828a3d8c-f762-11e1-a439-00145eb45e9a",23.266667,41.55,1987,7,9,"Bulgaria","Südbulgarien, Pirin-Gebirge, Sandanski","18457",NA,"FR","Herbarium Senckenbergianum (FR) - Fungi",NA
912724769,"828a3d8c-f762-11e1-a439-00145eb45e9a",23.266667,41.55,1987,7,9,"Bulgaria","Südbulgarien, Struma-Tal, Sandanski","18467",NA,"FR","Herbarium Senckenbergianum (FR) - Fungi",NA
152941277,"89579e3e-f762-11e1-a439-00145eb45e9a",14.911851,46.499652,1987,9,23,"Slovenia",NA,"F775977","Batič F.","ULBF-AGR","FloVegSI-FLO",NA
1851695155,"2a89fac8-e079-419e-8883-70a4cd9c25e1",-6.49,42.83,1986,4,23,"Spain","Corbón del Sil","657-1","Sánchez Velasco & A.Terrón","LEB","LICHEN","Leon"
328125966,"890afcd2-f762-11e1-a439-00145eb45e9a",0.0513,40.6147,1986,4,3,"Spain","Vallibona, Cvto. Sto. Domingo","1149-1","V. Atienza","VAL","VAL_Lich","Cs"
2270800505,"98bceab6-3c3e-4163-945d-6ca10576ebf1",15.766667,48.85,1986,5,25,"Austria","Riegersburg, near old castle on hill in center of town","543650","B.D. Ryan","ASU",NA,"Styria"
328126359,"890afcd2-f762-11e1-a439-00145eb45e9a",-0.286,40.641998,1986,5,27,"Spain","Todolella, Barranco Todolella","1156-1","V. Atienza","VAL","VAL_Lich","Cs"
1851692103,"2a89fac8-e079-419e-8883-70a4cd9c25e1",-5.621,42.751,1986,7,28,"Spain","Alto de Cabanillas","988-1","A.Terrón","LEB","LICHEN","Leon"
1851692902,"2a89fac8-e079-419e-8883-70a4cd9c25e1",-5.634,42.769,1986,7,28,"Spain","Cascantes","982-1","A.Terrón","LEB","LICHEN","Leon"
1851692959,"2a89fac8-e079-419e-8883-70a4cd9c25e1",-5.648,42.814,1986,7,29,"Spain","Peñas del Bufo","985-1","A.Terrón","LEB","LICHEN","Leon"
1851693335,"2a89fac8-e079-419e-8883-70a4cd9c25e1",-5.647,42.796,1986,7,29,"Spain","Arroyo Remedios","995-1","A.Terrón","LEB","LICHEN","Leon"
1851694273,"2a89fac8-e079-419e-8883-70a4cd9c25e1",-5.6,42.824,1986,7,29,"Spain","Cerro de los Sieros","992-1","A.Terrón","LEB","LICHEN","Leon"
1851696146,"2a89fac8-e079-419e-8883-70a4cd9c25e1",-5.621,42.751,1986,7,28,"Spain","Alto de Cabanillas","989-1","A.Terrón","LEB","LICHEN","Leon"
1851696246,"2a89fac8-e079-419e-8883-70a4cd9c25e1",-5.634,42.769,1986,7,28,"Spain","Cascantes","983-1","A.Terrón","LEB","LICHEN","Leon"
1851696570,"2a89fac8-e079-419e-8883-70a4cd9c25e1",-5.645,42.751,1986,7,28,"Spain","La Seca","994-1","A.Terrón","LEB","LICHEN","Leon"
1851696954,"2a89fac8-e079-419e-8883-70a4cd9c25e1",-5.633,42.751,1986,7,28,"Spain","La Seca","998-1","A.Terrón","LEB","LICHEN","Leon"
1851694499,"2a89fac8-e079-419e-8883-70a4cd9c25e1",-5.598,42.779,1986,8,26,"Spain","Alto de Valdeloro","993-1","A.Terrón","LEB","LICHEN","Leon"
1851695317,"2a89fac8-e079-419e-8883-70a4cd9c25e1",-5.637,42.832,1986,8,22,"Spain","Peredilla","987-1","A.Terrón","LEB","LICHEN","Leon"
1851696963,"2a89fac8-e079-419e-8883-70a4cd9c25e1",-5.648,42.805,1986,8,8,"Spain","Llanos de Alba","1001-1","A.Terrón","LEB","LICHEN","Leon"
1851697225,"2a89fac8-e079-419e-8883-70a4cd9c25e1",-5.573,42.779,1986,8,26,"Spain","Arroyo de Valdetoros","981-1","A.Terrón","LEB","LICHEN","Leon"
1851698176,"2a89fac8-e079-419e-8883-70a4cd9c25e1",-5.648,42.805,1986,8,8,"Spain","Llanos de Alba","996-1","A.Terrón","LEB","LICHEN","Leon"
1851700078,"2a89fac8-e079-419e-8883-70a4cd9c25e1",-5.648,42.805,1986,8,8,"Spain","Llanos de Alba","1000-1","A.Terrón","LEB","LICHEN","Leon"
178318088,"890afcd2-f762-11e1-a439-00145eb45e9a",0.34,40.669998,1986,9,21,"Spain","La Senia, El Retaule","1208-1","Violeta Atienza","VAL","VAL_Lich","T"
328126362,"890afcd2-f762-11e1-a439-00145eb45e9a",0.1134,40.680302,1986,9,21,"Spain","Bojar","1159-1","V. Atienza","VAL","VAL_Lich","Cs"
328126863,"890afcd2-f762-11e1-a439-00145eb45e9a",-0.339,39.886002,1986,9,28,"Spain","Ahín, Los Noguerales","398-1","A. Muñoz","VAL","VAL_Lich","Cs"
328126443,"890afcd2-f762-11e1-a439-00145eb45e9a",-0.463,39.717999,1986,10,8,"Spain","Serra, Barranco de Saragutillo","2065-1","F. Cuesta","VAL","VAL_Lich","V"
1851692022,"2a89fac8-e079-419e-8883-70a4cd9c25e1",-6.63,42.47,1986,12,20,"Spain","Villanueva de Valdueza","5454-3","A.Terrón","LEB","LICHEN","Leon"
1851692217,"2a89fac8-e079-419e-8883-70a4cd9c25e1",-6.63,42.47,1986,12,20,"Spain","Villanueva de Valdueza","1020-3","A.Terrón","LEB","LICHEN","Leon"
1851693826,"2a89fac8-e079-419e-8883-70a4cd9c25e1",-6.74,42.84,1986,12,20,"Spain","Burbia","1014-2","A.Terrón","LEB","LICHEN","Leon"
1851695355,"2a89fac8-e079-419e-8883-70a4cd9c25e1",-6.74,42.66,1986,12,21,"Spain","Paradaseca","2501-2","A.Terrón","LEB","LICHEN","Leon"
1851696003,"2a89fac8-e079-419e-8883-70a4cd9c25e1",-6.74,42.66,1986,12,21,"Spain","Paradaseca","1021-1","A.Terrón","LEB","LICHEN","Leon"
1851699215,"2a89fac8-e079-419e-8883-70a4cd9c25e1",-6.63,42.47,1986,12,20,"Spain","Villanueva de Valdueza","1015-2","A.Terrón","LEB","LICHEN","Leon"
1851699398,"2a89fac8-e079-419e-8883-70a4cd9c25e1",-6.72,43.29,1986,12,21,"Spain","Vega de Yeres","5626-3","A.Terrón","LEB","LICHEN","Leon"
178318076,"890afcd2-f762-11e1-a439-00145eb45e9a",0.34,40.669998,1985,4,6,"Spain","La Senia, El Retaule","1148-1","Violeta Atienza","VAL","VAL_Lich","T"
178318077,"890afcd2-f762-11e1-a439-00145eb45e9a",0.34,40.669998,1985,4,6,"Spain","La Senia, El Retaule","1153-1","Violeta Atienza","VAL","VAL_Lich","T"
178318090,"890afcd2-f762-11e1-a439-00145eb45e9a",0.34,40.669998,1985,4,6,"Spain","La Senia, El Retaule","1214-1","Violeta Atienza","VAL","VAL_Lich","T"
328126358,"890afcd2-f762-11e1-a439-00145eb45e9a",0.124,40.6553,1985,11,2,"Spain","Castell de Cabres","1155-1","V. Atienza","VAL","VAL_Lich","Cs"
328126361,"890afcd2-f762-11e1-a439-00145eb45e9a",0.2741,40.658001,1985,11,2,"Spain","Puebla de Benifassar","1158-1","V. Atienza","VAL","VAL_Lich","Cs"
1500641604,"95e635d4-f762-11e1-a439-00145eb45e9a",-0.53,38.66,1984,2,5,"Spain","Parc Natural de la Font Roja","266501","C. Fabregat Llueca | J. Juan","BDBCV","BDBCV-General","Alicante"
1826811830,"7f2889e6-f762-11e1-a439-00145eb45e9a",2.46,41.78,1984,5,18,"Spain","Carretera de Sant Celoni a Santa Fe","11147","Antonio Gómez-Bolea","BCN","Lich","Barcelona"
1826811841,"7f2889e6-f762-11e1-a439-00145eb45e9a",2.46,41.78,1984,5,18,"Spain","Carretera de Sant Celoni a Santa Fe","11151","Antonio Gómez-Bolea","BCN","Lich","Barcelona"
1851700572,"2a89fac8-e079-419e-8883-70a4cd9c25e1",-6.669,42.505,1984,5,7,"Spain","Priaranza del Bierzo","1012-1","A.Terrón","LEB","LICHEN","Leon"
1826811433,"7f2889e6-f762-11e1-a439-00145eb45e9a",2.46,41.78,1984,6,23,"Spain","Km 6, carretera La Costa a Mosqueroles","10694","Antonio Gómez-Bolea & Montserrat Boqueras","BCN","Lich","Barcelona"
1826811561,"7f2889e6-f762-11e1-a439-00145eb45e9a",2.46,41.78,1984,6,23,"Spain","Km 4, carretera La Costa a Mosqueroles","10720","Antonio Gómez-Bolea & Montserrat Boqueras","BCN","Lich","Barcelona"
1826812150,"7f2889e6-f762-11e1-a439-00145eb45e9a",0.77,42.03,1984,8,4,"Spain","Entre Avellanes i Àger","11410","Antonio Gómez-Bolea","BCN","Lich","Lleida"
1826812823,"7f2889e6-f762-11e1-a439-00145eb45e9a",0.77,42.03,1984,8,6,"Spain","Coll d'Ares","11674","Antonio Gómez-Bolea","BCN","Lich","Lleida"
328126357,"890afcd2-f762-11e1-a439-00145eb45e9a",-0.04,40.582001,1984,8,28,"Spain","Barranco de Bergantes","1154-1","V. Atienza","VAL","VAL_Lich","Cs"
178318715,"890afcd2-f762-11e1-a439-00145eb45e9a",-1.73,41.860001,1984,9,4,"Spain","Sra Moncayo, Bco de castilla","549-1","E. Seriñá","VAL","VAL_Lich","Z"
2425462044,"7f2889e6-f762-11e1-a439-00145eb45e9a",-1.86,41.77,1984,9,4,"Spain","Barranco de Castilla, Moncayo","3682","Antonio Gómez-Bolea","BCN","Lich","Soria"
328126201,"890afcd2-f762-11e1-a439-00145eb45e9a",-1.86,41.77,1984,9,5,"Spain","Dehesa de la Cueva de Agrea, El Moncayo","26420-1","Begoña Aguirre","VAL","VAL_Lich","So"
328126360,"890afcd2-f762-11e1-a439-00145eb45e9a",-0.045,40.473999,1984,9,21,"Spain","Morella, Masia Xivacolla","1157-1","V. Atienza","VAL","VAL_Lich","Cs"
1826812671,"7f2889e6-f762-11e1-a439-00145eb45e9a",1.03,41.4,1983,11,5,"Spain","Vall de Castellfollit","11649","Antonio Gómez-Bolea","BCN","Lich","Tarragona"
1055657236,"7e380070-f762-11e1-a439-00145eb45e9a",-3.136122,51.047989,1982,3,30,"United Kingdom",NA,"BM000747323","Francis Rose","NHMUK","BOT","England"
1826816762,"7f2889e6-f762-11e1-a439-00145eb45e9a",1.03,41.31,1982,4,16,"Spain","Vall de Castellfollit","9062","Antonio Gómez-Bolea","BCN","Lich","Tarragona"
1826816778,"7f2889e6-f762-11e1-a439-00145eb45e9a",1.03,41.31,1982,4,16,"Spain","Vall de Castellfollit","9059","Antonio Gómez-Bolea","BCN","Lich","Tarragona"
1826817014,"7f2889e6-f762-11e1-a439-00145eb45e9a",1.03,41.31,1982,4,16,"Spain","Vall de Castellfollit","9061","Antonio Gómez-Bolea","BCN","Lich","Tarragona"
1826817031,"7f2889e6-f762-11e1-a439-00145eb45e9a",3.18,42.32,1981,3,15,"Spain","Les Torroelles","8978","Antonio Gómez-Bolea","BCN","Lich","Girona"
178318220,"890afcd2-f762-11e1-a439-00145eb45e9a",-3.929,40.688,1981,6,NA,"Spain","Entre Cerceda y Navacerrada","25935-1","Bueno, A & Atienza, V.","VAL","VAL_Lich","M"
1056167293,"7e380070-f762-11e1-a439-00145eb45e9a",-3.7837,52.1307,1980,4,10,"United Kingdom",NA,"BM000747318","Peter Michael Benoit","NHMUK","BOT","Wales"
1212225688,"85739778-f762-11e1-a439-00145eb45e9a",-3.0167,37.0167,1979,4,9,"Spain","SPANIEN, SO-Spanien: Südhänge der östlichen Sierra Nevada, Eichenwald nördlich Laroles. Alt. ca. 1400 m.","191479","A. Buschardt","B","Lichen Herbarium Berlin",NA
152941279,"89579e3e-f762-11e1-a439-00145eb45e9a",15.245201,45.799749,1979,7,17,"Slovenia",NA,"F776039","Batič F.","ULBF-AGR","FloVegSI-FLO",NA
1826815351,"7f2889e6-f762-11e1-a439-00145eb45e9a",2.46,41.78,1979,8,30,"Spain","Bajo Les Agudes","6803","Néstor L. Hladun","BCN","Lich","Barcelona"
1212225639,"85739778-f762-11e1-a439-00145eb45e9a",10.9833,46.65,1976,7,4,"Italy","ITALY, Trentino/Südtirol: Vinschgau (Val Venostana), dry slopes close above Unterstell NW of Naturns. Alt. ca. 1350 m.","191473","A. Buschardt","B","Lichen Herbarium Berlin",NA
2449353727,"85739778-f762-11e1-a439-00145eb45e9a",10.2667,46.2833,1976,7,5,"Italy","ITALY, Sondrio: Valtellina (Veltlin), dry slopes at Cast. Visconti between Grosotto and Grosio. Alt. ca. 650 m.","191472","A. Buschardt","B","Lichen Herbarium Berlin",NA
2270705047,"98bceab6-3c3e-4163-945d-6ca10576ebf1",-3.45314,50.67514,1971,9,1,"United Kingdom","coast below Exeter","606146","T.H. Nash III","ASU",NA,"England"
1144743989,"f577c9f3-ae71-4278-b6bf-512ba1dfaa21",6.2925,43.43722,1970,4,11,"France","Var - Toulon, Mont Faron, aux abords du sentier de la route des Forts au Point Sublime.","G-G-247100/1","Rondon, Y. (Coll. Rondon)","G","Geneva Herbarium – General Collection (G)",NA
1055532480,"7e380070-f762-11e1-a439-00145eb45e9a",-3.648517,50.603593,1970,12,6,"United Kingdom",NA,"BM000747324","P.W. James & D.L. Hawksworth","NHMUK","BOT","England"
1055653583,"7e380070-f762-11e1-a439-00145eb45e9a",-3.648517,50.603593,1970,12,4,"United Kingdom",NA,"BM000747321","P.W. James & D.L. Hawksworth","NHMUK","BOT","England"
2449357615,"85739778-f762-11e1-a439-00145eb45e9a",5.8,45.3333,1963,4,16,"France","FRANCE, Dep. Isère: Grande Chartreuse, region of Dent de Crolles, between Les Meunières and Le Neyroud. Alt. 1200 m.","179366","H. Reznik","B","Lichen Herbarium Berlin",NA
1056449254,"7e380070-f762-11e1-a439-00145eb45e9a",-3.648517,50.603593,1960,8,14,"United Kingdom",NA,"BM000747325","Kenneth L. Alvin","NHMUK","BOT","England"
788526471,"aab0cf80-0c64-11dd-84d1-b8a03c50a862",16.301111,49.070833,1958,4,6,"Czechia","Polánka","1283041","A. Vezda","LD","General","Jihomoravsky kraj"
912724423,"828a3d8c-f762-11e1-a439-00145eb45e9a",10.265833,47.388883,1956,4,15,"Germany","Allgäu, Oberstdorf, bei der Talstation der Sesselbahn","3905",NA,"FR","Herbarium Senckenbergianum (FR) - Fungi",NA
788525550,"aab0cf80-0c64-11dd-84d1-b8a03c50a862",10.405833,47.515833,1956,6,NA,"Germany","Oberjoch","1282081","E. Putzler","LD","General","Bayern"
2449366226,"85739778-f762-11e1-a439-00145eb45e9a",6.4333,50.2,1956,8,1,"Germany","DEUTSCHLAND: Eifel, Kr. Prüm, Rommersheim.","115579","V. J. Grummann","B","Lichen Herbarium Berlin",NA
2449363412,"85739778-f762-11e1-a439-00145eb45e9a",8.7833,46.1833,1955,8,3,"Switzerland","Schweiz, Tessin, Cardada.","118439","V. J. Grummann","B","Lichen Herbarium Berlin",NA
912724427,"828a3d8c-f762-11e1-a439-00145eb45e9a",10.68055,47.536667,1954,4,29,"Austria","Nordtirol, Pinswang s, im Tal","3903",NA,"FR","Herbarium Senckenbergianum (FR) - Fungi",NA
1056590390,"7e380070-f762-11e1-a439-00145eb45e9a",-1.411216,50.90489,1953,8,11,"United Kingdom",NA,"BM000747315","Peter Wilfrid James","NHMUK","BOT","England"
788525433,"aab0cf80-0c64-11dd-84d1-b8a03c50a862",10.275833,47.408611,1950,8,2,"Germany","Oberstdorf","1281961","E. Putzler","LD","General","Bayern"
912724433,"828a3d8c-f762-11e1-a439-00145eb45e9a",10.264717,47.388883,1950,8,2,"Germany","Allgäu, Oberstdorf","3902",NA,"FR","Herbarium Senckenbergianum (FR) - Fungi",NA
1632918373,"aab0cf80-0c64-11dd-84d1-b8a03c50a862",13.158889,41.742222,1948,5,NA,"Italy","Anagni","1894943","H. Runemark","LD","General","Lazio"
788526130,"aab0cf80-0c64-11dd-84d1-b8a03c50a862",15.724722,41.706944,1948,5,NA,"Italy","San Giovanni Rotondo","1282681","H. Runemark","LD","General","Puglia"
788526300,"aab0cf80-0c64-11dd-84d1-b8a03c50a862",13.361389,38.115556,1948,5,NA,"Italy","Palermo: Palazzo Fucazzo","1282861","H. Runemark","LD","General","Sicilia"
2237909633,"84d26682-f762-11e1-a439-00145eb45e9a",10.77381,55.12688,1941,8,3,"Denmark","Knarreborg Mølle","DMS-1042938","Paul Gelting",NA,NA,NA
2449366328,"85739778-f762-11e1-a439-00145eb45e9a",10.3667,47.5,1935,7,30,"Germany","DEUTSCHLAND, Bayern: Allgäu, Fussweg Hinterstein-Bad Oberdorf.","118639","J. Hillmann in herb. V. J. Grummann","B","Lichen Herbarium Berlin",NA
912724451,"828a3d8c-f762-11e1-a439-00145eb45e9a",12.675,41.733333,1933,4,16,"Italy","Albano, Lago di Albano (Albaner See)","3900",NA,"FR","Herbarium Senckenbergianum (FR) - Fungi",NA
788526589,"aab0cf80-0c64-11dd-84d1-b8a03c50a862",18.171667,48.558333,1926,8,NA,"Slovakia","Topolcany","1283161","J. Hruby","LD","General","Nitriansky kraj"
788526529,"aab0cf80-0c64-11dd-84d1-b8a03c50a862",14.43963,49.09345,1925,5,NA,"Czechia","No locality information available","1283101","J. Hruby","LD","General","Jihocesky kraj"
2449354286,"85739778-f762-11e1-a439-00145eb45e9a",17.3833,50.25,1922,4,15,"Czechia","Altvatergebirge [Hrubý Jeseník], bei Zuckmantel [Zlaté Hory], Ahornallee vorm Kreuzweg u. Mariahilf.","116151","V. J. Grummann","B","Lichen Herbarium Berlin",NA
2449356359,"85739778-f762-11e1-a439-00145eb45e9a",17.3333,50.2833,1921,10,5,"Poland","Altvatergebirge [Hrubý Jeseník], Endersdorf [Gestwina].","119020","V. J. Grummann","B","Lichen Herbarium Berlin",NA
1055850662,"7e380070-f762-11e1-a439-00145eb45e9a",-4.010426,50.923816,1914,5,30,"United Kingdom",NA,"BM000747319","W Watson","NHMUK","BOT","England"
442145686,"8589cc8c-f762-11e1-a439-00145eb45e9a",7.947222,47.831665,1912,5,27,"Germany","Schwarzwald: Lisbühl bei Todtnau","B 60 0033491 / 146025 / 90172","Lettau, G.","B","Blettaucoll",NA
442145689,"8589cc8c-f762-11e1-a439-00145eb45e9a",7.670278,47.802776,1912,5,5,"Germany","[Schwarzwald] Baden: Strasse Badenweiler - Schweighof","B 60 0033495a / 150024 / 91661","Lettau, G.","B","Blettaucoll",NA
442145692,"8589cc8c-f762-11e1-a439-00145eb45e9a",7.941389,47.851665,1912,6,23,"Germany","[Schwarzwald] Baden: Todtnauberg, gegen Aftersteg","B 60 0033499 / 146029 / 90174","Lettau, G.","B","Blettaucoll",NA
442145693,"8589cc8c-f762-11e1-a439-00145eb45e9a",8.053611,47.859444,1912,7,28,"Germany","[Schwarzwald] Baden: Zeiger, beim Feldberg","B 60 0033499a / 150030 / 91663","Lettau, G.","B","Blettaucoll",NA
788526413,"aab0cf80-0c64-11dd-84d1-b8a03c50a862",13.23419,49.59218,1911,8,17,"Czechia","No locality information available","1282981","G. Timkó","LD","General","Plzensky kraj"
442145696,"8589cc8c-f762-11e1-a439-00145eb45e9a",10.9825,50.798054,1910,5,9,"Germany","Thüringen: 2) Dannheim","B 60 0033512a / 150032 / 91664","Lettau, G.","B","Blettaucoll",NA
442145688,"8589cc8c-f762-11e1-a439-00145eb45e9a",7.934166,47.698334,1910,8,29,"Germany","[Schwarzwald] Baden: Gersbach","B 60 0033495 / 146036 / 90176","Lettau, G.","B","Blettaucoll",NA
442145694,"8589cc8c-f762-11e1-a439-00145eb45e9a",10.914722,50.703056,1908,9,25,"Germany","Thüringen: Nahe Oberpörlitz, bei Ilmenau, 580 m.","B 60 0033500 / 146032 / 90175","Lettau, G.","B","Blettaucoll",NA
442145805,"8589cc8c-f762-11e1-a439-00145eb45e9a",10.916945,50.685833,1908,9,25,"Germany","Thüringen: 2) Ilmenau gegen Oberpörlitz, 520 m.","B 60 0128080b / 152724 / 92703","Lettau, G.","B","Blettaucoll",NA
442145690,"8589cc8c-f762-11e1-a439-00145eb45e9a",10.944445,50.838333,1907,5,26,"Germany","Thüringen:  1) Mühlburg bei Arnstadt, 360 m.","B 60 0033498 / 146027 / 90173","Lettau, G.","B","Blettaucoll",NA
442145695,"8589cc8c-f762-11e1-a439-00145eb45e9a",10.854167,50.7075,1906,9,7,"Germany","Thüringen: 1) Elgersburg gegen Geraberg","B 60 0033512 / 146038 / 90177","Lettau, G.","B","Blettaucoll",NA
2468691011,"6aeebd1a-c3ad-4bc5-bdfe-24de0e2e9052",2.459,41.7708,1904,6,18,"Spain","Montseny, Santa Fe","BC-Lichen-Llenas-973367","M. Llenas","BC","BC-Lichen-Llenas","Barcelona"
2468691982,"6aeebd1a-c3ad-4bc5-bdfe-24de0e2e9052",2.459,41.7708,1904,6,18,"Spain","Montseny, Santa Fe","BC-Lichen-Llenas-973366","M. Llenas","BC","BC-Lichen-Llenas","Barcelona"
2468690013,"6aeebd1a-c3ad-4bc5-bdfe-24de0e2e9052",2.459,41.7708,1904,7,17,"Spain","Montseny, Santa Fe","BC-Lichen-Llenas-973372","M. Llenas","BC","BC-Lichen-Llenas","Barcelona"
912724172,"828a3d8c-f762-11e1-a439-00145eb45e9a",15.933333,50.883333,1899,9,30,"Poland","Riesengebirge, Jannowitz, an der alten Straße nach Kupferberg","12241",NA,"FR","Herbarium Senckenbergianum (FR) - Fungi",NA
912724173,"828a3d8c-f762-11e1-a439-00145eb45e9a",15.933333,50.883333,1899,10,30,"Poland","Riesengebirge, Jannowitz, an der alten Straße nach Kupferberg","12242",NA,"FR","Herbarium Senckenbergianum (FR) - Fungi",NA
788525257,"aab0cf80-0c64-11dd-84d1-b8a03c50a862",16.38088,51.07989,1888,7,16,"Poland","No locality information available","1281781","E. F. Dresler","LD","General","Dolnoslaskie"
788525609,"aab0cf80-0c64-11dd-84d1-b8a03c50a862",16.38088,51.07989,1888,7,16,"Poland","No locality information available","1282141","E. F. Dresler","LD","General","Dolnoslaskie"
788526645,"aab0cf80-0c64-11dd-84d1-b8a03c50a862",34.1,44.5,1885,7,7,"Ukraine","Issar","1283221","Lojka","LD","General","Krym"
788526241,"aab0cf80-0c64-11dd-84d1-b8a03c50a862",7.957778,45.831944,1880,NA,NA,"Italy","Riva Valdobbia","1282801","A. Carestia","LD","General","Piemonte"
788525668,"aab0cf80-0c64-11dd-84d1-b8a03c50a862",11.598056,50.953889,1879,4,3,"Germany","Jena: Rautal","1282201","B. Jonsson","LD","General","Thüringen"
788525724,"aab0cf80-0c64-11dd-84d1-b8a03c50a862",13.568611,46.438333,1879,4,3,"Italy","Raibl [Cave del Predil]","1282261","B. Jonsson","LD","General","Friuli-Venezia Giulia"
788525374,"aab0cf80-0c64-11dd-84d1-b8a03c50a862",13.058611,52.396944,1877,12,9,"Germany","Potsdam","1281901","G. Egeling","LD","General","Brandenburg"
929130,"aab0cf80-0c64-11dd-84d1-b8a03c50a862",11.296944,54.865833,1871,8,NA,"Denmark","Rosningen","1040226","E. Rostrup","LD","General","Lolland"
1056065838,"7e380070-f762-11e1-a439-00145eb45e9a",-3.648517,50.603593,1866,NA,NA,"United Kingdom",NA,"BM000747314","Harvey Buchanan Holl","NHMUK","BOT","England"
788526184,"aab0cf80-0c64-11dd-84d1-b8a03c50a862",7.957778,45.831944,1857,9,26,"Italy","Riva Valdobbia","1282741","A. Carestia","LD","General","Piemonte"
