"key","datasetKey","decimalLongitude","decimalLatitude","stateProvince","year","month","day","country","catalogNumber","recordedBy","institutionCode","locality","collectionCode"
2013152897,"7948250c-6958-4a29-a670-ed1015b26252",5.4161,59.757,"Hordaland",2018,4,27,"Norway","223804","Arne Vatten","O","Digernes","L"
2467683963,"78c1a71e-abb2-49cf-abc8-efafb981b0e4",5.46,59.9926,"Hordaland",2018,5,9,"Norway","28759/1","Andreas Frisch","TRH","Beltestad, Hovdanes","L"
2467684222,"78c1a71e-abb2-49cf-abc8-efafb981b0e4",5.4612,59.9923,"Hordaland",2018,5,9,"Norway","28758/1","Andreas Frisch","TRH","Beltestad, Hovdanes","L"
1944634823,"85739778-f762-11e1-a439-00145eb45e9a",24.636,38.8053,NA,2018,10,7,"Greece","198899","H. Sipman & Th. Raus","B","GREECE, Aegean Sea, Sporades, Skyros Island, SE part, valley W of Mt. Dafni. Alt. 420 m.","Lichen Herbarium Berlin"
1837799797,"78c1a71e-abb2-49cf-abc8-efafb981b0e4",6.0931,59.0759,"Rogaland",2017,7,17,"Norway","37189/1","Andreas Frisch","TRH","Tysdalsvatnet: Strandabrynane aust","L"
1837799831,"78c1a71e-abb2-49cf-abc8-efafb981b0e4",6.0931,59.0759,"Rogaland",2017,7,17,"Norway","37188/1","Andreas Frisch","TRH","Tysdalsvatnet: Strandabrynane aust","L"
2238499749,"84d26682-f762-11e1-a439-00145eb45e9a",10.460371,57.369901,NA,2017,8,3,"Denmark","DMS-9201502","Susanne Rabenborg",NA,"Understed",NA
2238537985,"84d26682-f762-11e1-a439-00145eb45e9a",10.242743,57.30687,NA,2016,1,28,"Denmark","DMS-9242121","Susanne Rabenborg",NA,"Nymølle Bæk",NA
2238541973,"84d26682-f762-11e1-a439-00145eb45e9a",8.572254,57.01801,NA,2016,5,25,"Denmark","DMS-9247848","Ulrik Søchting",NA,"Bleghule",NA
2238539701,"84d26682-f762-11e1-a439-00145eb45e9a",8.476271,56.971002,NA,2016,6,11,"Denmark","DMS-9245354","Ulrik Søchting",NA,"Bertelsrimme",NA
1676073347,"828a3d8c-f762-11e1-a439-00145eb45e9a",6.94225,47.957867,NA,2016,8,16,"France","49084-771",NA,"FR","am Vorderblockloch bei Wildenstein","Herbarium Senckenbergianum (FR) - Fungi"
1041932517,"78c1a71e-abb2-49cf-abc8-efafb981b0e4",10.7837,63.3712,"Sør-Trøndelag",2014,2,13,"Norway","652229/1","Harald Vik-Mo","TRH","Krokotbekken-Nyhus.","L"
1324743573,"fb1ecd28-f09e-4747-8bde-0b3d7a6f78d1",6.04316,59.35994,"Rogaland",2014,6,26,"Norway","99445","Johnsen, J.I.","BG","Jelsa, Dommersnes, Meland","L"
1229461526,"2e4cc37b-302e-4f1b-bbbb-1f674ff90e14",6.064636,59.174812,"Rogaland",2014,10,8,"Norway","THH14347","Hofton, Tom H.","BioFokus","Husåsen ved Fister kirke","BioFokus"
2013146743,"7948250c-6958-4a29-a670-ed1015b26252",6.0646,59.1748,"Rogaland",2014,10,8,"Norway","205867","Tom H. Hofton","O","Husåsen ved Fister kirke","L"
1324319783,"7948250c-6958-4a29-a670-ed1015b26252",5.8193,59.3384,"Rogaland",2013,5,14,"Norway","199460","John Bjarne Jordal","O","Pyttane","L"
1212224698,"85739778-f762-11e1-a439-00145eb45e9a",26.0717,38.4517,NA,2013,9,17,"Greece","186803","H. Sipman & Th. Raus","B","GREECE, East Aegean islands, Chios: Near chapel of Aghios Georgios Florianos, ca. 15 km NW of Vrontados along road to Volissos. Alt. ca. 500 m.","Lichen Herbarium Berlin"
1212224743,"85739778-f762-11e1-a439-00145eb45e9a",25.89,38.5637,NA,2013,9,30,"Greece","187439","H. Sipman & Th. Raus","B","GREECE, East Aegean islands, Chios: 200 m SE of Kosmados. Alt. 350 m.","Lichen Herbarium Berlin"
1212224786,"85739778-f762-11e1-a439-00145eb45e9a",25.9003,38.5388,NA,2013,9,25,"Greece","187283","H. Sipman & Th. Raus","B","GREECE, East Aegean islands, Chios: Along gravel road from Parparia up Mt. Amasi, near monastery Panagias Pagousenas. Alt. 600 m.","Lichen Herbarium Berlin"
1054212224,"2e4cc37b-302e-4f1b-bbbb-1f674ff90e14",6.115109,58.984147,"Rogaland",2013,10,13,"Norway","THH13419","Hofton, Tom H.","BioFokus","Gydalen","BioFokus"
2013146719,"7948250c-6958-4a29-a670-ed1015b26252",6.1151,58.9841,"Rogaland",2013,10,13,"Norway","205786","Tom H. Hofton","O","Gydalen","L"
1041914508,"78c1a71e-abb2-49cf-abc8-efafb981b0e4",5.6952,62.2,"Møre og Romsdal",2012,1,5,"Norway","651719/1","Oddvar Olsen","TRH","Skredestranda","L"
1040970993,"7948250c-6958-4a29-a670-ed1015b26252",5.0907,61.4874,"Sogn og Fjordane",2012,6,14,"Norway","194473","Tom H. Hofton, Torbjørn Høitomt","O","Vågsfjellet NØ-side","L"
1040970997,"7948250c-6958-4a29-a670-ed1015b26252",5.0849,61.4884,"Sogn og Fjordane",2012,6,14,"Norway","194479","Tom H. Hofton, Torbjørn Høitomt","O","Vågsfjellet NØ-side","L"
1324741355,"fb1ecd28-f09e-4747-8bde-0b3d7a6f78d1",5.22483,59.6358,"Hordaland",2012,6,13,"Norway","95078","Gaarder, G.","BG","Andersvatnet øst","L"
1901093461,"a48c2e76-4984-4540-9bf6-f4d579ed7d99",-2.212763,43.21904,"Gipuzkoa",2012,12,30,"Spain","2746","Olariaga I.","ARAN","Zestoa, Zestoa-Enakasota","Fungi"
1324740164,"fb1ecd28-f09e-4747-8bde-0b3d7a6f78d1",5.82368,59.18748,"Rogaland",2011,4,16,"Norway","92421","Johnsen, J.I.","BG","Landalia","L"
1142244247,"bf2a4bf0-5f31-11de-b67e-b8a03c50a862",-6.151111,55.816944,"Scotland",2011,5,5,"United Kingdom","E00744754","Sutcliffe, Mike","E","Woodland around Loch Ballygrant, Ballygrant, Islay","E"
1040970841,"7948250c-6958-4a29-a670-ed1015b26252",6.2187,59.3914,"Rogaland",2011,6,2,"Norway","194310","Tom H. Hofton","O","Tysse SV","L"
1054070641,"2e4cc37b-302e-4f1b-bbbb-1f674ff90e14",6.043457,59.359784,"Rogaland",2011,6,2,"Norway","JK11-L146","Klepsland, Jon T.","BioFokus","Meland","BioFokus"
1054079589,"2e4cc37b-302e-4f1b-bbbb-1f674ff90e14",6.218634,59.391351,"Rogaland",2011,6,2,"Norway","THH11127","Hofton, Tom H.","BioFokus","Tysse SV","BioFokus"
1212225579,"85739778-f762-11e1-a439-00145eb45e9a",29.232,36.8357,NA,2011,6,25,"Turkey","189010","Kenan YAZICI","B","Türkiye: Muğla; Fethiye: Söğütlü. Alt. 1338 m.","Lichen Herbarium Berlin"
919261328,"7948250c-6958-4a29-a670-ed1015b26252",6.0435,59.3598,"Rogaland",2011,6,2,"Norway","176892","Jon T. Klepsland","O","Meland","L"
1040970894,"7948250c-6958-4a29-a670-ed1015b26252",5.6687,60.3516,"Hordaland",2011,7,27,"Norway","194340","Tom H. Hofton","O","Brattli","L"
1054068628,"2e4cc37b-302e-4f1b-bbbb-1f674ff90e14",5.668645,60.351631,"Hordaland",2011,7,27,"Norway","THH11234","Hofton, Tom H.","BioFokus","Brattli","BioFokus"
1054080338,"2e4cc37b-302e-4f1b-bbbb-1f674ff90e14",6.185845,60.367925,"Hordaland",2011,9,2,"Norway","UJAL3018","Jansson, Ulrika","BioFokus","Neshagen","BioFokus"
919259964,"7948250c-6958-4a29-a670-ed1015b26252",9.4394,63.6434,"Sør-Trøndelag",2011,10,7,"Norway","174349","R. Haugan, H. Holien","O","Fosenfjellet, Bukkhallaren","L"
1324740556,"fb1ecd28-f09e-4747-8bde-0b3d7a6f78d1",6.04285,58.94104,"Rogaland",2010,3,13,"Norway","93294","Johnsen, J.I.","BG","vest av Lerangvatnet, ved Furåsen","L"
1324740957,"fb1ecd28-f09e-4747-8bde-0b3d7a6f78d1",6.33077,58.36324,"Rogaland",2010,4,24,"Norway","94389","Johnsen, J.I.","BG","Sandbekk","L"
1212215439,"85739778-f762-11e1-a439-00145eb45e9a",25.595,40.4867,NA,2010,6,4,"Greece","123110","H. Sipman & T. Raus","B","GREECE, nom. Evros: Samothraki island, Mt. Saos, ascent from antennae hill W of Therma. Alt. 500-700 m.","Lichen Herbarium Berlin"
1212216418,"85739778-f762-11e1-a439-00145eb45e9a",25.6417,40.465,NA,2010,6,6,"Greece","123344","H. Sipman & T. Raus","B","GREECE, nom. Evros: Samothraki island, Ano Meria, serpentine road. Alt. 750 m.","Lichen Herbarium Berlin"
1324740473,"fb1ecd28-f09e-4747-8bde-0b3d7a6f78d1",6.30775,58.37354,"Rogaland",2010,8,26,"Norway","93160","Johnsen, J.I.","BG","Steinberg","L"
2237893971,"84d26682-f762-11e1-a439-00145eb45e9a",8.691537,56.61997,NA,2010,8,23,"Denmark","DMS-1028832","Claus Dragsholt",NA,"Kås Skov",NA
1324741004,"fb1ecd28-f09e-4747-8bde-0b3d7a6f78d1",6.26875,58.36912,"Rogaland",2010,9,28,"Norway","94408","Johnsen, J.I.","BG","NØ av Rekeland","L"
1324741021,"fb1ecd28-f09e-4747-8bde-0b3d7a6f78d1",6.31881,58.34053,"Rogaland",2010,9,30,"Norway","94441","Johnsen, J.I.","BG","sør av Åmot","L"
1041914110,"78c1a71e-abb2-49cf-abc8-efafb981b0e4",6.5341,61.1387,"Sogn og Fjordane",2010,10,16,"Norway","651747/1","Karl Johan Grimstad, Oddvar Olsen","TRH","Målsnes","L"
1041914134,"78c1a71e-abb2-49cf-abc8-efafb981b0e4",6.5335,61.1387,"Sogn og Fjordane",2010,10,16,"Norway","651745/1","Karl Johan Grimstad, Oddvar Olsen","TRH","Målsnes","L"
1041914302,"78c1a71e-abb2-49cf-abc8-efafb981b0e4",6.0364,61.877,"Sogn og Fjordane",2010,10,11,"Norway","651737/1","Karl Johan Grimstad, Oddvar Olsen","TRH","Lotstranda","L"
1324738148,"fb1ecd28-f09e-4747-8bde-0b3d7a6f78d1",6.18467,59.23079,"Rogaland",2009,5,28,"Norway","87415","Johnsen, J.I.","BG","nordøstsiden av Hjelmen","L"
1324741176,"fb1ecd28-f09e-4747-8bde-0b3d7a6f78d1",5.44003,60.63651,"Hordaland",2009,10,9,"Norway","94819","Tønsberg, T.","BG","Heltveit","L"
919254739,"7948250c-6958-4a29-a670-ed1015b26252",5.1885,61.9815,"Sogn og Fjordane",2008,3,21,"Norway","159111","Anders Breili","O","Sørpollen, ytre","L"
1324740282,"fb1ecd28-f09e-4747-8bde-0b3d7a6f78d1",5.58154,59.67319,"Rogaland",2008,9,5,"Norway","92703","Johnsen, J.I.","BG","Ølen, Torevika","L"
919253639,"7948250c-6958-4a29-a670-ed1015b26252",5.6001,59.6442,"Rogaland",2008,9,1,"Norway","155330","J.B. Jordal","O","Vindafjord: sør for Utbjoafjell","L"
190591272,"fb1ecd28-f09e-4747-8bde-0b3d7a6f78d1",5.21139,60.47194,"Hordaland",2007,4,15,"Norway","85630","Tønsberg, T.","BG","Ask, Hop hovedgård","L"
1054078860,"2e4cc37b-302e-4f1b-bbbb-1f674ff90e14",5.081363,61.479635,"Sogn og Fjordane",2007,6,7,"Norway","242400","Klepsland, Jon T.","BioFokus","Svanøy; Trædet","BioFokus"
1324738412,"fb1ecd28-f09e-4747-8bde-0b3d7a6f78d1",5.21018,60.47136,"Hordaland",2007,8,19,"Norway","87899","Tønsberg, T.","BG","Ask, Hop hovedgård","L"
29549281,"83492a58-f762-11e1-a439-00145eb45e9a",-2,42,"Lo",2005,3,29,"Spain","15366-1","S. Pérez-Ortega","MA","Lumbreras, bajada del puerto de Piqueras, cerca de Fuente Rotaria","MA-Lichen"
1042945143,"de49c340-0c61-11dd-84ce-b8a03c50a862",12.4017,58.3102,"VÃ¤stergÃ¶tland",2005,5,10,"Sweden","GB-117076","Stridvall, Leif & Stridvall, Anita","GB","[ADMINISTRATIVE PROVINCE (LÃ„N)] Ã„lvsborgs lÃ¤n [DISTRICT (KOMMUN)] VÃ¤nersborg [PARISH (FÃ–RSAMLING)] VÃ¤stra Tunhem [PLACE (LOKAL)] Hunneberg, Fristorps gransjÃ¶ V [BIOTOPE (BIOTOP)] Ekskog med tall- och graninslag [SUBSTRATE (SUBSTRAT)] PÃ¥ ek [DETERMINED BY (ARTBESTÃ„MD AV)] Stridvall, Leif","General"
1042945144,"de49c340-0c61-11dd-84ce-b8a03c50a862",12.5656,58.3977,"VÃ¤stergÃ¶tland",2005,6,23,"Sweden","GB-117077","Stridvall, Leif & Stridvall, Anita","GB","[ADMINISTRATIVE PROVINCE (LÃ„N)] Ã„lvsborgs lÃ¤n [DISTRICT (KOMMUN)] VÃ¤nersborg [PARISH (FÃ–RSAMLING)] VÃ¤nersnÃ¤s [PLACE (LOKAL)] Halleberg, Skytteklev N [DETAILS OF COLLECTION SITE (LOKALFÃ–RTYDLIGANDE)] NedanfÃ¶r hammaren [BIOTOPE (BIOTOP)] Blandskog [SUBSTRATE (SUBSTRAT)] PÃ¥ ek [DETERMINED BY (ARTBESTÃ„MD AV)] Stridvall, Leif","General"
1212211634,"85739778-f762-11e1-a439-00145eb45e9a",31.7133,41.4133,NA,2005,7,12,"Turkey","109310","A. Yaziki","B","TURKEY, Zonguldak: Esenköy, roadside and forests, 50 m, 10 m to the Sea.","Lichen Herbarium Berlin"
912726915,"828a3d8c-f762-11e1-a439-00145eb45e9a",-0.933333,43.116667,NA,2005,7,14,"France","22400",NA,"FR","Aquitanien, Aussurucq, Foret Communale d'Aussurucq im Foret des Arbailles","Herbarium Senckenbergianum (FR) - Fungi"
1212203782,"85739778-f762-11e1-a439-00145eb45e9a",24.4655,38.0508,NA,2005,9,25,"Greece","81119","H. Sipman & Th. Raus","B","GREECE, W Aegean, Nomos Evvias, Ep. & Dim. Karistos: S Evvia, surroundings of refuge at S foot of Mt. Ochi. Alt. c. 1020 m.","Lichen Herbarium Berlin"
1212203854,"85739778-f762-11e1-a439-00145eb45e9a",24.3725,38.0712,NA,2005,9,30,"Greece","81452","H. Sipman & Th. Raus","B","GREECE, W Aegean, Nomos Evvias, Ep. & Dim. Karistos: S Evvia, between Katsaroni and Fegani. Alt. c. 350 m.","Lichen Herbarium Berlin"
1212204039,"85739778-f762-11e1-a439-00145eb45e9a",24.3725,38.0712,NA,2005,9,30,"Greece","81479","H. Sipman & Th. Raus","B","GREECE, W Aegean, Nomos Evvias, Ep. & Dim. Karistos: S Evvia, between Katsaroni and Fegani. Alt. c. 350 m.","Lichen Herbarium Berlin"
1324740643,"fb1ecd28-f09e-4747-8bde-0b3d7a6f78d1",5.36917,59.72471,"Hordaland",2005,10,22,"Norway","93423","Johnsen, J.I.","BG","SV-siden av Spyssøya","L"
1041916859,"78c1a71e-abb2-49cf-abc8-efafb981b0e4",5.9728,59.7365,"Hordaland",2004,4,24,"Norway","9940/1","Håkon Holien","TRH","E of Skånevik, NE-facing slope NW of Tungesvikstranda","L"
1212207932,"85739778-f762-11e1-a439-00145eb45e9a",24.9,35.15,NA,2004,5,17,"Greece","99410","Toby Spribille","B","GREECE. Crete, on plateau above Rouvas Gorge, near the chapel of Agios Ioannis. Alt. 900-1000 m.","Lichen Herbarium Berlin"
1212207960,"85739778-f762-11e1-a439-00145eb45e9a",24.1583,35.2333,NA,2004,5,7,"Greece","99550","Toby Spribille","B","GREECE. Crete, Imbros Gorge. Alt. 400-700m.","Lichen Herbarium Berlin"
1212207997,"85739778-f762-11e1-a439-00145eb45e9a",24.65,35.25,NA,2004,5,15,"Greece","99648","Toby Spribille","B","GREECE. Crete, Western Crete: between Asomaton and Genna. Alt. 350-400 m.","Lichen Herbarium Berlin"
1212208007,"85739778-f762-11e1-a439-00145eb45e9a",24.6,35.225,NA,2004,5,16,"Greece","99444","Toby Spribille","B","GREECE. Crete, 1.5 km W of Meronas on the road to Gerakari. Alt. 700 m.","Lichen Herbarium Berlin"
1212208013,"85739778-f762-11e1-a439-00145eb45e9a",24.455,35.31,NA,2004,5,14,"Greece","99776","Toby Spribille","B","GREECE. Crete, Kastellos, 1.5 km W of Armeni. Alt. 370 m.","Lichen Herbarium Berlin"
1212208014,"85739778-f762-11e1-a439-00145eb45e9a",24.6,35.225,NA,2004,5,16,"Greece","99460","Toby Spribille with Stefan Abrahamczyk","B","GREECE. Crete, 1.5 km W of Meronas on the road to Gerakari. Alt. 700 m.","Lichen Herbarium Berlin"
1212209911,"85739778-f762-11e1-a439-00145eb45e9a",24.4333,35.3167,NA,2004,5,14,"Greece","99800","Toby Spribille with Stefan Abrahamczyk","B","GREECE. Crete, Kastellos, 1.5 km W of Armeni. Alt. 370 m.","Lichen Herbarium Berlin"
1212209958,"85739778-f762-11e1-a439-00145eb45e9a",23.6333,35.3667,NA,2004,5,11,"Greece","99927","Toby Spribille","B","GREECE. Crete, Western Crete: Elos, along main road. Alt. 500 m.","Lichen Herbarium Berlin"
1324740115,"fb1ecd28-f09e-4747-8bde-0b3d7a6f78d1",5.70773,60.05045,"Hordaland",2004,6,16,"Norway","92194","Holtan, D.","BG","Bergsvågklubben","L"
20058452,"fb1ecd28-f09e-4747-8bde-0b3d7a6f78d1",6.11355,59.32185,"Rogaland",2004,9,4,"Norway","79730","Tønsberg, T.","BG","5 km (direct) SE of Jelsa, S of farm Fuglastein, Kleiva, along the brook, near the outlet","L"
20058454,"fb1ecd28-f09e-4747-8bde-0b3d7a6f78d1",6.11355,59.32185,"Rogaland",2004,9,4,"Norway","79731","Tønsberg, T.","BG","5 km (direct) SE of Jelsa, S of farm Fuglastein, Kleiva, along the brook, near the outlet","L"
1055566102,"7e380070-f762-11e1-a439-00145eb45e9a",-2.335713,50.803791,"England",2004,11,29,"United Kingdom","BM000763351","Collaboration; R.S. Larsen, B. Edwards","NHMUK",NA,"BOT"
152942530,"89579e3e-f762-11e1-a439-00145eb45e9a",13.745359,46.299628,"Gorenjska",2003,1,29,"Slovenia","F955241","Mrak T.","ULBF-AGR","Ukanc","FloVegSI-FLO"
328126726,"890afcd2-f762-11e1-a439-00145eb45e9a",-6.686,43.036999,"O",2003,3,20,"Spain","23062-1","S. Pérez-Ortega","VAL","Cangas del Narcea. Hayedo en el camino del Pico Luis. Monte Muniellos.","VAL_Lich"
328126733,"890afcd2-f762-11e1-a439-00145eb45e9a",-6.686,43.036999,"O",2003,3,20,"Spain","23074-1","S. Pérez-Ortega","VAL","Cangas del Narcea. Hayedo en el camino del Pico Luis. Monte Muniellos.","VAL_Lich"
328126565,"890afcd2-f762-11e1-a439-00145eb45e9a",-6.929,43.105,"O",2002,4,2,"Spain","21767-1","S. Pérez-Ortega & E. Barreno","VAL","Cangas del Narcea. Crestón cuarcítico con roble orocantábrico en el camino hacia Fuenculebrera. Monte Muniellos.","VAL_Lich"
328126589,"890afcd2-f762-11e1-a439-00145eb45e9a",-6.929,43.105,"O",2002,4,2,"Spain","21803-1","S. Pérez-Ortega & E. Barreno","VAL","Cangas del Narcea. Crestón cuarcítico con roble orocantábrico en el camino hacia Fuenculebrera. Monte Muniellos.","VAL_Lich"
328126609,"890afcd2-f762-11e1-a439-00145eb45e9a",-6.929,43.105,"O",2002,4,2,"Spain","21882-1","S. Pérez-Ortega & E. Barreno","VAL","Cangas del Narcea. Crestón cuarcítico con roble orocantábrico en el camino hacia Fuenculebrera. Monte Muniellos.","VAL_Lich"
328126668,"890afcd2-f762-11e1-a439-00145eb45e9a",-6.929,43.105,"O",2002,4,2,"Spain","22330-1","S. Pérez-Ortega & E. Barreno","VAL","Cangas del Narcea. Crestón cuarcítico con roble orocantábrico en el camino hacia Fuenculebrera. Monte Muniellos.","VAL_Lich"
328126688,"890afcd2-f762-11e1-a439-00145eb45e9a",-6.929,43.105,"O",2002,4,2,"Spain","22366-1","S. Pérez-Ortega & E. Barreno","VAL","Cangas del Narcea. Crestón cuarcítico con roble orocantábrico en el camino hacia Fuenculebrera. Monte Muniellos.","VAL_Lich"
328126724,"890afcd2-f762-11e1-a439-00145eb45e9a",-6.929,43.105,"O",2002,4,2,"Spain","23033-1","S. Pérez-Ortega & E. Barreno","VAL","Cangas del Narcea. Crestón cuarcítico con roble orocantábrico en el camino hacia Fuenculebrera. Monte Muniellos.","VAL_Lich"
328126754,"890afcd2-f762-11e1-a439-00145eb45e9a",-6.686,43.036999,"O",2002,4,3,"Spain","23549-1","S. Pérez-Ortega & E. Barreno","VAL","Cangas del Narcea. Bosque mixto mesótrofo con fresno y plágano de la en el camino al Pico Luis. Monte Muniellos","VAL_Lich"
1212179707,"85739778-f762-11e1-a439-00145eb45e9a",27.9333,36.2667,NA,2002,5,13,"Greece","5009","R. Düll","B","GREECE, Rhodos. W slopes of Prof. Ilias, above Salakos. Alt. ca. 650 m.","Lichen Herbarium Berlin"
1212179685,"85739778-f762-11e1-a439-00145eb45e9a",25.6667,40.45,NA,2002,6,24,"Greece","5020","R. Düll","B","GREECE, N. Aegean region: Samothraki, E part. Eastern foothills of Phengari behind Taverna Karidies above Ano Meria (SE of Therma). Alt. ca. 240 m.","Lichen Herbarium Berlin"
1212199994,"85739778-f762-11e1-a439-00145eb45e9a",26.048,37.5617,NA,2002,9,18,"Greece","63229","H. Sipman, T. Raus & S. Pirintsos","B","GREECE, East Aegean Islands, Nomos Samos: Ikaria island. Pezi. Alt. 740 m.","Lichen Herbarium Berlin"
1212200064,"85739778-f762-11e1-a439-00145eb45e9a",26.048,37.5617,NA,2002,9,18,"Greece","63169","H. Sipman, T. Raus & S. Pirintsos","B","GREECE, East Aegean Islands, Nomos Samos: Ikaria island. Pezi. Alt. 740 m.","Lichen Herbarium Berlin"
1212200093,"85739778-f762-11e1-a439-00145eb45e9a",26.0693,37.5435,NA,2002,9,19,"Greece","63402","H. Sipman, T. Raus & S. Pirintsos","B","GREECE, East Aegean Islands, Nomos Samos: Ikaria island. Erifi, SE of Profitis Ilias. Alt. 950 m.","Lichen Herbarium Berlin"
1212200102,"85739778-f762-11e1-a439-00145eb45e9a",26.012,37.5442,NA,2002,9,18,"Greece","63279","H. Sipman, T. Raus & S. Pirintsos","B","GREECE, East Aegean Islands, Nomos Samos: Ikaria island. Between Langada and Kalamos. Alt. ca. 750 m.","Lichen Herbarium Berlin"
1212200136,"85739778-f762-11e1-a439-00145eb45e9a",26.3015,37.6452,NA,2002,9,14,"Greece","62505","H. Sipman & T. Raus","B","GREECE, East Aegean Islands, Nomos Samos: Ikaria island. Above Katafigi along road to Oxea. Alt. 500 m.","Lichen Herbarium Berlin"
1212200163,"85739778-f762-11e1-a439-00145eb45e9a",26.139,37.6022,NA,2002,9,24,"Greece","63978","H. Sipman & T. Raus","B","GREECE, East Aegean Islands, Nomos Samos: Ikaria island. Frandato, W of Dafni. Alt. 510 m.","Lichen Herbarium Berlin"
1212200244,"85739778-f762-11e1-a439-00145eb45e9a",26.0853,37.5803,NA,2002,9,19,"Greece","63426","H. Sipman, T. Raus & S. Pirintsos","B","GREECE, East Aegean Islands, Nomos Samos: Ikaria island. Erifi, SE of Profitis Ilias, entrance gate. Alt. 760 m.","Lichen Herbarium Berlin"
125714271,"84cdd6d0-f762-11e1-a439-00145eb45e9a",8,56,"Northern Jutland",2002,10,21,"Denmark","16646","René S. Larsen","C","NWJ: Kås Skov W of Skive","L"
125714314,"84cdd6d0-f762-11e1-a439-00145eb45e9a",8,56,"Northern Jutland",2002,10,21,"Denmark","17067","René S. Larsen","C","NWJ: Kås Skov W of Skive","L"
2237893393,"84d26682-f762-11e1-a439-00145eb45e9a",8.691537,56.61997,NA,2002,10,21,"Denmark","DMS-1028915","Rene S. Larsen",NA,"Kås Skov",NA
2237894126,"84d26682-f762-11e1-a439-00145eb45e9a",8.691537,56.61997,NA,2002,10,21,"Denmark","DMS-1029070","Rene S. Larsen",NA,"Kås Skov",NA
2237912956,"84d26682-f762-11e1-a439-00145eb45e9a",8.70503,56.61313,NA,2002,10,22,"Denmark","DMS-1044704","Vagn Alstrup",NA,"Brigsbjerg Krat",NA
1902172067,"828a3d8c-f762-11e1-a439-00145eb45e9a",37.557217,44.67945,NA,2001,8,15,"Russian Federation","51222-862",NA,"FR","Halbinsel Abrau: bei der Siedlung Durso","Herbarium Senckenbergianum (FR) - Fungi"
328126772,"890afcd2-f762-11e1-a439-00145eb45e9a",-6.651,42.991001,"O",2001,9,11,"Spain","24118-1","S. Pérez-Ortega, S. Fos & E. Barreno","VAL","Cangas del Narcea. Brezales de brezo rojo en el camino de La Viliella a la Vega de La Rondiella. Monte La Viliella.","VAL_Lich"
125714299,"84cdd6d0-f762-11e1-a439-00145eb45e9a",8,56,"Northern Jutland",2001,10,NA,"Denmark","17038","René S. Larsen","C","NWJ: Kås Skov W of Skive","L"
125714300,"84cdd6d0-f762-11e1-a439-00145eb45e9a",8,56,"Northern Jutland",2001,10,NA,"Denmark","17039","René S. Larsen","C","NWJ: Kås Skov W of Skive","L"
125714301,"84cdd6d0-f762-11e1-a439-00145eb45e9a",8,56,"Northern Jutland",2001,10,NA,"Denmark","17040","René S. Larsen","C","NWJ: Kås Skov W of Skive","L"
20058053,"fb1ecd28-f09e-4747-8bde-0b3d7a6f78d1",6.04192,61.88131,"Sogn og fjordane",2000,5,30,"Norway","65430","Fjeldstad, H. & Gaarder, G.","BG","Lotsstranda","L"
328126555,"890afcd2-f762-11e1-a439-00145eb45e9a",-6.686,43.036999,"O",2000,10,18,"Spain","21755-1","S. Pérez-Ortega & S. Fos","VAL","Cangas del Narcea. Robledal albar umbrófilo camino de Fuenculebrera. Monte Muniellos.","VAL_Lich"
328126568,"890afcd2-f762-11e1-a439-00145eb45e9a",-6.686,43.036999,"O",2000,10,18,"Spain","21772-1","S. Pérez-Ortega & S. Fos","VAL","Cangas del Narcea. Bosque mixto mesótrofo con fresno y plágano camino de Fuenculebrera. Monte Muniellos.","VAL_Lich"
328126632,"890afcd2-f762-11e1-a439-00145eb45e9a",-6.686,43.036999,"O",2000,10,18,"Spain","21912-1","S. Pérez-Ortega & S. Fos","VAL","Cangas del Narcea. Bosque mixto mesótrofo con fresno y plágano camino de Fuenculebrera. Monte Muniellos.","VAL_Lich"
328126635,"890afcd2-f762-11e1-a439-00145eb45e9a",-6.686,43.036999,"O",2000,10,18,"Spain","21916-1","S. Pérez-Ortega & S. Fos","VAL","Cangas del Narcea. Robledal albar xerófilo camino de Fuenculebrera. Monte Muniellos","VAL_Lich"
328126637,"890afcd2-f762-11e1-a439-00145eb45e9a",-6.686,43.036999,"O",2000,10,18,"Spain","21918-1","S. Pérez-Ortega & S. Fos","VAL","Cangas del Narcea. Robledal albar umbrófilo camino de Fuenculebrera. Monte Muniellos.","VAL_Lich"
328126648,"890afcd2-f762-11e1-a439-00145eb45e9a",-6.686,43.036999,"O",2000,10,18,"Spain","22047-1","S. Pérez-Ortega & S. Fos","VAL","Cangas del Narcea. Robledal albar xerófilo camino de Fuenculebrera. Monte Muniellos","VAL_Lich"
328126675,"890afcd2-f762-11e1-a439-00145eb45e9a",-6.686,43.036999,"O",2000,10,18,"Spain","22346-1","S. Pérez-Ortega & S. Fos","VAL","Cangas del Narcea. Robledal albar umbrófilo camino de Fuenculebrera. Monte Muniellos.","VAL_Lich"
328126677,"890afcd2-f762-11e1-a439-00145eb45e9a",-6.686,43.036999,"O",2000,10,18,"Spain","22349-1","S. Pérez-Ortega & S. Fos","VAL","Cangas del Narcea. Robledal albar umbrófilo camino de Fuenculebrera. Monte Muniellos.","VAL_Lich"
328126730,"890afcd2-f762-11e1-a439-00145eb45e9a",-6.686,43.036999,"O",2000,10,18,"Spain","23070-1","S. Pérez-Ortega & S. Fos","VAL","Cangas del Narcea. Robledal albar xerófilo camino de Fuenculebrera. Monte Muniellos","VAL_Lich"
328126747,"890afcd2-f762-11e1-a439-00145eb45e9a",-6.686,43.036999,"O",2000,10,18,"Spain","23537-1","S. Pérez-Ortega & S. Fos","VAL","Cangas del Narcea. Robledal albar umbrófilo camino de Fuenculebrera. Monte Muniellos.","VAL_Lich"
328126763,"890afcd2-f762-11e1-a439-00145eb45e9a",-6.686,43.036999,"O",2000,10,18,"Spain","24067-1","S. Pérez-Ortega & S. Fos","VAL","Cangas del Narcea. Robledal albar xerófilo camino de Fuenculebrera. Monte Muniellos","VAL_Lich"
328126777,"890afcd2-f762-11e1-a439-00145eb45e9a",-6.686,43.036999,"O",2000,10,18,"Spain","24298-1","S. Pérez-Ortega & S. Fos","VAL","Cangas del Narcea. Bosque mixto mesótrofo con fresno y plágano camino de Fuenculebrera. Monte Muniellos.","VAL_Lich"
1041911700,"78c1a71e-abb2-49cf-abc8-efafb981b0e4",6.3508,62.4342,"Møre og Romsdal",1999,2,24,"Norway","650962/1","Dag Holtan","TRH","Stafsetneset","L"
1212184553,"85739778-f762-11e1-a439-00145eb45e9a",36.2098,35.5883,NA,1999,4,6,"Syrian Arab Republic","14607","L. Zedda","B","SYRIA, Muhafazat Lattakia: E of Slenfe (Slunfe, Slenfeh). Alt. 1300-1420 m.","Lichen Herbarium Berlin"
2449350966,"85739778-f762-11e1-a439-00145eb45e9a",35.9978,35.8508,NA,1999,4,5,"Syrian Arab Republic","12920","L. Zedda","B","SYRIA, Muhafazat Lattakia: Ghabat el Foroulluk (Frouloq Forest), ca. 40 km NNE of Lattakia. Alt. 540-650 m.","Lichen Herbarium Berlin"
20057154,"fb1ecd28-f09e-4747-8bde-0b3d7a6f78d1",5.93029,59.73461,"Hordaland",1999,6,11,"Norway","39909","Tønsberg, T.","BG","the small island just outside the village centre","L"
919220415,"7948250c-6958-4a29-a670-ed1015b26252",9.827,59.1159,"Telemark",1999,6,4,"Norway","89114","Arne Heggland","O","St. Hansåsen NR","L"
919220452,"7948250c-6958-4a29-a670-ed1015b26252",7.0911,58.1819,"Vest-Agder",1999,8,16,"Norway","89107","Arne Heggland","O","Kvellandsfossen NR","L"
1041932559,"78c1a71e-abb2-49cf-abc8-efafb981b0e4",6.4141,62.465,"Møre og Romsdal",1999,12,11,"Norway","650960/1","Dag Holtan","TRH","Storura","L"
20057152,"fb1ecd28-f09e-4747-8bde-0b3d7a6f78d1",6.58176,59.32997,"Rogaland",1998,6,21,"Norway","39387","Johnsen, J.I.","BG","Førre","L"
152942043,"89579e3e-f762-11e1-a439-00145eb45e9a",14.411995,45.599739,"Notranjska",1998,10,23,"Slovenia","F1019834","Pruegger J., Surina B.","ULBF-AGR","Snežnik","FloVegSI-FLO"
152942044,"89579e3e-f762-11e1-a439-00145eb45e9a",14.411987,45.699727,"Notranjska",1998,10,24,"Slovenia","F1019835","Pruegger J., Surina B.","ULBF-AGR","Javorniki","FloVegSI-FLO"
152942093,"89579e3e-f762-11e1-a439-00145eb45e9a",14.411995,45.599739,"Notranjska",1998,10,23,"Slovenia","F1037841","Pruegger J., Surina B.","ULBF-AGR","Snežnik","FloVegSI-FLO"
919168659,"7948250c-6958-4a29-a670-ed1015b26252",6.4088,62.4586,"Møre og Romsdal",1998,12,17,"Norway","34589","D. Holtan","O","Rambjøra","L"
1212196015,"85739778-f762-11e1-a439-00145eb45e9a",8.6333,39.35,NA,1997,4,14,"Italy","51965","H. Sipman & L. Zedda","B","ITALY, Sardinia, prov. Cagliari. Oridda, N entrance of Grotta di San Giovanni (Domusnovas). Sheet: F555 sez. I. Alt. 230 m.","Lichen Herbarium Berlin"
1212196024,"85739778-f762-11e1-a439-00145eb45e9a",9.4667,40.15,NA,1997,4,12,"Italy","51932","H. Sipman & L. Zedda","B","ITALY, Sardinia, prov. Nuoro. Supramonte, Campo de Su Disterru, E of Fontana Bona (Orgosolo). Sheet F517 sez. IV. Alt. c. 900 m.","Lichen Herbarium Berlin"
152942440,"89579e3e-f762-11e1-a439-00145eb45e9a",13.745368,46.19964,NA,1997,6,5,"Slovenia","F779656","Primožič K.","ULBF-AGR",NA,"FloVegSI-FLO"
152942037,"89579e3e-f762-11e1-a439-00145eb45e9a",14.411987,45.699727,"Notranjska",1997,8,9,"Slovenia","F1019828","Pruegger J.","ULBF-AGR","Mašun","FloVegSI-FLO"
152942038,"89579e3e-f762-11e1-a439-00145eb45e9a",14.411987,45.699727,"Notranjska",1997,8,10,"Slovenia","F1019829","Pruegger J.","ULBF-AGR","Mašun","FloVegSI-FLO"
152942041,"89579e3e-f762-11e1-a439-00145eb45e9a",14.411987,45.699727,"Notranjska",1997,8,14,"Slovenia","F1019832","Pruegger J.","ULBF-AGR","Snežnik","FloVegSI-FLO"
919162646,"7948250c-6958-4a29-a670-ed1015b26252",6.2913,59.3194,"Rogaland",1997,8,13,"Norway","28139","Bratli H.","O","Kilavågen, E-side of the road","L"
152942042,"89579e3e-f762-11e1-a439-00145eb45e9a",14.411978,45.799715,"Notranjska",1997,10,5,"Slovenia","F1019833","Pruegger J., Suppan U., Mayrhofer H., Batič F.","ULBF-AGR","Cerkniško jezero","FloVegSI-FLO"
152942096,"89579e3e-f762-11e1-a439-00145eb45e9a",14.411978,45.799715,"Notranjska",1997,10,5,"Slovenia","F1037851","Pruegger J., Suppan U., Mayrhofer H., Batič F.","ULBF-AGR","Cerkniško jezero","FloVegSI-FLO"
2237909626,"84d26682-f762-11e1-a439-00145eb45e9a",9.52654,56.13478,NA,1997,10,5,"Denmark","DMS-1043037","Svanhildur Svane",NA,"Knagerne, Silkeborg Vesterskov",NA
1837445216,"aab0cf80-0c64-11dd-84d1-b8a03c50a862",13.52641,56.0136,"Skåne",1997,NA,NA,"Sweden","1924660","T. Tyler","LD","Knösen","General"
919173237,"7948250c-6958-4a29-a670-ed1015b26252",10.6306,59.4325,"Østfold",1996,3,5,"Norway","39354","H. Bratli","O","roadside trees NE of the farm Reier","L"
919197731,"7948250c-6958-4a29-a670-ed1015b26252",10.4282,59.4407,"Vestfold",1996,4,7,"Norway","64817","H. Bratli","O","Falkenstein","L"
2237893343,"84d26682-f762-11e1-a439-00145eb45e9a",9.51904,56.51914,NA,1996,5,5,"Denmark","DMS-1029804","Vagn Alstrup",NA,"Sødal Skov",NA
2237897065,"84d26682-f762-11e1-a439-00145eb45e9a",9.099952,56.88252,NA,1996,5,4,"Denmark","DMS-1032287","Vagn Alstrup",NA,"Livø",NA
919157599,"7948250c-6958-4a29-a670-ed1015b26252",9.9569,59.1415,"Vestfold",1996,6,8,"Norway","22719","G. Gaarder","O","Øst for Vemannås","L"
919174519,"7948250c-6958-4a29-a670-ed1015b26252",10.4471,59.4499,"Vestfold",1996,7,9,"Norway","40532","H. Bratli","O","the central part of Løvøya","L"
919159961,"7948250c-6958-4a29-a670-ed1015b26252",6.2007,59.4801,"Rogaland",1996,8,3,"Norway","25496","R. Haugan","O","Ropeid, W faced slope of Mt. Middagsåsen","L"
1086442956,"fe35d6a0-0c6e-11dd-84d2-b8a03c50a862",14,56,"Småland (Inre)",1996,9,14,"Sweden","F171848","Krister Wahlström","S","Småland: Kronobergs län, Ljungby k:n, Dörarps s:n, Toftaholm. Bokskogen vid Toftaån.","S-Fungi"
919160747,"7948250c-6958-4a29-a670-ed1015b26252",7.6517,58.1109,"Vest-Agder",1996,9,29,"Norway","26213","R. Haugan, T. Haugset","O","Fidje, narrow valley between the hills Midtheia and Øygardsheia","L"
919167933,"7948250c-6958-4a29-a670-ed1015b26252",8.3655,58.2916,"Aust-Agder",1996,9,13,"Norway","33753","H. Bratli","O","Olashei Nature Reserve, in S-facing hillside NE of Mt. Ørnehei","L"
919158024,"7948250c-6958-4a29-a670-ed1015b26252",5.7192,59.4199,"Rogaland",1996,NA,NA,"Norway","23257","I. Gjerde","O","Stråtveit","L"
2237862575,"84d26682-f762-11e1-a439-00145eb45e9a",9.707536,56.11493,NA,1995,5,11,"Denmark","DMS-1001753","Vagn Alstrup",NA,"Ringholm Hoved",NA
2237885433,"84d26682-f762-11e1-a439-00145eb45e9a",9.607618,56.05575,NA,1995,5,11,"Denmark","DMS-1021593","Svanhildur Svane",NA,"Addit Skov",NA
2237889896,"84d26682-f762-11e1-a439-00145eb45e9a",9.666573,56.13624,NA,1995,5,12,"Denmark","DMS-1026555","Vagn Alstrup",NA,"Linå Vesterskov",NA
919166735,"7948250c-6958-4a29-a670-ed1015b26252",7.6723,58.103,"Vest-Agder",1995,5,25,"Norway","32445","Ø. Røsok, A. Solås","O","Try","L"
1212181880,"85739778-f762-11e1-a439-00145eb45e9a",25.5,37.05,NA,1995,9,21,"Greece","7604","Astrid Scharlau","B","GREECE, Cyclades Archipelago, Naxos: Filoti. Alt. 300 m.","Lichen Herbarium Berlin"
2237891689,"84d26682-f762-11e1-a439-00145eb45e9a",9.611244,56.12155,NA,1994,4,5,"Denmark","DMS-1027298","Vagn Alstrup",NA,"Silkeborg Sønderskov",NA
2237892896,"84d26682-f762-11e1-a439-00145eb45e9a",9.611244,56.12155,NA,1994,4,6,"Denmark","DMS-1027276","Vagn Alstrup",NA,"Silkeborg Sønderskov",NA
1086305790,"fe35d6a0-0c6e-11dd-84d2-b8a03c50a862",12,58,"Västergötland",1994,5,7,"Sweden","L53935","Gunvor Westling","S","Västergötland: Västra Tunhems sn, ca 3,1 km SO Tunhems kyrka, Skörstorps klev. På lönn i lövskog. 8C 3a 29 26","S-Fungi"
1086442942,"fe35d6a0-0c6e-11dd-84d2-b8a03c50a862",13,56,"Småland (Inre)",1994,8,28,"Sweden","F171869","Krister Wahlström","S","Småland: Angelstad, Hedenstorp 1:3, 63051 - 13796.","S-Fungi"
2237882591,"84d26682-f762-11e1-a439-00145eb45e9a",10.79068,55.51464,NA,1994,10,30,"Denmark","DMS-1018852","Svanhildur Svane",NA,"Romsø",NA
187076969,"c89f43c2-98cf-4c60-ad53-ddf7127bb9d5",9.180207,58.677442,"AUST-AGDER",1993,7,31,"Norway","915","Yngvar Gauslaa","NMBU:MINA","Hisåsen","L"
2237865971,"84d26682-f762-11e1-a439-00145eb45e9a",12.2758,55.95857,NA,1993,7,17,"Denmark","DMS-1003972","Vagn Alstrup",NA,"Strødam",NA
20058049,"fb1ecd28-f09e-4747-8bde-0b3d7a6f78d1",6.04217,59.3678,"Rogaland",1993,10,24,"Norway","65375","Botnen, A.","BG","c. 2 km N of Jelsa, near Brennevika S of farm Meland","L"
20058051,"fb1ecd28-f09e-4747-8bde-0b3d7a6f78d1",6.04217,59.3678,"Rogaland",1993,10,24,"Norway","65387","Botnen, A.","BG","c. 2 km N of Jelsa, near Brennevika S of farm Meland","L"
328126956,"890afcd2-f762-11e1-a439-00145eb45e9a",-0.339,39.886002,"Cs",1992,3,27,"Spain","8834-1","E. Calvo & S. Fos","VAL","Ahín. Sierra de Espadán. Los Noguerales","VAL_Lich"
328126960,"890afcd2-f762-11e1-a439-00145eb45e9a",-0.339,39.886002,"Cs",1992,3,27,"Spain","9515-1","E. Calvo & S. Fos","VAL","Ahín. Sierra de Espadán. Los Noguerales","VAL_Lich"
2513288545,"15f819bd-6612-4447-854b-14d12ee1022d",-3.461111,47.777778,"Aquitaine",1992,7,31,"France","L  0751668","Spier JL",NA,"St. Engrâce","Botany"
2513290474,"15f819bd-6612-4447-854b-14d12ee1022d",-3.725,47.894444,"Aquitaine",1992,7,29,"France","L  0751669","Spier JL",NA,"Tardets","Botany"
2513290926,"15f819bd-6612-4447-854b-14d12ee1022d",-3.480556,47.766667,"Aquitaine",1992,7,27,"France","L  0751670","Spier JL",NA,"St. Engrâce","Botany"
2513287672,"15f819bd-6612-4447-854b-14d12ee1022d",-3.488889,47.766667,"Aquitaine",1992,8,5,"France","L  0751667","Spier JL",NA,"St. Engrâce","Botany"
178318638,"890afcd2-f762-11e1-a439-00145eb45e9a",-5.618,36.147999,"Ca",1992,10,17,"Spain","4774-1","S. Fos","VAL","Tarifa. Sierra de Saladavieja. El Pedregoso","VAL_Lich"
178318840,"890afcd2-f762-11e1-a439-00145eb45e9a",-5.642,36.543999,"Ca",1992,10,19,"Spain","8181-1","S. Fos","VAL","Jeréz de la Frontera.  Loma de la Mesa","VAL_Lich"
178318851,"890afcd2-f762-11e1-a439-00145eb45e9a",-5.506,36.484001,"Ca",1992,10,19,"Spain","8194-1","S. Fos","VAL","Jimena de la Frontera. Sierra del Aljibe. Entre Jimena-La Sauceda","VAL_Lich"
178318858,"890afcd2-f762-11e1-a439-00145eb45e9a",-5.585,36.167,"Ca",1992,10,17,"Spain","8201-1","S. Fos","VAL","Tarifa. Sierra de Saladavieja. El Tiradero","VAL_Lich"
178319025,"890afcd2-f762-11e1-a439-00145eb45e9a",-5.639,36.129002,"Ca",1992,10,18,"Spain","9250-1","S. Fos","VAL","Tarifa. Sierra de Saladavieja. Cañada de la Jara","VAL_Lich"
178319028,"890afcd2-f762-11e1-a439-00145eb45e9a",-5.538,36.077,"Ca",1992,10,18,"Spain","9280-1","S. Fos","VAL","Tarifa. Sierra del Cabrito. Puerto del Bujeo","VAL_Lich"
947948,"aab0cf80-0c64-11dd-84d1-b8a03c50a862",12.46818,56.29896,"Skåne",1991,4,15,"Sweden","1132791","Per Johansson [1966-]","LD","Kullagården","General"
919232236,"7948250c-6958-4a29-a670-ed1015b26252",6.6613,58.1761,"Vest-Agder",1991,5,19,"Norway","102593","R. Haugan, O. Pedersen, E. Timdal","O","Lista, hill E of farm Ellenes","L"
20057114,"fb1ecd28-f09e-4747-8bde-0b3d7a6f78d1",6.60935,61.20834,"Sogn og fjordane",1990,1,13,"Norway","34977","Gaarder, G.","BG","Hella","L"
20058486,"fb1ecd28-f09e-4747-8bde-0b3d7a6f78d1",6.62057,61.20764,"Sogn og fjordane",1990,1,13,"Norway","8935","Gaarder, G.","BG","Hella","L"
947855,"aab0cf80-0c64-11dd-84d1-b8a03c50a862",13.33124,55.67585,"Skåne",1990,1,27,"Sweden","1131711","Stefan Ekman","LD","Dalby Söderskog","General"
947956,"aab0cf80-0c64-11dd-84d1-b8a03c50a862",13.33124,55.67585,"Skåne",1990,1,27,"Sweden","1132851","Stefan Ekman","LD","Dalby Söderskog","General"
1833732549,"828a3d8c-f762-11e1-a439-00145eb45e9a",3,39,NA,1990,4,2,"Spain","221849",NA,"FR","Mallorca, N coast, near the monastery of Lluch","Herbarium Senckenbergianum (FR) - Fungi"
1833732550,"828a3d8c-f762-11e1-a439-00145eb45e9a",3,39,NA,1990,4,2,"Spain","221852",NA,"FR","Mallorca, N coast, street between the monastery of Lluch to Soller","Herbarium Senckenbergianum (FR) - Fungi"
1833732558,"828a3d8c-f762-11e1-a439-00145eb45e9a",3,39,NA,1990,4,2,"Spain","221850",NA,"FR","Mallorca, N coast, street between the monastery of Lluch to Soller","Herbarium Senckenbergianum (FR) - Fungi"
2237887094,"84d26682-f762-11e1-a439-00145eb45e9a",9.342151,55.67854,NA,1990,5,12,"Denmark","DMS-1021727","Svanhildur Svane",NA,"Engelsholm Sønderskov",NA
788853190,"aab0cf80-0c64-11dd-84d1-b8a03c50a862",13.3349,56.89106,NA,1990,5,21,"Sweden","1637112","U. Arup & S. Ekman","LD","Unknown","General"
947967,"aab0cf80-0c64-11dd-84d1-b8a03c50a862",12.56199,56.44196,"Skåne",1990,5,4,"Sweden","1132971","U. Arup & S. Ekman","LD","Hallands Väderö","General"
947972,"aab0cf80-0c64-11dd-84d1-b8a03c50a862",12.56199,56.44196,"Skåne",1990,5,4,"Sweden","1133031","U. Arup & S. Ekman","LD","Hallands Väderö","General"
948539,"aab0cf80-0c64-11dd-84d1-b8a03c50a862",12.56199,56.44196,"Skåne",1990,5,5,"Sweden","1149520","U. Arup & S. Ekman","LD","Hallands Väderö","General"
948540,"aab0cf80-0c64-11dd-84d1-b8a03c50a862",12.56199,56.44196,"Skåne",1990,9,12,"Sweden","1149580","U. Arup & S. Ekman","LD","Hallands Väderö","General"
20058351,"fb1ecd28-f09e-4747-8bde-0b3d7a6f78d1",5.27302,60.25602,"Hordaland",1990,10,25,"Norway","73700","Botnen, A.","BG","Store Milde, near Naustvågen","L"
949449,"aab0cf80-0c64-11dd-84d1-b8a03c50a862",14.06707,55.83487,"Skåne",1990,10,3,"Sweden","1191891","U. Arup & S. Ekman","LD","Borråkra boställe","General"
949452,"aab0cf80-0c64-11dd-84d1-b8a03c50a862",14.00501,55.87487,"Skåne",1990,10,22,"Sweden","1191951","U. Arup & S. Ekman","LD","No locality information available","General"
949455,"aab0cf80-0c64-11dd-84d1-b8a03c50a862",14.00501,55.87487,"Skåne",1990,10,22,"Sweden","1192011","U. Arup & S. Ekman","LD","No locality information available","General"
949458,"aab0cf80-0c64-11dd-84d1-b8a03c50a862",13.94678,55.83448,"Skåne",1990,10,22,"Sweden","1192071","U. Arup & S. Ekman","LD","No locality information available","General"
949460,"aab0cf80-0c64-11dd-84d1-b8a03c50a862",13.93721,55.93126,"Skåne",1990,10,3,"Sweden","1192131","U. Arup & S. Ekman","LD","No locality information available","General"
20056572,"fb1ecd28-f09e-4747-8bde-0b3d7a6f78d1",6.6896,61.15494,"Sogn og fjordane",1990,12,16,"Norway","13125","Gaarder, G.","BG","Kaldagilet","L"
947852,"aab0cf80-0c64-11dd-84d1-b8a03c50a862",14.00501,55.87487,"Skåne",1989,11,7,"Sweden","1131651","U. Arup & S. Ekman","LD","No locality information available","General"
947961,"aab0cf80-0c64-11dd-84d1-b8a03c50a862",12.56199,56.44196,"Skåne",1988,5,5,"Sweden","1132911","U. Arup & S. Ekman","LD","Hallands Väderö","General"
2237900729,"84d26682-f762-11e1-a439-00145eb45e9a",9.776791,56.82192,NA,1988,11,4,"Denmark","DMS-1034062","Steen N. Christensen",NA,"Ersted",NA
1212189247,"85739778-f762-11e1-a439-00145eb45e9a",9.4,39.85,NA,1987,7,16,"Italy","36679","H. Sipman","B","ITALY, SARDINIA. Prov. NUORO. Barbagia Seulo, Foresta Domaniale di Monte Arbo, Valle del Riu S. Girolamo. Along the stream upwards from the Casa Forestale above the railway station San Girolamo. Alt. 1000 m.","Lichen Herbarium Berlin"
178318096,"890afcd2-f762-11e1-a439-00145eb45e9a",0.34,40.669998,"T",1986,9,20,"Spain","1236-1","Violeta Atienza","VAL","El Retaule (La Cenia)","VAL_Lich"
20057075,"fb1ecd28-f09e-4747-8bde-0b3d7a6f78d1",5.26787,60.25363,"Hordaland",1986,10,9,"Norway","30981","Botnen, A.","BG","Store Milde, near Fana Folkehøgskule","L"
1883795234,"aab0cf80-0c64-11dd-84d1-b8a03c50a862",11.37011,58.35243,"Bohuslän",1983,9,25,"Sweden","1964275","Gerhard Kristensson","LD","Näverkärr","General"
2237902397,"84d26682-f762-11e1-a439-00145eb45e9a",10.5,56.45,NA,1982,8,22,"Denmark","DMS-1037389","Mogens Skytte Christiansen",NA,"Langsø",NA
187076685,"c89f43c2-98cf-4c60-ad53-ddf7127bb9d5",8.12299,58.130275,"VEST-AGDER",1981,2,13,"Norway","1309","Yngvar Gauslaa","NMBU:MINA","Randesund, Selåsen","L"
20057647,"fb1ecd28-f09e-4747-8bde-0b3d7a6f78d1",5.49899,59.27936,"Rogaland",1981,5,27,"Norway","47717","Skjolddal, L.H.","BG","Kårstø, Dalen","L"
187076684,"c89f43c2-98cf-4c60-ad53-ddf7127bb9d5",8.124556,58.135675,"VEST-AGDER",1981,6,2,"Norway","1308","Yngvar Gauslaa","NMBU:MINA","Randesund, Øvre Frikstad","L"
187076727,"c89f43c2-98cf-4c60-ad53-ddf7127bb9d5",5.987063,58.483228,"Rogaland",1981,9,4,"Norway","1484","Yngvar Gauslaa","NMBU:MINA","Tengs","L"
2237891769,"84d26682-f762-11e1-a439-00145eb45e9a",9.574424,56.14514,NA,1980,4,12,"Denmark","DMS-1027108","Svanhildur Svane",NA,"Avnsø",NA
2237892077,"84d26682-f762-11e1-a439-00145eb45e9a",9.565709,56.14134,NA,1980,4,12,"Denmark","DMS-1027118","Svanhildur Svane",NA,"Uglesø",NA
2237904281,"84d26682-f762-11e1-a439-00145eb45e9a",11.73333,54.93333,NA,1980,9,3,"Denmark","DMS-1038537","Mogens Skytte Christiansen",NA,"Resle Skov",NA
2237904398,"84d26682-f762-11e1-a439-00145eb45e9a",11.73333,54.93333,NA,1980,9,3,"Denmark","DMS-1038563","Mogens Skytte Christiansen",NA,"Resle Skov",NA
2237876583,"84d26682-f762-11e1-a439-00145eb45e9a",12.14597,55.31128,NA,1979,5,19,"Denmark","DMS-1013474","Mogens Skytte Christiansen",NA,"Olstrup Skov",NA
919153875,"7948250c-6958-4a29-a670-ed1015b26252",6.0277,59.3504,"Rogaland",1979,6,11,"Norway","16329","E. Timdal","O","1-2 km N of Jelsa","L"
20056818,"fb1ecd28-f09e-4747-8bde-0b3d7a6f78d1",7.94708,62.99924,"Møre og romsdal",1979,7,12,"Norway","24795","Tønsberg, T.","BG","Aspøy, Bokksaspa","L"
20056831,"fb1ecd28-f09e-4747-8bde-0b3d7a6f78d1",6.61203,61.13608,"Sogn og fjordane",1979,7,20,"Norway","24808","Tønsberg, T.","BG","6 km N of Vik (Vik-Vangsnes)","L"
20056832,"fb1ecd28-f09e-4747-8bde-0b3d7a6f78d1",6.58896,60.462,"Hordaland",1979,7,21,"Norway","24809","Tønsberg, T.","BG","S of Kvanndal, c. 1 km W of Håstabbaneset","L"
20056833,"fb1ecd28-f09e-4747-8bde-0b3d7a6f78d1",6.1656,60.30992,"Hordaland",1979,7,21,"Norway","24810","Tønsberg, T.","BG","E/NE of Bergsvatnet","L"
20056834,"fb1ecd28-f09e-4747-8bde-0b3d7a6f78d1",5.8884,60.17791,"Hordaland",1979,7,22,"Norway","24811","Tønsberg, T.","BG","1 km NW of Mundheim, the W-side of the valley","L"
20056835,"fb1ecd28-f09e-4747-8bde-0b3d7a6f78d1",5.44663,60.17578,"Hordaland",1979,7,22,"Norway","24812","Tønsberg, T.","BG","Li","L"
20056836,"fb1ecd28-f09e-4747-8bde-0b3d7a6f78d1",5.59457,60.05385,"Hordaland",1979,7,23,"Norway","24813","Tønsberg, T.","BG","Tysnesøy, Stølsåsen","L"
20056913,"fb1ecd28-f09e-4747-8bde-0b3d7a6f78d1",7.94708,62.99924,"Møre og romsdal",1979,7,12,"Norway","25440","Tønsberg, T.","BG","Aspøy, Bokksaspa","L"
20056914,"fb1ecd28-f09e-4747-8bde-0b3d7a6f78d1",6.1656,60.30992,"Hordaland",1979,7,21,"Norway","25441","Tønsberg, T.","BG","E/NE of Bergsvatnet","L"
2237862997,"84d26682-f762-11e1-a439-00145eb45e9a",9.343442,56.38278,NA,1979,8,9,"Denmark","DMS-1001273","Steen N. Christensen",NA,"Inderø Skov",NA
2237882606,"84d26682-f762-11e1-a439-00145eb45e9a",8.971334,55.01486,NA,1979,8,21,"Denmark","DMS-1020257","Mogens Skytte Christiansen",NA,"Draved Skov",NA
2237893602,"84d26682-f762-11e1-a439-00145eb45e9a",8.691537,56.61997,NA,1979,8,6,"Denmark","DMS-1028831","Svanhildur Svane",NA,"Kås Skov",NA
788854716,"aab0cf80-0c64-11dd-84d1-b8a03c50a862",9.85,56.833889,"Jylland",1979,8,8,"Denmark","1639416","Ingvar Kärnefelt","LD","No locality information available","General"
20056823,"fb1ecd28-f09e-4747-8bde-0b3d7a6f78d1",6.82033,58.06743,"VEST-AGDER",1978,7,27,"Norway","24800","Tønsberg, T.","BG","Eikvåg - Loshavn","L"
20056824,"fb1ecd28-f09e-4747-8bde-0b3d7a6f78d1",5.98834,58.48185,"Rogaland",1978,7,28,"Norway","24801","Tønsberg, T.","BG","Tengs","L"
2237882280,"84d26682-f762-11e1-a439-00145eb45e9a",10.17795,55.64051,NA,1978,7,3,"Denmark","DMS-1018506","Ulrik Søchting",NA,"Æbelø",NA
20056825,"fb1ecd28-f09e-4747-8bde-0b3d7a6f78d1",7.85345,58.09888,"VEST-AGDER",1978,8,1,"Norway","24802","Tønsberg, T.","BG","E of Tjomsevatn","L"
20056826,"fb1ecd28-f09e-4747-8bde-0b3d7a6f78d1",7.85345,58.09888,"VEST-AGDER",1978,8,1,"Norway","24803","Tønsberg, T.","BG","E of Tjomsevatn","L"
20056827,"fb1ecd28-f09e-4747-8bde-0b3d7a6f78d1",9.59875,58.98282,"Telemark",1978,8,3,"Norway","24804","Tønsberg, T.","BG","Kjæråsen","L"
20056828,"fb1ecd28-f09e-4747-8bde-0b3d7a6f78d1",9.82813,59.11627,"Telemark",1978,8,3,"Norway","24805","Tønsberg, T.","BG","Sankt Hansåsen, S facing slope","L"
20056829,"fb1ecd28-f09e-4747-8bde-0b3d7a6f78d1",9.82813,59.11627,"Telemark",1978,8,3,"Norway","24806","Tønsberg, T.","BG","Sankt Hansåsen, S facing slope","L"
20056830,"fb1ecd28-f09e-4747-8bde-0b3d7a6f78d1",9.82813,59.11627,"Telemark",1978,8,3,"Norway","24807","Tønsberg, T.","BG","Sankt Hansåsen, S facing slope","L"
20056841,"fb1ecd28-f09e-4747-8bde-0b3d7a6f78d1",9.82813,59.11627,"Telemark",1978,8,3,"Norway","24888","Tønsberg, T.","BG","Hillock Sankt Hansåsen, S-facing sl ope","L"
20056912,"fb1ecd28-f09e-4747-8bde-0b3d7a6f78d1",7.85345,58.09888,"VEST-AGDER",1978,8,1,"Norway","25432","Tønsberg, T.","BG","E of Tjomsevatn","L"
2270740184,"98bceab6-3c3e-4163-945d-6ca10576ebf1",5.633333,59.95,"Hordaland",1978,8,16,"Norway","553112","T.H. Nash III","ASU","Onarlieim",NA
2270740609,"98bceab6-3c3e-4163-945d-6ca10576ebf1",5.216667,59.583333,"Hordaland",1978,8,14,"Norway","552657","T.H. Nash III","ASU","Kalavåg",NA
2237862943,"84d26682-f762-11e1-a439-00145eb45e9a",9.343442,56.38278,NA,1977,5,24,"Denmark","DMS-1001272","Svanhildur Svane",NA,"Inderø Skov",NA
20056819,"fb1ecd28-f09e-4747-8bde-0b3d7a6f78d1",8.6482,58.36403,"AUST-AGDER",1977,6,7,"Norway","24796","Tønsberg, T.","BG","E of Moimoen","L"
20056820,"fb1ecd28-f09e-4747-8bde-0b3d7a6f78d1",8.49367,58.41291,"AUST-AGDER",1977,6,8,"Norway","24797","Tønsberg, T.","BG","W of the northern part of Holvatnet","L"
20056821,"fb1ecd28-f09e-4747-8bde-0b3d7a6f78d1",8.49367,58.41291,"AUST-AGDER",1977,6,8,"Norway","24798","Tønsberg, T.","BG","W of the northern part of Holvatnet","L"
20056822,"fb1ecd28-f09e-4747-8bde-0b3d7a6f78d1",10.02733,59.06096,"Vestfold",1977,6,10,"Norway","24799","Tønsberg, T.","BG","SE of Farrisvatnet","L"
2237866585,"84d26682-f762-11e1-a439-00145eb45e9a",11.11026,54.74513,NA,1977,7,24,"Denmark","DMS-1004682","Mogens Skytte Christiansen",NA,"Lindeskov (Rudbjerggård Østerskov)",NA
2237876690,"84d26682-f762-11e1-a439-00145eb45e9a",11.35874,54.78336,NA,1977,7,24,"Denmark","DMS-1014261","Mogens Skytte Christiansen",NA,"Kristianssæde Skov",NA
2237891560,"84d26682-f762-11e1-a439-00145eb45e9a",9.494715,56.12189,NA,1977,7,29,"Denmark","DMS-1027451","Svanhildur Svane",NA,"Gjessø Skov",NA
2237891978,"84d26682-f762-11e1-a439-00145eb45e9a",9.405903,56.13338,NA,1977,7,28,"Denmark","DMS-1026966","Svanhildur Svane",NA,"Hørbylunde",NA
2237899277,"84d26682-f762-11e1-a439-00145eb45e9a",9.753856,56.80086,NA,1977,7,31,"Denmark","DMS-1033960","Svanhildur Svane",NA,"Torstedlund Skov",NA
2237899454,"84d26682-f762-11e1-a439-00145eb45e9a",9.753856,56.80086,NA,1977,7,30,"Denmark","DMS-1033961","Svanhildur Svane",NA,"Torstedlund Skov",NA
2237894333,"84d26682-f762-11e1-a439-00145eb45e9a",9.51904,56.51914,NA,1977,8,7,"Denmark","DMS-1029789","Svanhildur Svane",NA,"Sødal Skov",NA
20057670,"fb1ecd28-f09e-4747-8bde-0b3d7a6f78d1",5.26845,60.56554,"Hordaland",1976,1,NA,"Norway","47727","Balle, O. & Øvstedal, D.O.","BG","Isdal","L"
2237862291,"84d26682-f762-11e1-a439-00145eb45e9a",9.343442,56.38278,NA,1976,5,24,"Denmark","DMS-1001271","Svanhildur Svane",NA,"Inderø Skov",NA
2237862361,"84d26682-f762-11e1-a439-00145eb45e9a",9.343442,56.38278,NA,1976,5,24,"Denmark","DMS-1001320","Mogens Skytte Christiansen",NA,"Inderø Skov",NA
2237863879,"84d26682-f762-11e1-a439-00145eb45e9a",9.343442,56.38278,NA,1976,5,24,"Denmark","DMS-1001319","Mogens Skytte Christiansen",NA,"Inderø Skov",NA
2237897220,"84d26682-f762-11e1-a439-00145eb45e9a",10.16622,57.47744,NA,1976,5,27,"Denmark","DMS-1032542","Svanhildur Svane",NA,"Slotved Skov",NA
2237897377,"84d26682-f762-11e1-a439-00145eb45e9a",10.16622,57.47744,NA,1976,5,27,"Denmark","DMS-1032543","Svanhildur Svane",NA,"Slotved Skov",NA
2237899450,"84d26682-f762-11e1-a439-00145eb45e9a",10.49393,57.3417,NA,1976,5,27,"Denmark","DMS-1034120","Mogens Skytte Christiansen",NA,"Sæbygård Skov",NA
2237899591,"84d26682-f762-11e1-a439-00145eb45e9a",10.49393,57.3417,NA,1976,5,27,"Denmark","DMS-1034101","Mogens Skytte Christiansen",NA,"Sæbygård Skov",NA
2237900606,"84d26682-f762-11e1-a439-00145eb45e9a",10.49393,57.3417,NA,1976,5,27,"Denmark","DMS-1034116","Mogens Skytte Christiansen",NA,"Sæbygård Skov",NA
152942215,"89579e3e-f762-11e1-a439-00145eb45e9a",15.078565,45.699754,NA,1976,11,15,"Slovenia","F775613","Batič F.","ULBF-AGR",NA,"FloVegSI-FLO"
1212212976,"85739778-f762-11e1-a439-00145eb45e9a",6.9,47.9833,NA,1975,6,26,"France","112715","H. Sipman","B","FRANCE, Vosges: La Bresse, near Lac des Corbeaux. Elev. c. 800 m.","Lichen Herbarium Berlin"
2237882913,"84d26682-f762-11e1-a439-00145eb45e9a",8.971334,55.01486,NA,1975,8,24,"Denmark","DMS-1020302","Mogens Skytte Christiansen",NA,"Draved Skov",NA
2237883925,"84d26682-f762-11e1-a439-00145eb45e9a",8.971334,55.01486,NA,1975,8,26,"Denmark","DMS-1020301","Mogens Skytte Christiansen",NA,"Draved Skov",NA
152942227,"89579e3e-f762-11e1-a439-00145eb45e9a",15.078556,45.799742,NA,1975,9,19,"Slovenia","F775912","Batič F.","ULBF-AGR",NA,"FloVegSI-FLO"
152942228,"89579e3e-f762-11e1-a439-00145eb45e9a",15.078556,45.799742,NA,1975,9,19,"Slovenia","F775913","Batič F.","ULBF-AGR",NA,"FloVegSI-FLO"
2237903410,"84d26682-f762-11e1-a439-00145eb45e9a",10.81398,56.26636,NA,1974,11,9,"Denmark","DMS-1039789","Svanhildur Svane",NA,"Rugård Sønderskov",NA
2237895658,"84d26682-f762-11e1-a439-00145eb45e9a",9.585785,57.0764,NA,1973,5,24,"Denmark","DMS-1030239","Svanhildur Svane",NA,"Oksholm Skov",NA
2237909249,"84d26682-f762-11e1-a439-00145eb45e9a",9.750667,54.950635,NA,1972,2,12,"Denmark","DMS-1043443","Svanhildur Svane",NA,"Sandbjerg Gods",NA
2237894429,"84d26682-f762-11e1-a439-00145eb45e9a",9.585785,57.0764,NA,1972,9,13,"Denmark","DMS-1030240","Svanhildur Svane",NA,"Oksholm Skov",NA
20057642,"fb1ecd28-f09e-4747-8bde-0b3d7a6f78d1",5.36079,59.36455,"Rogaland",1971,2,8,"Norway","47716","Øvstedal, D.O.","BG","Myklebust ved Førdefjorden","L"
2237901697,"84d26682-f762-11e1-a439-00145eb45e9a",10.33333,55.1,NA,1971,5,17,"Denmark","DMS-1036603","Mogens Skytte Christiansen",NA,"Holstenshus",NA
1212211903,"85739778-f762-11e1-a439-00145eb45e9a",-4.4167,51,NA,1971,8,30,"United Kingdom","111317","H. Sipman & R. Pos","B","GREAT BRITAIN, Devon. Forest W of Clovelly, W of Bideford. Alt. ca. 200 m.","Lichen Herbarium Berlin"
1212211539,"85739778-f762-11e1-a439-00145eb45e9a",-4.3833,50.9833,NA,1971,9,2,"United Kingdom","111491","H. Sipman & R. Pos","B","GREAT BRITAIN, Devon. Clovelly, W of Bidefort. Alt. ca. 100 m.","Lichen Herbarium Berlin"
1212211700,"85739778-f762-11e1-a439-00145eb45e9a",-4.3833,50.9833,NA,1971,9,2,"United Kingdom","111477","H. Sipman & R. Pos","B","GREAT BRITAIN, Devon. Clovelly, W of Bidefort. Alt. ca. 100 m.","Lichen Herbarium Berlin"
1212211861,"85739778-f762-11e1-a439-00145eb45e9a",-4.3833,50.9833,NA,1971,9,2,"United Kingdom","111475","H. Sipman & R. Pos","B","GREAT BRITAIN, Devon. Clovelly, W of Bidefort. Alt. ca. 100 m.","Lichen Herbarium Berlin"
2237859003,"84d26682-f762-11e1-a439-00145eb45e9a",9.823493,56.80106,NA,1971,9,14,"Denmark","DMS-1000827","Mogens Skytte Christiansen",NA,"Rold Skov",NA
2237897197,"84d26682-f762-11e1-a439-00145eb45e9a",9.758433,56.781,NA,1971,10,31,"Denmark","DMS-1032411","Svanhildur Svane",NA,"Nørlund Skov",NA
1212186361,"85739778-f762-11e1-a439-00145eb45e9a",28.1417,36.4,NA,1970,8,2,"Greece","22364","H. Sipman","B","GREECE, RHODOS. Mt. Philerimos, c. 3 km E of Trianta. Alt. 200 m.","Lichen Herbarium Berlin"
1212186378,"85739778-f762-11e1-a439-00145eb45e9a",19.9,39.5667,NA,1970,8,13,"Greece","22431","H. Sipman","B","GREECE, CORFU. Achillion, near Gastouri, 10 km S of Corfu city. Alt. 100 m.","Lichen Herbarium Berlin"
1212186397,"85739778-f762-11e1-a439-00145eb45e9a",19.9,39.5667,NA,1970,8,13,"Greece","22395","H. Sipman","B","GREECE, CORFU. Achillion, near Gastouri, 10 km S of Corfu city. Alt. 100 m.","Lichen Herbarium Berlin"
1212186465,"85739778-f762-11e1-a439-00145eb45e9a",19.9,39.5667,NA,1970,8,13,"Greece","22493","H. Sipman","B","GREECE, CORFU. Achillion, near Gastouri, 10 km S of Corfu city. Alt. 100 m.","Lichen Herbarium Berlin"
2237909128,"84d26682-f762-11e1-a439-00145eb45e9a",9.760838,56.788234,NA,1970,9,16,"Denmark","DMS-1043560","Svanhildur Svane",NA,"Nørlund Savværk",NA
2237904374,"84d26682-f762-11e1-a439-00145eb45e9a",9.88614,56.80753,NA,1970,11,4,"Denmark","DMS-1037690","Svanhildur Svane",NA,"Mossø",NA
2237890733,"84d26682-f762-11e1-a439-00145eb45e9a",9.666573,56.13624,NA,1969,4,27,"Denmark","DMS-1026548","Svanhildur Svane",NA,"Linå Vesterskov",NA
2237864652,"84d26682-f762-11e1-a439-00145eb45e9a",11.34424,55.21129,NA,1969,8,14,"Denmark","DMS-1002498","Mogens Skytte Christiansen",NA,"Basnæs",NA
2237881662,"84d26682-f762-11e1-a439-00145eb45e9a",9.399442,55.2211,NA,1969,9,11,"Denmark","DMS-1020066","Mogens Skytte Christiansen",NA,"Pamhule Skov",NA
2237883270,"84d26682-f762-11e1-a439-00145eb45e9a",9.399442,55.2211,NA,1969,9,11,"Denmark","DMS-1020081","Mogens Skytte Christiansen",NA,"Pamhule Skov",NA
2237885257,"84d26682-f762-11e1-a439-00145eb45e9a",9.399442,55.2211,NA,1969,9,11,"Denmark","DMS-1020067","Mogens Skytte Christiansen",NA,"Pamhule Skov",NA
2237891177,"84d26682-f762-11e1-a439-00145eb45e9a",9.618702,56.1235,NA,1968,5,25,"Denmark","DMS-1027367","Svanhildur Svane",NA,"Slåensø",NA
2237884631,"84d26682-f762-11e1-a439-00145eb45e9a",9.607618,56.05575,NA,1967,4,16,"Denmark","DMS-1021594","Svanhildur Svane",NA,"Addit Skov",NA
2237894372,"84d26682-f762-11e1-a439-00145eb45e9a",9.361382,56.402979,NA,1966,3,27,"Denmark","DMS-1029973","Svanhildur Svane",NA,"Hald Ege",NA
2237888700,"84d26682-f762-11e1-a439-00145eb45e9a",10.47131,56.27586,NA,1966,4,2,"Denmark","DMS-1026034","Svanhildur Svane",NA,"Kalø slotshalvø",NA
2237893457,"84d26682-f762-11e1-a439-00145eb45e9a",9.543729,56.148992,NA,1965,10,9,"Denmark","DMS-1027128","Svanhildur Svane",NA,"Almind Sø",NA
1212224301,"85739778-f762-11e1-a439-00145eb45e9a",8.5667,44.35,NA,1955,7,14,"Italy","183825","V. J. Grummann","B","Italien, Ligurien, Varazze, San Nazario, Madonna del Boschetto.","Lichen Herbarium Berlin"
20057666,"fb1ecd28-f09e-4747-8bde-0b3d7a6f78d1",5.34901,60.26398,"Hordaland",1953,5,30,"Norway","47725","Naustdal, J.","BG","Fana, ved Fana kyrkje","L"
20057668,"fb1ecd28-f09e-4747-8bde-0b3d7a6f78d1",5.27348,60.25199,"Hordaland",1953,5,15,"Norway","47726","Naustdal, J.","BG","Fana, Store Milde, i hagen til Fana folkehøgskule","L"
1144744342,"f577c9f3-ae71-4278-b6bf-512ba1dfaa21",6.2925,43.43722,NA,1953,8,19,"France","G-G-236193/1","Rondon, Y. (Coll. Rondon)","G","Var - La Sainte Baume, chemin de Giniez à la lisière Ouest de la Forêt domaniale","Geneva Herbarium – General Collection (G)"
1144744355,"f577c9f3-ae71-4278-b6bf-512ba1dfaa21",6.2925,43.43722,NA,1952,4,17,"France","G-G-315823/1","Clauzade, G. (Coll. Rondon)","G","Var - Calvaire de La Garde-Freinet","Geneva Herbarium – General Collection (G)"
1086402584,"fe35d6a0-0c6e-11dd-84d2-b8a03c50a862",12,57,"Göteborg",1951,7,12,"Sweden","F131752","Gösta Kjellmert","S","Västergötland. Mölndal. Gunnebo.","S-Fungi"
947978,"aab0cf80-0c64-11dd-84d1-b8a03c50a862",12.56199,56.44196,"Skåne",1951,8,29,"Sweden","1133091","Ove Almborn","LD","Hallands Väderö","General"
948336,"aab0cf80-0c64-11dd-84d1-b8a03c50a862",13.77479,55.5089,"Skåne",1951,10,3,"Sweden","1144840","Ove Almborn","LD","No locality information available","General"
948586,"aab0cf80-0c64-11dd-84d1-b8a03c50a862",13.77479,55.5089,"Skåne",1951,10,3,"Sweden","1152640","Ove Almborn","LD","No locality information available","General"
947988,"aab0cf80-0c64-11dd-84d1-b8a03c50a862",12.56199,56.44196,"Skåne",1950,6,11,"Sweden","1133211","Ove Almborn","LD","Hallands Väderö","General"
948542,"aab0cf80-0c64-11dd-84d1-b8a03c50a862",12.56199,56.44196,"Skåne",1950,6,9,"Sweden","1149700","Ove Almborn","LD","Hallands Väderö","General"
948541,"aab0cf80-0c64-11dd-84d1-b8a03c50a862",12.56199,56.44196,"Skåne",1950,9,7,"Sweden","1149640","Ove Almborn","LD","Hallands Väderö","General"
947983,"aab0cf80-0c64-11dd-84d1-b8a03c50a862",13.2387,56.0278,"Skåne",1949,5,3,"Sweden","1133151","Ove Almborn","LD","Skäralid","General"
2237867799,"84d26682-f762-11e1-a439-00145eb45e9a",10.1445,57.50217,NA,1949,7,18,"Denmark","DMS-1005543","Mogens Skytte Christiansen",NA,"Baggesvogn Skov",NA
947836,"aab0cf80-0c64-11dd-84d1-b8a03c50a862",13.20871,55.53921,"Skåne",1949,9,11,"Sweden","1131291","Ove Almborn","LD","Lilla Roslätt","General"
947849,"aab0cf80-0c64-11dd-84d1-b8a03c50a862",12.56199,56.44196,"Skåne",1948,7,18,"Sweden","1131591","Ove Almborn","LD","Hallands Väderö","General"
947857,"aab0cf80-0c64-11dd-84d1-b8a03c50a862",12.56199,56.44196,"Skåne",1948,7,17,"Sweden","1131771","Ove Almborn","LD","Hallands Väderö","General"
947865,"aab0cf80-0c64-11dd-84d1-b8a03c50a862",12.55457,56.45073,"Skåne",1948,7,19,"Sweden","1131891","Ove Almborn","LD","Hallands Väderö: Tångekärret","General"
947993,"aab0cf80-0c64-11dd-84d1-b8a03c50a862",12.56199,56.44196,"Skåne",1948,7,17,"Sweden","1133271","Ove Almborn","LD","Hallands Väderö","General"
788850707,"aab0cf80-0c64-11dd-84d1-b8a03c50a862",10.01615,59.08795,"Vestfold",1947,6,17,"Norway","1633144","Ove Almborn","LD","No locality information available","General"
1086402436,"fe35d6a0-0c6e-11dd-84d2-b8a03c50a862",13,56,"Skåne",1947,7,31,"Sweden","F131596","Ove Almborn","S","Skåne Vittsjö: Boalts böke","S-Fungi"
788851090,"aab0cf80-0c64-11dd-84d1-b8a03c50a862",10.5137,57.4154,"Jylland",1947,8,21,"Denmark","1633784","A. H. Magnusson","LD","Pikkerbakken","General"
788851129,"aab0cf80-0c64-11dd-84d1-b8a03c50a862",10.5137,57.4154,"Jylland",1947,8,21,"Denmark","1633848","A. H. Magnusson","LD","Pikkerbakken","General"
788853315,"aab0cf80-0c64-11dd-84d1-b8a03c50a862",13.01862,56.85049,NA,1947,8,2,"Sweden","1637304","Ove Almborn","LD","Spenshult","General"
948555,"aab0cf80-0c64-11dd-84d1-b8a03c50a862",13.621,56.3562,"Skåne",1947,8,1,"Sweden","1151860","Ove Almborn","LD","No locality information available","General"
2237883733,"84d26682-f762-11e1-a439-00145eb45e9a",10.70082,55.4803,NA,1946,4,19,"Denmark","DMS-1018939","Paul Gelting",NA,"Hverringe Skove",NA
788854888,"aab0cf80-0c64-11dd-84d1-b8a03c50a862",11.5875,55.603611,"Sjælland",1946,4,19,"Denmark","1639672","Ove Almborn","LD","Undløse","General"
788854932,"aab0cf80-0c64-11dd-84d1-b8a03c50a862",11.795,55.516389,"Sjælland",1946,4,22,"Denmark","1639736","Ove Almborn","LD","Egtved Fælled","General"
788841235,"aab0cf80-0c64-11dd-84d1-b8a03c50a862",9.619167,55.686667,"Jylland",1946,7,23,"Denmark","1615540","Ove Almborn","LD","Munkebjerg","General"
788841275,"aab0cf80-0c64-11dd-84d1-b8a03c50a862",9.613611,55.4625,"Jylland",1946,7,22,"Denmark","1615604","Ove Almborn","LD","Sønder Stenderup","General"
788841314,"aab0cf80-0c64-11dd-84d1-b8a03c50a862",11.911944,55.008333,"Sjælland",1946,7,11,"Denmark","1615668","Ove Almborn","LD","No locality information available","General"
788846413,"aab0cf80-0c64-11dd-84d1-b8a03c50a862",9.3325,56.396111,"Jylland",1946,7,26,"Denmark","1626104","Ove Almborn","LD","Hald","General"
788850745,"aab0cf80-0c64-11dd-84d1-b8a03c50a862",12.483611,54.984167,"Møn",1946,7,12,"Denmark","1633208","Ove Almborn","LD","Magleby","General"
788850783,"aab0cf80-0c64-11dd-84d1-b8a03c50a862",9.604722,56.119444,"Jylland",1946,7,25,"Denmark","1633272","Ove Almborn","LD","Silkeborg Sønderskov","General"
788850822,"aab0cf80-0c64-11dd-84d1-b8a03c50a862",11.355278,54.756667,"Lolland",1946,7,17,"Denmark","1633336","Ove Almborn","LD","Christianssæde","General"
788850860,"aab0cf80-0c64-11dd-84d1-b8a03c50a862",11.351667,55.402222,"Sjælland",1946,7,9,"Denmark","1633400","Ove Almborn","LD","No locality information available","General"
788850899,"aab0cf80-0c64-11dd-84d1-b8a03c50a862",11.714444,55.806389,"Sjælland",1946,7,8,"Denmark","1633464","Ove Almborn","LD","Kongsøre Næbbe","General"
788853400,"aab0cf80-0c64-11dd-84d1-b8a03c50a862",11.555833,55.431389,"Sjælland",1946,7,9,"Denmark","1637432","Ove Almborn","LD","No locality information available","General"
788853567,"aab0cf80-0c64-11dd-84d1-b8a03c50a862",11.9675,55.340278,"Sjælland",1946,7,10,"Denmark","1637688","Ove Almborn","LD","Haslev Orned","General"
788854845,"aab0cf80-0c64-11dd-84d1-b8a03c50a862",12.216667,56.05,"Sjælland",1946,7,6,"Denmark","1639608","Ove Almborn","LD","No locality information available","General"
788854973,"aab0cf80-0c64-11dd-84d1-b8a03c50a862",11.374167,55.649444,"Sjælland",1946,7,9,"Denmark","1639800","Ove Almborn","LD","Skarresø","General"
788855016,"aab0cf80-0c64-11dd-84d1-b8a03c50a862",11.783333,55.715278,"Sjælland",1946,7,8,"Denmark","1639864","Ove Almborn","LD","Dragerup Skov","General"
788855058,"aab0cf80-0c64-11dd-84d1-b8a03c50a862",11.969722,55.288611,"Sjælland",1946,7,10,"Denmark","1639928","Ove Almborn","LD","Gisselfeld","General"
788855107,"aab0cf80-0c64-11dd-84d1-b8a03c50a862",9.493611,55.255833,"Jylland",1946,7,21,"Denmark","1639992","Ove Almborn","LD","No locality information available","General"
788855236,"aab0cf80-0c64-11dd-84d1-b8a03c50a862",9.495783,54.867183,"Jylland",1946,7,20,"Denmark","1640184","Ove Almborn","LD","Hønsnap Skov","General"
788855279,"aab0cf80-0c64-11dd-84d1-b8a03c50a862",9.535833,55.709167,"Jylland",1946,7,21,"Denmark","1640248","Ove Almborn","LD","No locality information available","General"
947923,"aab0cf80-0c64-11dd-84d1-b8a03c50a862",13.18702,56.00633,"Skåne",1946,9,13,"Sweden","1132551","Ove Almborn","LD","No locality information available","General"
949363,"aab0cf80-0c64-11dd-84d1-b8a03c50a862",13.2073,55.56513,"Skåne",1946,9,17,"Sweden","1190346","Ove Almborn","LD","Torup","General"
1065695913,"905daf20-04fd-11df-8c28-b8a03c50a862",14.00515,55.99902,NA,1946,10,12,"Sweden","59570","Ove Almborn","UME","Ovesholm","General"
947881,"aab0cf80-0c64-11dd-84d1-b8a03c50a862",12.99669,56.08818,"Skåne",1946,10,8,"Sweden","1132071","Ove Almborn","LD","No locality information available","General"
947897,"aab0cf80-0c64-11dd-84d1-b8a03c50a862",14.00515,55.99902,"Skåne",1946,10,12,"Sweden","1132251","Ove Almborn","LD","Ovesholm","General"
947939,"aab0cf80-0c64-11dd-84d1-b8a03c50a862",13.96051,55.7258,"Skåne",1946,10,1,"Sweden","1132671","Ove Almborn","LD","Traneboda","General"
1086402352,"fe35d6a0-0c6e-11dd-84d2-b8a03c50a862",15,56,"Blekinge",1945,6,26,"Sweden","F131635","Ove Almborn","S","Blekinge Nättraby: Marielund","S-Fungi"
1086402376,"fe35d6a0-0c6e-11dd-84d2-b8a03c50a862",15,56,"Blekinge",1945,6,22,"Sweden","F131636","Ove Almborn","S","Blekinge Förkärla: Tromtö","S-Fungi"
947876,"aab0cf80-0c64-11dd-84d1-b8a03c50a862",13.76831,56.35587,"Skåne",1945,6,18,"Sweden","1132011","Ove Almborn","LD","Mölleröd","General"
947918,"aab0cf80-0c64-11dd-84d1-b8a03c50a862",13.44495,55.94054,"Skåne",1945,6,16,"Sweden","1132491","Ove Almborn","LD","No locality information available","General"
949369,"aab0cf80-0c64-11dd-84d1-b8a03c50a862",13.52304,56.33698,"Skåne",1945,6,17,"Sweden","1190406","Ove Almborn","LD","Boalt","General"
949473,"aab0cf80-0c64-11dd-84d1-b8a03c50a862",15.60001,56.26645,"Blekinge",1945,6,26,"Sweden","1192671","Ove Almborn","LD","Häjetorp","General"
949474,"aab0cf80-0c64-11dd-84d1-b8a03c50a862",15.48498,56.16132,"Blekinge",1945,6,22,"Sweden","1192731","Ove Almborn","LD","Tromtö","General"
949489,"aab0cf80-0c64-11dd-84d1-b8a03c50a862",15.53305,56.21961,"Blekinge",1945,6,26,"Sweden","1193031","Ove Almborn","LD","Marielund","General"
1086402770,"fe35d6a0-0c6e-11dd-84d2-b8a03c50a862",14,56,"Småland (Inre)",1945,7,24,"Sweden","F131651","Ove Almborn","S","Småland Växjö: Biskopsnäset","S-Fungi"
1086402816,"fe35d6a0-0c6e-11dd-84d2-b8a03c50a862",13,57,"Småland (Inre)",1945,7,27,"Sweden","F131653","Ove Almborn","S","Småland Landeryd: N. om Jansbergssjön","S-Fungi"
1086402839,"fe35d6a0-0c6e-11dd-84d2-b8a03c50a862",13,56,"Småland (Inre)",1945,7,26,"Sweden","F131654","Ove Almborn","S","Småland Femsjö: Skubbhult","S-Fungi"
788846489,"aab0cf80-0c64-11dd-84d1-b8a03c50a862",12.12811,57.73165,NA,1945,7,31,"Sweden","1626232","Ove Almborn","LD","Unknown","General"
788850630,"aab0cf80-0c64-11dd-84d1-b8a03c50a862",12.97405,57.23881,NA,1945,7,27,"Sweden","1633016","Ove Almborn","LD","Unknown","General"
788852333,"aab0cf80-0c64-11dd-84d1-b8a03c50a862",13.91246,57.19022,NA,1945,7,25,"Sweden","1635768","Ove Almborn","LD","Unknown","General"
788852413,"aab0cf80-0c64-11dd-84d1-b8a03c50a862",13.77389,56.85205,NA,1945,7,25,"Sweden","1635896","Ove Almborn","LD","Unknown","General"
788852454,"aab0cf80-0c64-11dd-84d1-b8a03c50a862",13.77389,56.85205,NA,1945,7,25,"Sweden","1635960","Ove Almborn","LD","Unknown","General"
788852495,"aab0cf80-0c64-11dd-84d1-b8a03c50a862",14.81922,56.88377,NA,1945,7,24,"Sweden","1636024","Ove Almborn","LD","Unknown","General"
788852658,"aab0cf80-0c64-11dd-84d1-b8a03c50a862",13.3349,56.89106,NA,1945,7,25,"Sweden","1636280","Ove Almborn","LD","Unknown","General"
788852699,"aab0cf80-0c64-11dd-84d1-b8a03c50a862",13.3349,56.89106,NA,1945,7,26,"Sweden","1636344","Ove Almborn","LD","Unknown","General"
788853107,"aab0cf80-0c64-11dd-84d1-b8a03c50a862",14.56284,56.73878,NA,1945,7,23,"Sweden","1636984","Ove Almborn","LD","Unknown","General"
788853148,"aab0cf80-0c64-11dd-84d1-b8a03c50a862",13.33309,57.04269,NA,1945,7,27,"Sweden","1637048","Ove Almborn","LD","Unknown","General"
1086403090,"fe35d6a0-0c6e-11dd-84d2-b8a03c50a862",12,57,"Halland",1945,8,2,"Sweden","F131740","Ove Almborn","S","Halland Fjärås: Rossared","S-Fungi"
1086403113,"fe35d6a0-0c6e-11dd-84d2-b8a03c50a862",12,57,"Halland",1945,8,3,"Sweden","F131665","Ove Almborn","S","Halland Sibbarp: 500 m. S. om Angryd på bok Ö. om vägen","S-Fungi"
788835884,"aab0cf80-0c64-11dd-84d1-b8a03c50a862",12.19793,57.48454,NA,1945,8,2,"Sweden","1605126","Ove Almborn","LD","Rossared","General"
788846526,"aab0cf80-0c64-11dd-84d1-b8a03c50a862",12.7875,56.94495,NA,1945,8,3,"Sweden","1626296","Ove Almborn","LD","Unknown","General"
788853273,"aab0cf80-0c64-11dd-84d1-b8a03c50a862",12.53498,57.04768,NA,1945,8,3,"Sweden","1637240","Ove Almborn","LD","Unknown","General"
947834,"aab0cf80-0c64-11dd-84d1-b8a03c50a862",13.77389,56.09979,"Skåne",1945,8,8,"Sweden","1131231","Ove Almborn","LD","Påbro","General"
947841,"aab0cf80-0c64-11dd-84d1-b8a03c50a862",13.51324,56.25585,"Skåne",1945,8,7,"Sweden","1131411","Ove Almborn","LD","No locality information available","General"
947886,"aab0cf80-0c64-11dd-84d1-b8a03c50a862",13.07751,56.32571,"Skåne",1945,8,7,"Sweden","1132131","Ove Almborn","LD","Marieberg","General"
947891,"aab0cf80-0c64-11dd-84d1-b8a03c50a862",13.81352,55.92564,"Skåne",1945,8,8,"Sweden","1132191","Ove Almborn","LD","No locality information available","General"
947912,"aab0cf80-0c64-11dd-84d1-b8a03c50a862",13.43176,55.58181,"Skåne",1945,8,27,"Sweden","1132431","Ove Almborn","LD","Häckeberga","General"
948556,"aab0cf80-0c64-11dd-84d1-b8a03c50a862",12.89644,56.33432,"Skåne",1945,8,7,"Sweden","1151920","Ove Almborn","LD","Margretetorp","General"
949469,"aab0cf80-0c64-11dd-84d1-b8a03c50a862",13.59614,55.56134,"Skåne",1945,8,27,"Sweden","1192431","Ove Almborn","LD","Elsagården","General"
947860,"aab0cf80-0c64-11dd-84d1-b8a03c50a862",13.74042,55.56423,"Skåne",1945,9,30,"Sweden","1131831","Ove Almborn","LD","Kristinelund","General"
947902,"aab0cf80-0c64-11dd-84d1-b8a03c50a862",13.88779,55.52575,"Skåne",1945,9,30,"Sweden","1132311","Ove Almborn","LD","Lyckås","General"
1086403127,"fe35d6a0-0c6e-11dd-84d2-b8a03c50a862",14,55,"Skåne",1945,10,15,"Sweden","F131589","Ove Almborn","S","Skåne Fågeltofta: Kronovall","S-Fungi"
947870,"aab0cf80-0c64-11dd-84d1-b8a03c50a862",14.04499,55.64058,"Skåne",1945,10,15,"Sweden","1131951","Ove Almborn","LD","Kronovall","General"
919229400,"7948250c-6958-4a29-a670-ed1015b26252",10.4996,59.919,"Akershus",1944,2,13,"Norway","99352","H. Rui","O","Vestre Bærum: Løken","L"
949483,"aab0cf80-0c64-11dd-84d1-b8a03c50a862",15.24992,56.24794,"Blekinge",1944,4,6,"Sweden","1192911","Ove Almborn","LD","No locality information available","General"
1086403073,"fe35d6a0-0c6e-11dd-84d2-b8a03c50a862",14,55,"Skåne",1944,6,28,"Sweden","F131586","Ove Almborn","S","Skåne Ö. Sönnarslöv: Maltesholm","S-Fungi"
1086403085,"fe35d6a0-0c6e-11dd-84d2-b8a03c50a862",14,56,"Skåne",1944,6,19,"Sweden","F131588","Ove Almborn","S","Skåne Fjälkestad: Knutstorp på bok vid vägen nära sjön","S-Fungi"
947847,"aab0cf80-0c64-11dd-84d1-b8a03c50a862",14.22262,56.10762,"Skåne",1944,6,19,"Sweden","1131531","Ove Almborn","LD","Knutstorp","General"
949382,"aab0cf80-0c64-11dd-84d1-b8a03c50a862",13.98105,55.90151,"Skåne",1944,6,28,"Sweden","1190631","Ove Almborn","LD","Maltesholm","General"
949388,"aab0cf80-0c64-11dd-84d1-b8a03c50a862",12.56199,56.44196,"Skåne",1944,7,4,"Sweden","1190691","Ove Almborn","LD","Hallands Väderö","General"
1086403125,"fe35d6a0-0c6e-11dd-84d2-b8a03c50a862",15,56,"Blekinge",1944,8,15,"Sweden","F131631","Ove Almborn","S","Blekinge Hjortsberga: N. ändan av Sännen","S-Fungi"
949377,"aab0cf80-0c64-11dd-84d1-b8a03c50a862",13.77479,55.5089,"Skåne",1944,8,25,"Sweden","1190571","Ove Almborn","LD","No locality information available","General"
949477,"aab0cf80-0c64-11dd-84d1-b8a03c50a862",15.24992,56.24794,"Blekinge",1944,8,11,"Sweden","1192791","Ove Almborn","LD","No locality information available","General"
2237865043,"84d26682-f762-11e1-a439-00145eb45e9a",12.32048,56.00106,NA,1943,5,15,"Denmark","DMS-1004217","Mogens Skytte Christiansen",NA,"Gribskov, samlet",NA
2237865851,"84d26682-f762-11e1-a439-00145eb45e9a",12.32048,56.00106,NA,1943,5,15,"Denmark","DMS-1004218","Mogens Skytte Christiansen",NA,"Gribskov, samlet",NA
2237867863,"84d26682-f762-11e1-a439-00145eb45e9a",12.32048,56.00106,NA,1943,5,15,"Denmark","DMS-1004215","Mogens Skytte Christiansen",NA,"Gribskov, samlet",NA
2237905180,"84d26682-f762-11e1-a439-00145eb45e9a",11.81666,54.78333,NA,1943,5,27,"Denmark","DMS-1039611","Mogens Skytte Christiansen",NA,"Fuglsang Storskov",NA
788847690,"aab0cf80-0c64-11dd-84d1-b8a03c50a862",12.346944,55.978611,"Sjælland",1943,5,15,"Denmark","1628216","M. Skytte Christiansen","LD","Nødebo","General"
1086403093,"fe35d6a0-0c6e-11dd-84d2-b8a03c50a862",14,55,"Skåne",1943,6,10,"Sweden","F131591","Ove Almborn","S","Skåne Brösarp: Lökaröds boställe","S-Fungi"
2237898485,"84d26682-f762-11e1-a439-00145eb45e9a",9.861259,56.854556,NA,1943,6,22,"Denmark","DMS-1033628","Mogens Skytte Christiansen",NA,"Buderupholm Bjergeskov",NA
949417,"aab0cf80-0c64-11dd-84d1-b8a03c50a862",14.06283,55.74003,"Skåne",1943,6,10,"Sweden","1191531","Ove Almborn","LD","No locality information available","General"
949430,"aab0cf80-0c64-11dd-84d1-b8a03c50a862",14.1232,55.59811,"Skåne",1943,6,9,"Sweden","1191651","Ove Almborn","LD","Tunbyholm","General"
1086402768,"fe35d6a0-0c6e-11dd-84d2-b8a03c50a862",14,56,"Skåne",1943,7,19,"Sweden","F131609","Gunnar Degelius","S","Skåne: Oppmanna sn : Bokenäset,","S-Fungi"
1086403114,"fe35d6a0-0c6e-11dd-84d2-b8a03c50a862",15,56,"Blekinge",1943,7,1,"Sweden","F131630","Ove Almborn","S","Blekinge Nättraby: Skärva","S-Fungi"
948558,"aab0cf80-0c64-11dd-84d1-b8a03c50a862",13.74042,55.56423,"Skåne",1943,7,28,"Sweden","1151980","Ove Almborn","LD","Kristinelund","General"
1086402569,"fe35d6a0-0c6e-11dd-84d2-b8a03c50a862",13,56,"Småland (Inre)",1943,8,18,"Sweden","F131643","Ove Almborn","S","Småland Torpa: Gashult","S-Fungi"
1086402795,"fe35d6a0-0c6e-11dd-84d2-b8a03c50a862",13,56,"Småland (Inre)",1943,8,17,"Sweden","F131652","Ove Almborn","S","Småland Markaryd: Timsfors, vid viadukten","S-Fungi"
1086403065,"fe35d6a0-0c6e-11dd-84d2-b8a03c50a862",13,56,"Skåne",1943,8,17,"Sweden","F131582","Ove Almborn","S","Skåne Örkelljunga: N. om Ö. Spång","S-Fungi"
788853232,"aab0cf80-0c64-11dd-84d1-b8a03c50a862",12.79358,56.8105,NA,1943,8,20,"Sweden","1637176","Ove Almborn","LD","Fröllinge","General"
947943,"aab0cf80-0c64-11dd-84d1-b8a03c50a862",13.32271,56.29014,"Skåne",1943,8,17,"Sweden","1132731","Ove Almborn","LD","Västra Spång","General"
949462,"aab0cf80-0c64-11dd-84d1-b8a03c50a862",13.6041,56.10431,"Skåne",1943,8,16,"Sweden","1192191","Ove Almborn","LD","No locality information available","General"
949464,"aab0cf80-0c64-11dd-84d1-b8a03c50a862",13.33328,56.2862,"Skåne",1943,8,17,"Sweden","1192251","Ove Almborn","LD","Östra Spång","General"
948550,"aab0cf80-0c64-11dd-84d1-b8a03c50a862",13.77479,55.5089,"Skåne",1943,9,18,"Sweden","1151680","Ove Almborn","LD","No locality information available","General"
949466,"aab0cf80-0c64-11dd-84d1-b8a03c50a862",13.65661,55.49351,"Skåne",1943,9,18,"Sweden","1192311","Ove Almborn","LD","Kadesjö","General"
2237871194,"84d26682-f762-11e1-a439-00145eb45e9a",12.55623,56.04655,NA,1943,10,12,"Denmark","DMS-1009072","Mogens Skytte Christiansen",NA,"Teglstrup Hegn",NA
788850975,"aab0cf80-0c64-11dd-84d1-b8a03c50a862",12.552222,56.047778,"Sjælland",1943,10,12,"Denmark","1633592","M. Skytte-Christiansen","LD","Teglstrup Hegn","General"
949439,"aab0cf80-0c64-11dd-84d1-b8a03c50a862",13.93721,55.93126,"Skåne",1942,6,21,"Sweden","1191711","Ove Almborn","LD","No locality information available","General"
1086402302,"fe35d6a0-0c6e-11dd-84d2-b8a03c50a862",14,56,"Blekinge",1942,7,29,"Sweden","F131633","Ove Almborn","S","Blekinge Sölvesborg: Valje","S-Fungi"
1086403116,"fe35d6a0-0c6e-11dd-84d2-b8a03c50a862",14,56,"Skåne",1942,7,27,"Sweden","F131590","Ove Almborn","S","Skåne, Kiaby. Ivö","S-Fungi"
949424,"aab0cf80-0c64-11dd-84d1-b8a03c50a862",14.35018,56.08603,"Skåne",1942,7,27,"Sweden","1191591","Ove Almborn","LD","No locality information available","General"
949491,"aab0cf80-0c64-11dd-84d1-b8a03c50a862",14.55119,56.05561,"Blekinge",1942,7,29,"Sweden","1193091","Ove Almborn","LD","Valje","General"
1086402327,"fe35d6a0-0c6e-11dd-84d2-b8a03c50a862",15,56,"Blekinge",1942,8,4,"Sweden","F131634","Ove Almborn","S","Blekinge, Ronneby s:n, Brunnsskogen","S-Fungi"
1086403179,"fe35d6a0-0c6e-11dd-84d2-b8a03c50a862",15,56,"Blekinge",1942,8,6,"Sweden","F131632","Ove Almborn","S","Blekinge Hjortsberga: Värmansnäs","S-Fungi"
947999,"aab0cf80-0c64-11dd-84d1-b8a03c50a862",13.36706,55.50987,"Skåne",1942,8,16,"Sweden","1133331","Ove Almborn","LD","No locality information available","General"
2237872800,"84d26682-f762-11e1-a439-00145eb45e9a",11.96995,55.90862,NA,1942,11,28,"Denmark","DMS-1009698","Mogens Skytte Christiansen",NA,"Jægerspris Nordskov",NA
788851014,"aab0cf80-0c64-11dd-84d1-b8a03c50a862",12.069167,55.839444,"Sjælland",1942,NA,NA,"Denmark","1633656","M. Skytte-Christiansen","LD","No locality information available","General"
2237883879,"84d26682-f762-11e1-a439-00145eb45e9a",9.49121,55.249,NA,1941,6,12,"Denmark","DMS-1019891","Paul Gelting",NA,"Haderslev",NA
2237885544,"84d26682-f762-11e1-a439-00145eb45e9a",9.534739,55.73873,NA,1941,11,28,"Denmark","DMS-1022839","Mogens Skytte Christiansen",NA,"Grejsdalen",NA
2237866394,"84d26682-f762-11e1-a439-00145eb45e9a",12.32048,56.00106,NA,1940,4,28,"Denmark","DMS-1004216","Mogens Skytte Christiansen",NA,"Gribskov, samlet",NA
947931,"aab0cf80-0c64-11dd-84d1-b8a03c50a862",14.04463,55.84249,"Skåne",1940,6,27,"Sweden","1132611","Ove Almborn","LD","Kyllingaröd","General"
1086403097,"fe35d6a0-0c6e-11dd-84d2-b8a03c50a862",13,56,"Skåne",1940,8,14,"Sweden","F131583","Ove Almborn","S","Skåne Örkelljunga: Lärkesholm","S-Fungi"
949468,"aab0cf80-0c64-11dd-84d1-b8a03c50a862",13.38722,56.28961,"Skåne",1940,8,14,"Sweden","1192371","Ove Almborn","LD","Lärkesholm","General"
948552,"aab0cf80-0c64-11dd-84d1-b8a03c50a862",12.53112,56.26789,"Skåne",1939,6,16,"Sweden","1151740","Ove Almborn","LD","No locality information available","General"
2237883187,"84d26682-f762-11e1-a439-00145eb45e9a",9.591564,54.91952,NA,1939,8,15,"Denmark","DMS-1019872","Ove Almborn",NA,"Gråsten",NA
788853441,"aab0cf80-0c64-11dd-84d1-b8a03c50a862",9.594444,54.921944,"Jylland",1939,8,15,"Denmark","1637496","Ove Almborn","LD","Gråsten","General"
788853483,"aab0cf80-0c64-11dd-84d1-b8a03c50a862",10.343056,55.079444,"Fyn",1939,8,12,"Denmark","1637560","Ove Almborn","LD","Åstrup","General"
788853525,"aab0cf80-0c64-11dd-84d1-b8a03c50a862",9.682222,55.453056,"Jylland",1939,8,14,"Denmark","1637624","Ove Almborn","LD","Frydenborg","General"
788854630,"aab0cf80-0c64-11dd-84d1-b8a03c50a862",9.821389,55.365556,"Fyn",1939,8,13,"Denmark","1639288","Ove Almborn","LD","Wedellsborg","General"
788854802,"aab0cf80-0c64-11dd-84d1-b8a03c50a862",12.518333,54.999167,"Møn",1939,8,6,"Denmark","1639544","Ove Almborn","LD","Liselund","General"
948005,"aab0cf80-0c64-11dd-84d1-b8a03c50a862",13.77479,55.5089,"Skåne",1938,7,13,"Sweden","1133391","Ove Almborn","LD","No locality information available","General"
788852740,"aab0cf80-0c64-11dd-84d1-b8a03c50a862",12.09315,58.2055,NA,1937,6,6,"Sweden","1636408","B. Hedvall","LD","Unknown","General"
1086403128,"fe35d6a0-0c6e-11dd-84d2-b8a03c50a862",12,57,"Halland",1937,8,21,"Sweden","F131668","A. H. Magnusson","S","Halland: Frillesås, near the church","S-Fungi"
949486,"aab0cf80-0c64-11dd-84d1-b8a03c50a862",15.24992,56.24794,"Blekinge",1937,8,26,"Sweden","1192971","Ove Almborn","LD","No locality information available","General"
949493,"aab0cf80-0c64-11dd-84d1-b8a03c50a862",15.34479,56.44067,"Blekinge",1937,8,26,"Sweden","1193151","Ove Almborn","LD","No locality information available","General"
949480,"aab0cf80-0c64-11dd-84d1-b8a03c50a862",15.39344,56.2751,"Blekinge",1937,9,3,"Sweden","1192851","Ove Almborn","LD","No locality information available","General"
1086403168,"fe35d6a0-0c6e-11dd-84d2-b8a03c50a862",13,56,"Halland",1936,8,7,"Sweden","F131669","G. O. Malme","S","Suecia: Halland, Knäred, Ön.","S-Fungi"
2237872175,"84d26682-f762-11e1-a439-00145eb45e9a",12.23131,55.60891,NA,1936,8,29,"Denmark","DMS-1010525","Mogens Skytte Christiansen",NA,"Gjeddesdal",NA
788850669,"aab0cf80-0c64-11dd-84d1-b8a03c50a862",12.12811,57.73165,NA,1935,6,9,"Sweden","1633080","A. H. Magnusson","LD","Unknown","General"
1086402708,"fe35d6a0-0c6e-11dd-84d2-b8a03c50a862",12,57,"Bohuslän",1925,6,7,"Sweden","F131756","A. H. Magnusson","S","Bohuslän: Romelanda, Lysegården","S-Fungi"
442146148,"8589cc8c-f762-11e1-a439-00145eb45e9a",7.928333,47.71389,NA,1922,5,25,"Germany","B 60 0038300 / 149685 / 91509","Lettau, G.","B","Schwarzwald: Wald am ""Rohrenkopf"" bei Gersbach (Wiesental), 1100 m.","Blettaucoll"
1041906747,"78c1a71e-abb2-49cf-abc8-efafb981b0e4",8.7007,58.3885,"Aust-Agder",1922,6,13,"Norway","22008/1","Ove Arbo Høeg","TRH","Espenes","L"
1041906772,"78c1a71e-abb2-49cf-abc8-efafb981b0e4",8.7007,58.3885,"Aust-Agder",1922,6,13,"Norway","22005/1","Ove Arbo Høeg","TRH","Espenes","L"
1041907294,"78c1a71e-abb2-49cf-abc8-efafb981b0e4",5.3772,60.70202,"Hordaland",1922,6,3,"Norway","22011/1","Ove Arbo Høeg","TRH","Lygrefjorden: Poltnæsset","L"
1041907319,"78c1a71e-abb2-49cf-abc8-efafb981b0e4",8.9914,58.5999,"Aust-Agder",1922,6,12,"Norway","22009/1","Ove Arbo Høeg","TRH","Dybvaag: ved Hovdenvd. [=Hovdansvannet]","L"
1041923873,"78c1a71e-abb2-49cf-abc8-efafb981b0e4",8.7178,58.393,"Aust-Agder",1922,6,13,"Norway","22007/1","Ove Arbo Høeg","TRH","Fjære: SV. f. gamlehjemmet","L"
1041923882,"78c1a71e-abb2-49cf-abc8-efafb981b0e4",9.1482,58.6555,"Aust-Agder",1922,6,11,"Norway","22010/1","Ove Arbo Høeg","TRH","Dybvaag: Risøen","L"
1041925847,"78c1a71e-abb2-49cf-abc8-efafb981b0e4",8.7178,58.393,"Aust-Agder",1922,6,13,"Norway","22006/1","Ove Arbo Høeg","TRH","Fjære: SV f. gamlehjemmet","L"
1041906797,"78c1a71e-abb2-49cf-abc8-efafb981b0e4",10.0064,59.0428,"Vestfold",1922,8,30,"Norway","22003/1","Ove Arbo Høeg","TRH","Fritzøparken","L"
1041907496,"78c1a71e-abb2-49cf-abc8-efafb981b0e4",8.7178,58.393,"Aust-Agder",1922,8,13,"Norway","21586/2","Ove Arbo Høeg","TRH","Fjære: SV f. gamlehjemmet","L"
442146151,"8589cc8c-f762-11e1-a439-00145eb45e9a",8.017777,48.063332,NA,1921,8,17,"Germany","B 60 0038303 / 149691 / 91512","Lettau, G.","B","Schwarzwald: Thomashütte am Kandel, 1070 m.","Blettaucoll"
919230046,"7948250c-6958-4a29-a670-ed1015b26252",7.951,58.1195,"Vest-Agder",1918,8,6,"Norway","100342","B. Lynge","O","Vaagsbygden","L"
919230069,"7948250c-6958-4a29-a670-ed1015b26252",7.9736,58.157,"Vest-Agder",1918,8,5,"Norway","100343","B. Lynge","O","Ravnedalen","L"
1086402791,"fe35d6a0-0c6e-11dd-84d2-b8a03c50a862",13,56,"Skåne",1916,7,30,"Sweden","F131610","G. O. Malme","S","Skåne : Tjörnarp.","S-Fungi"
1086403015,"fe35d6a0-0c6e-11dd-84d2-b8a03c50a862",14,56,"Skåne",1916,7,18,"Sweden","F131619","G. O. Malme","S","Skåne : Österslöf, Gårrö.","S-Fungi"
1086403036,"fe35d6a0-0c6e-11dd-84d2-b8a03c50a862",14,56,"Skåne",1916,7,11,"Sweden","F131620","G. O. Malme","S","Skåne : Oppmanna, Arkelstorp.","S-Fungi"
1086403059,"fe35d6a0-0c6e-11dd-84d2-b8a03c50a862",14,56,"Skåne",1916,7,9,"Sweden","F131621","G. O. Malme","S","Skåne : Oppmanna, Boknäset.","S-Fungi"
1086403079,"fe35d6a0-0c6e-11dd-84d2-b8a03c50a862",14,56,"Skåne",1916,7,22,"Sweden","F131622","G. O. Malme","S","Skåne : Oppmanna, Arkelstorp.","S-Fungi"
1086403104,"fe35d6a0-0c6e-11dd-84d2-b8a03c50a862",14,56,"Skåne",1916,7,NA,"Sweden","F131626","Erik P. Vrang","S","Scaniæ: Par. Oppmanna, Boknäset.","S-Fungi"
1086403107,"fe35d6a0-0c6e-11dd-84d2-b8a03c50a862",14,56,"Skåne",1916,7,23,"Sweden","F131581","G. O. Malme","S","Skåne : Oppmanna, Arkelstorp.","S-Fungi"
1086402685,"fe35d6a0-0c6e-11dd-84d2-b8a03c50a862",12,58,"Västergötland",1915,6,19,"Sweden","F131755","G. O. Malme","S","Västergötl.: Halleberg, Lilleskog.","S-Fungi"
919230139,"7948250c-6958-4a29-a670-ed1015b26252",6.66526,60.54419,"Hordaland",1915,7,NA,"Norway","100346","J.J. Havaas, B. Lynge","O","Granvin","L"
442146147,"8589cc8c-f762-11e1-a439-00145eb45e9a",10.970834,50.521389,NA,1915,8,10,"Germany","B 60 0038299b / 150709 / 91920","Lettau, G.","B","Thüringer Wald: 4) Masserberg - Goldisthal.","Blettaucoll"
919229860,"7948250c-6958-4a29-a670-ed1015b26252",5.3803,59.7013,"Hordaland",1915,8,NA,"Norway","100349","J.J. Havaas, B. Lynge","O","Mosterhavn","L"
442146152,"8589cc8c-f762-11e1-a439-00145eb45e9a",7.928333,47.71389,NA,1914,4,19,"Germany","B 60 0038303a / 150711 / 91921","Lettau, G.","B","Schwarzwald: Rohrenkopf bei Gersbach (Wiesental)","Blettaucoll"
20057663,"fb1ecd28-f09e-4747-8bde-0b3d7a6f78d1",5.38029,59.70127,"Hordaland",1912,8,21,"Norway","47724","Havaas, J.J.","BG","Mosterhavn","L"
442146149,"8589cc8c-f762-11e1-a439-00145eb45e9a",7.838056,47.823334,NA,1911,5,28,"Germany","B 60 0038301 / 149687 / 91510","Lettau, G.","B","[Schwarzwald] Baden: Belchen, Südabhang","Blettaucoll"
919230023,"7948250c-6958-4a29-a670-ed1015b26252",9.0995,58.1889,"Aust-Agder",1911,7,18,"Norway","100341","B. Lynge","O","Lyngør: Skibvig","L"
442146181,"8589cc8c-f762-11e1-a439-00145eb45e9a",7.675,47.660557,NA,1911,9,17,"Germany","B 60 0038887a / 152359 / 92579","Lettau, G.","B","Baden: ""R"" Röttler Wald (Lörrach), unweit Rechberger Hof","Blettaucoll"
20057661,"fb1ecd28-f09e-4747-8bde-0b3d7a6f78d1",5.70226,60.05216,"Hordaland",1910,8,24,"Norway","47723","Havaas, J.J.","BG","Sunde ved Loksund","L"
442146145,"8589cc8c-f762-11e1-a439-00145eb45e9a",11.004723,50.519722,NA,1908,5,27,"Germany","B 60 0038299 / 149682 / 91508","Lettau, G.","B","Thüringer Wald: 1) Oberhalb Goldisthal (Spenglershütte), 650-700 m.","Blettaucoll"
442146146,"8589cc8c-f762-11e1-a439-00145eb45e9a",10.792222,50.679722,NA,1908,6,7,"Germany","B 60 0038299a / 150707 / 91919","Lettau, G.","B","Thüringer Wald: 2) Oberhalb Bahnhof Gehlberg, 650 m.","Blettaucoll"
20057998,"fb1ecd28-f09e-4747-8bde-0b3d7a6f78d1",6.70901,60.52212,"Hordaland",1907,9,NA,"Norway","59128","Havaas, J.J.","BG","Eidesstranden i Granvin","L"
919230295,"7948250c-6958-4a29-a670-ed1015b26252",6.7191,60.5205,"Hordaland",1907,9,NA,"Norway","100479","J.J. Havaas","O","Eidesstranden i Granvin","L"
442146144,"8589cc8c-f762-11e1-a439-00145eb45e9a",8.753612,49.443333,NA,1904,3,14,"Germany","B 60 0038298 / 149680 / 91507","Lettau, G.","B","Baden: Oberhalb Peterstal bei Heidelberg, 350 m.","Blettaucoll"
2468691043,"6aeebd1a-c3ad-4bc5-bdfe-24de0e2e9052",2.002,41.3015,"Barcelona",1904,5,6,"Spain","BC-Lichen-Llenas-973446","M. Llenas","BC","Gavà","BC-Lichen-Llenas"
788846787,"aab0cf80-0c64-11dd-84d1-b8a03c50a862",12.450833,55.7825,"Sjælland",1904,NA,NA,"Denmark","1626744","O. Gallöe","LD","Frederiksdal","General"
2237869909,"84d26682-f762-11e1-a439-00145eb45e9a",12.36719,55.75909,NA,1903,3,28,"Denmark","DMS-1007236","Olaf Galløe",NA,"Jonstrup Vang",NA
20057654,"fb1ecd28-f09e-4747-8bde-0b3d7a6f78d1",5.32135,60.4214,"Hordaland",1903,7,22,"Norway","47720","Havaas, J.J.","BG","Sandviken ved Bergen","L"
948547,"aab0cf80-0c64-11dd-84d1-b8a03c50a862",13.00091,55.98568,"Skåne",1903,NA,NA,"Sweden","1151620","N. Alvthin","LD","Bullstofta","General"
442146150,"8589cc8c-f762-11e1-a439-00145eb45e9a",7.850278,47.996113,NA,1902,8,5,"Germany","B 60 0038302 / 149689 / 91511","Lettau, G.","B","[Schwarzwald] Baden: Zastler bei Freiburg im Breisgau, 800 m.","Blettaucoll"
949472,"aab0cf80-0c64-11dd-84d1-b8a03c50a862",12.53112,56.26789,"Skåne",1902,NA,NA,"Sweden","1192611","B. Nilson Kajanus","LD","No locality information available","General"
20057659,"fb1ecd28-f09e-4747-8bde-0b3d7a6f78d1",6.69809,60.52193,"Hordaland",1900,5,24,"Norway","47722","Havaas, J.J.","BG","Nær Kattedal i Granvin","L"
947839,"aab0cf80-0c64-11dd-84d1-b8a03c50a862",13.05727,55.97303,"Skåne",1900,NA,NA,"Sweden","1131351","N. Alvthin","LD","Duveke","General"
949310,"aab0cf80-0c64-11dd-84d1-b8a03c50a862",13.28868,56.00323,"Skåne",1900,NA,NA,"Sweden","1184441","N. Alvthin","LD","No locality information available","General"
919230035,"7948250c-6958-4a29-a670-ed1015b26252",6.66526,60.54419,"Hordaland",1897,NA,NA,"Norway","100482","J.J. Havaas","O","Granvin","L"
948196,"aab0cf80-0c64-11dd-84d1-b8a03c50a862",12.90822,55.952,"Skåne",1896,NA,NA,"Sweden","1143206","N. Alvthin","LD","Bälteberga","General"
948200,"aab0cf80-0c64-11dd-84d1-b8a03c50a862",13.71335,55.56842,"Skåne",1896,NA,NA,"Sweden","1143266","N. Alvthin","LD","No locality information available","General"
1086403089,"fe35d6a0-0c6e-11dd-84d2-b8a03c50a862",14,56,"Skåne",1891,6,20,"Sweden","F131623","G. O. Malme","S","Skåne : Hjärsås, Skarvik.","S-Fungi"
949446,"aab0cf80-0c64-11dd-84d1-b8a03c50a862",14.20161,55.5935,"Skåne",1891,8,15,"Sweden","1191831","Alfred Berg","LD","Gyllebo","General"
1086402804,"fe35d6a0-0c6e-11dd-84d2-b8a03c50a862",18,59,"Uppland",1890,4,NA,"Sweden","F131760","Herman Hamberg","S","Upl. Norrtelje","S-Fungi"
1086402503,"fe35d6a0-0c6e-11dd-84d2-b8a03c50a862",14,56,"Skåne",1890,5,NA,"Sweden","F131599","G. O. Malme","S","Sk. Oppmanna.","S-Fungi"
1086402696,"fe35d6a0-0c6e-11dd-84d2-b8a03c50a862",14,56,"Skåne",1890,5,23,"Sweden","F131606","G. O. Malme","S","Skåne : Örkened, Nyteboda.","S-Fungi"
1086402717,"fe35d6a0-0c6e-11dd-84d2-b8a03c50a862",14,56,"Skåne",1890,5,20,"Sweden","F131607","G. O. Malme","S","Skåne : Hjersås, Gyvik.","S-Fungi"
1086403054,"fe35d6a0-0c6e-11dd-84d2-b8a03c50a862",14,56,"Skåne",1890,5,20,"Sweden","F131580","G. O. Malme","S","Sk. Hjersås, Gyvik.","S-Fungi"
1086403106,"fe35d6a0-0c6e-11dd-84d2-b8a03c50a862",14,56,"Skåne",1890,5,23,"Sweden","F131579","G. O. Malme","S","Sk. Örkened, Nyteboda","S-Fungi"
1086403098,"fe35d6a0-0c6e-11dd-84d2-b8a03c50a862",14,56,"Skåne",1890,NA,NA,"Sweden","F131624","G. O. Malme","S","Skåne : Hjärsås, Gyvik.","S-Fungi"
949443,"aab0cf80-0c64-11dd-84d1-b8a03c50a862",13.50419,55.88031,"Skåne",1889,6,NA,"Sweden","1191771","Alfred Berg","LD","Ringsjön","General"
947844,"aab0cf80-0c64-11dd-84d1-b8a03c50a862",13.43415,55.88347,"Skåne",1888,7,NA,"Sweden","1131471","Alfred Berg","LD","Råröd","General"
788853356,"aab0cf80-0c64-11dd-84d1-b8a03c50a862",12.92403,56.8656,NA,1885,8,24,"Sweden","1637368","Alfred Berg","LD","Unknown","General"
948554,"aab0cf80-0c64-11dd-84d1-b8a03c50a862",12.56199,56.44196,"Skåne",1884,NA,NA,"Sweden","1151800","P. J. Hellbom","LD","Hallands Väderö","General"
1086403219,"fe35d6a0-0c6e-11dd-84d2-b8a03c50a862",14,56,"Småland (Inre)",1883,1,NA,"Sweden","F131745","Eugène Köhler","S","Wexiö,","S-Fungi"
1041938564,"78c1a71e-abb2-49cf-abc8-efafb981b0e4",10.0074,59.0459,"Vestfold",1882,5,11,"Norway","22004/1","Johannes Musæus Norman","TRH","Laurvik: Jordfalden","L"
1302813083,"e87a12af-fc4c-4315-bff7-c7b827379aca",10.01615,59.08795,"Vestfold",1882,5,14,"Norway","562718/1","J.M. Norman","TROM","Larvik: Laurvik: Jordfalden.","L"
919229398,"7948250c-6958-4a29-a670-ed1015b26252",10.01615,59.08795,"Vestfold",1882,5,14,"Norway","99456","J.M. Norman","O","Jordfalden nær Hammerne","L"
1086402401,"fe35d6a0-0c6e-11dd-84d2-b8a03c50a862",14,56,"Småland (Inre)",1880,1,NA,"Sweden","F131637","Eugène Köhler","S","Wexiö","S-Fungi"
1086402505,"fe35d6a0-0c6e-11dd-84d2-b8a03c50a862",14,56,"Småland (Inre)",1880,1,NA,"Sweden","F131641","Eugène Köhler","S","Wexiö","S-Fungi"
1086402745,"fe35d6a0-0c6e-11dd-84d2-b8a03c50a862",14,56,"Småland (Inre)",1880,1,NA,"Sweden","F131650","Eugène Köhler","S","Wexiö","S-Fungi"
788852824,"aab0cf80-0c64-11dd-84d1-b8a03c50a862",14.811873,56.877485,NA,1880,1,NA,"Sweden","1636536","Eugène Köhler","LD","Växjö","General"
788852863,"aab0cf80-0c64-11dd-84d1-b8a03c50a862",14.811873,56.877485,NA,1880,1,NA,"Sweden","1636600","Eug. Köhler","LD","Växjö","General"
919232035,"7948250c-6958-4a29-a670-ed1015b26252",10.0389,59.0524,"Vestfold",1877,10,10,"Norway","102531","J.M. Norman","O","prope Laurvik","L"
788852577,"aab0cf80-0c64-11dd-84d1-b8a03c50a862",15.60925,56.18389,NA,1877,NA,NA,"Sweden","1636152","J. F. E. Svanlund","LD","Vämö","General"
1055528402,"7e380070-f762-11e1-a439-00145eb45e9a",-8.929307,53.365834,"Galway",1876,NA,NA,"Ireland","BM000975665","Charles du Bois Larbalestier","NHMUK",NA,"BOT"
1056076391,"7e380070-f762-11e1-a439-00145eb45e9a",-8.929307,53.365834,"Galway",1876,NA,NA,"Ireland","BM000975718","Charles du Bois Larbalestier","NHMUK",NA,"BOT"
1056206074,"7e380070-f762-11e1-a439-00145eb45e9a",-8.929307,53.365834,"Galway",1876,NA,NA,"Ireland","BM000975666","Charles du Bois Larbalestier","NHMUK",NA,"BOT"
1056948724,"7e380070-f762-11e1-a439-00145eb45e9a",-8.929307,53.365834,"Galway",1876,NA,NA,"Ireland","BM000975667","Charles du Bois Larbalestier","NHMUK",NA,"BOT"
1086402433,"fe35d6a0-0c6e-11dd-84d2-b8a03c50a862",15,56,"Blekinge",1874,NA,NA,"Sweden","F131638","H. Falk","S","Blek. Yttre Wämö","S-Fungi"
788852536,"aab0cf80-0c64-11dd-84d1-b8a03c50a862",15.61714,56.19422,"Blekinge",1874,NA,NA,"Sweden","1636088","H. Falk","LD","Yttre Vämö","General"
1086403110,"fe35d6a0-0c6e-11dd-84d2-b8a03c50a862",15,56,"Blekinge",1873,8,NA,"Sweden","F131629","F. Svanlund","S","Blekingia : Yttra Wämö","S-Fungi"
788852617,"aab0cf80-0c64-11dd-84d1-b8a03c50a862",15.53305,56.21961,NA,1872,NA,NA,"Sweden","1636216","J. F. E. Svanlund","LD","Marielund","General"
949470,"aab0cf80-0c64-11dd-84d1-b8a03c50a862",15.63613,56.19064,"Blekinge",1872,NA,NA,"Sweden","1192491","H. Lübeck","LD","Gullberna","General"
949471,"aab0cf80-0c64-11dd-84d1-b8a03c50a862",15.5745,56.20193,"Blekinge",1872,NA,NA,"Sweden","1192551","J. F. E. Svanlund","LD","Skärva","General"
788852373,"aab0cf80-0c64-11dd-84d1-b8a03c50a862",14.55182,56.06492,NA,1871,NA,NA,"Sweden","1635832","Joh. Hulting","LD","Sissebäck","General"
1122937676,"858c1c6c-f762-11e1-a439-00145eb45e9a",2,46,NA,1869,2,23,"France","M-0043552 / 17006 / 10826","Lamy de la Chapelle, P.M.E.","SNSB-M","ad Pertusariam wulfenii; tronc de $$, à Merchac$$.","BSMlichfungicoll"
788851421,"aab0cf80-0c64-11dd-84d1-b8a03c50a862",12.92403,56.8656,NA,1866,7,NA,"Sweden","1634296","Fr. Elmqvist","LD","Unknown","General"
788854673,"aab0cf80-0c64-11dd-84d1-b8a03c50a862",9.940556,57.27,"Jylland",1866,8,NA,"Denmark","1639352","C. A. Feilberg","LD","No locality information available","General"
1086402538,"fe35d6a0-0c6e-11dd-84d2-b8a03c50a862",13,56,"Småland (Inre)",1859,NA,NA,"Sweden","F131642","O. G. Blomberg","S","Småland. Femsjö.","S-Fungi"
1086402590,"fe35d6a0-0c6e-11dd-84d2-b8a03c50a862",13,56,"Småland (Inre)",1859,NA,NA,"Sweden","F131644","T. M. Fries","S","Femsjö i Småland.","S-Fungi"
1086402646,"fe35d6a0-0c6e-11dd-84d2-b8a03c50a862",13,56,"Småland (Inre)",1859,NA,NA,"Sweden","F131646","O. G. Blomberg","S","Smål. Femsjö","S-Fungi"
234009490,"905daf20-04fd-11df-8c28-b8a03c50a862",13.3349,56.89106,NA,1859,NA,NA,"Sweden","68330","O. G. Blomberg","UME",NA,"General"
788852904,"aab0cf80-0c64-11dd-84d1-b8a03c50a862",13.325992,56.892216,NA,1859,NA,NA,"Sweden","1636664","Th. Fries","LD","Femsjö","General"
788853024,"aab0cf80-0c64-11dd-84d1-b8a03c50a862",13.325992,56.892216,NA,1859,NA,NA,"Sweden","1636856","O. G. Blomberg","LD","Femsjö","General"
1086402455,"fe35d6a0-0c6e-11dd-84d2-b8a03c50a862",13,56,"Småland (Inre)",1857,NA,NA,"Sweden","F131639","T. M. Fries","S","Småland : Femsjö","S-Fungi"
788852944,"aab0cf80-0c64-11dd-84d1-b8a03c50a862",13.325992,56.892216,NA,1852,NA,NA,"Sweden","1636728","Th. Fries","LD","Femsjö","General"
1086402619,"fe35d6a0-0c6e-11dd-84d2-b8a03c50a862",13,56,"Småland (Inre)",1851,7,12,"Sweden","F131645","T. M. Fries","S","Småland : Femsjö, Walshult","S-Fungi"
1086402725,"fe35d6a0-0c6e-11dd-84d2-b8a03c50a862",13,56,"Småland (Inre)",1851,7,14,"Sweden","F131649","T. M. Fries","S","Småland : Lidhults sn Thorsberg","S-Fungi"
788850937,"aab0cf80-0c64-11dd-84d1-b8a03c50a862",11.555833,55.431389,"Sjælland",1848,NA,NA,"Denmark","1633528","J. Lange","LD","Sorø","General"
919230116,"7948250c-6958-4a29-a670-ed1015b26252",5.41776,60.37037,"Hordaland",1827,7,NA,"Norway","100345","S.C. Sommerfelt","O","Fanø (Tranø?)","L"
919232148,"7948250c-6958-4a29-a670-ed1015b26252",10.0389,59.0524,"Vestfold",1826,NA,NA,"Norway","102528","M.N. Blytt","O","Laurvig","L"
1086403138,"fe35d6a0-0c6e-11dd-84d2-b8a03c50a862",13,56,"Småland (Inre)",1820,NA,NA,"Sweden","F131666","E. M. Fries (1820) & T. M. Fries (1851)","S","Smolandia ad Femsjö","S-Fungi"
