Barcode,type,Gen,Spec,Artname,Determinator,Year of determination,Collector(s),Vornummer,Collection number,Collection number add,Datum,Collecting year,decimalLatitude,decimalLongitude,MPN_Notes,Status,Loc (+ Hab),Habitat,Notes,Running nr,family,altebestimmungen,Country,Originaltext,Otherspecies,Exsiccate name,Exsiccate number,MTB,MTB-QU,MTB-RAST_UN,GRA-UN,LG,OW,BG,NS,LM,BM,edatum,Ablage Fungi,Etinummer,Higher Taxa,Exs abc,Exsiccate name long,Hoehe,Genus,Species,SpeciesAuthorteam,SpeciesBasionymAuthorteam,Rank,InfraEpi,BasionymAuthorteam,Authorteam,RefYear,Qualifier,QualifierRank,ParseName,BestNotes,Anmerkungen,TypusFk,SpecimenFamilie,HöTax,Fundort,DetermFk
B 60 0143965,,Arthonia,pruinata,Arthonia pruinata (Pers.) A.L.Smith,,,,,,,,,,,,Drop,DEUTSCHLAND: Baden.,,ex Follmann/? # 21010,107147,,Arthonia impolita,GERMANY,,,,,,,,,,,,,,,,,,,,,,Arthonia,pruinata,,,,,,,,,,Arthonia pruinata (Pers.) A.L. Sm.,,,,ARTHONIACEAE,LICHENES,Baden.,
B 60 0143963,,Arthonia,pruinata,Arthonia pruinata (Pers.) A.L.Smith,,,,,,,,,,,,Drop,"DEUTSCHLAND: Mitteldeutschland, Mischprobe.",,ex Follmann/? # 22011,107717,,Arthonia impolita,GERMANY,,,,,,,,,,,,,,,,,,,,,,Arthonia,pruinata,,,,,,,,,,Arthonia pruinata (Pers.) A.L. Sm.,,,,ARTHONIACEAE,LICHENES,"Mitteldeutschland, Mischprobe.",
,,Arthonia,ruana,Arthothelium ruanum (A. Massal.) Zwackh,H. Sipman,1986,Hans-Wilhelm LINDERS,,1116,,9-May,1986,53.405455,7.460112,,Keep,"DEUTSCHLAND, Niedersachsen: Ihlower Forst, Abt. 5. An Fraxinus (Baumstupf).",,,18973,,,GERMANY,,,,,2510,4,,,,,,,,,,,,,,,,Arthothelium,ruanum,,,,,,,,,,Arthothelium ruanum (A. Massal.) Zwackh,,,,ARTHONIACEAE,LICHENES,"Niedersachsen: Ihlower Forst, Abt. 5. An Fraxinus (Baumstupf).",2183
,,Arthonia,ruana,Arthothelium ruanum (A. Massal.) Zwackh,H. Sipman,1991,H. Sipman,,25705,,17. sept.,1989,47.689515,13.045332,,Keep,"GERMANY, BAYERN. Berchtesgaden, Marktschellenberg. Alt. 500 m. Along trail to Salzburger Hochthron, near the valley botton close to the main road. Mixed forest on E-facing slope. On Fagus root.",,,38715,,,GERMANY,,,,,,,,,,,,,,,,,,,,,500 m,Arthothelium,ruanum,,,,,,,,,,Arthothelium ruanum (A. Massal.) Zwackh,,,,ARTHONIACEAE,LICHENES,"BAYERN. Berchtesgaden, Marktschellenberg.",2183
,,Arthonia,ruana,Arthothelium ruanum (A. Massal.) Zwackh,H. Sipman,1991,H. Sipman,,25636,,15. sept.,1989,47.67829,12.819813,,Keep,"GERMANY, BAYERN. Berchtesgaden. Unterjettenberg. Alt. 550 m. Near margin of old deciduous forest on mountain slope with pasturefields. On Corylus.",,,38648,,,GERMANY,,,,,,,,,,,,,,,,,,,,,550 m,Arthothelium,ruanum,,,,,,,,,,Arthothelium ruanum (A. Massal.) Zwackh,,,,ARTHONIACEAE,LICHENES,BAYERN. Berchtesgaden. Unterjettenberg.,2183
B 60 0173944,,Arthonia,ruana,Arthothelium ruanum,A. Aptroot,2005,A. Aptroot,,62820,,18-Mar,2005,54.0815,13.44944,,Keep,"DEUTSCHLAND, Mecklenburg-Vorpommern: Greifswald, Eldena forest.",On Carpinus.,,109228,,,GERMANY,,,,,1946,2,,,,,,,,,,,,,,,,Arthothelium,ruanum,,,,,,,,,,Arthothelium ruanum,,,,ARTHONIACEAE,LICHENES,"Mecklenburg-Vorpommern: Greifswald, Eldena forest.",2280
B 60 0163658,,Arthonia,ruana,Arthothelium ruanum,H. Sipman,2008,H. Sipman,,56954,,6-Apr,2008,53.462403,8.96012,used Östliche Malse,Keep,"DEUTSCHLAND, Niedersachsen: Landkr. Cuxhaven. Malse forest, FFH area, outside NSG area, NW of Basdahl, S of Hipstedt. MTB 2519/2B3. Elev. 25 m.",On Corylus branch in humid deciduous forest on loamy soil.,,103389,,,GERMANY,,,,,,,,,8,E,53,N,58,28,,,,,,,25 m,Arthothelium,ruanum,,,,,,,,,,Arthothelium ruanum,,,,ARTHONIACEAE,LICHENES,"Niedersachsen: Landkr. Cuxhaven. Malse forest, FFH area, outside NSG area, NW of Basdahl, S of Hipstedt. MTB 2519/2B3.",2183
B 60 0163628,,Arthonia,ruana,Arthothelium ruanum,H. Sipman,2008,H. Sipman,,56924,,4-Apr,2008,53.42196,9.005089,,Keep,"DEUTSCHLAND, Niedersachsen: Landkr. Landkreis Rotenburg (Wümme). Franzhorn forest N of Brillit, Naturwald area. MTB 2520/3B1. Elev. 20-40 m","On Carpinus trunk in deciduous, mature, humid forest on loamy soil.",,103359,,,GERMANY,,,,,,,,,9,E,53,N,0,25,,,,,,,20-40 m,Arthothelium,ruanum,,,,,,,,,,Arthothelium ruanum,,,,ARTHONIACEAE,LICHENES,"Niedersachsen: Landkr. Landkreis Rotenburg (Wümme). Franzhorn forest N of Brillit, Naturwald area. MTB 2520/3B1.",2183
B 60 0130442,,Bacidina,neosquamulosa,Bacidina neosquamulosa,A. Aptroot,2005,H. Sipman,,53573,,11-Jun,2005,52.513562,13.364395,,Keep,"GERMANY, Berlin: Thiergarten gardens, near entrance of park maintenance yard at Bellevue str. Alt. ca. 40 m.",On Tilia trunk at road through deciduous forest.,,67757,,Micarea,GERMANY,,,,,,,,,,,,,,,,,,,,,ca. 40 m,Bacidina,neosquamulosa,,,,,,,,,,Bacidina neosquamulosa,,,,LECANORACEAE,LICHENES,"Berlin: Thiergarten gardens, near entrance of park maintenance yard at Bellevue str.",2280
B 60 0129252,,Bacidina,neosquamulosa,Bacidina neosquamulosa,A. Aptroot,2006,H. Sipman & P. van den Boom,,54594,,30-Apr,2006,52.489924,13.814533,,Keep,"GERMANY, Brandenburg: Rüdersdorf, industrial zone S of lake Stienitzsee, near cement works. Alt. 60 m.",Branches of young Quercus and Robinia trees at forest margin.,,85527,,,GERMANY,,,,,,,,,13,E,52,N,"50,00","29,50",,,,,,,60 m,Bacidina,neosquamulosa,,,,,,,,,,Bacidina neosquamulosa,,,,LECANORACEAE,LICHENES,"Brandenburg: Rüdersdorf, industrial zone S of lake Stienitzsee, near cement works.",2280
B 60 0148896,,Bacidina,neosquamulosa,Bacidina neosquamulosa,H. Sipman,2007,"H. Sipman, A. Aptroot & D. Heinrich",,55026,,24-Mar,2007,53.087897,13.756952,,Keep,"GERMANY, Brandenburg: Landkr. Uckermark. Ca. 1 km W of Neu Temmen, towards Temmen. Alt. 70 m.",Juglans alley through fields; in swampy area with Salix.,,99018,,,GERMANY,,,,,2948,2,,,13,E,53,N,"46,13","05,24",,,,,,,70 m,Bacidina,neosquamulosa,,,,,,,,,,Bacidina neosquamulosa,,,,LECANORACEAE,LICHENES,"Brandenburg: Landkr. Uckermark. Ca. 1 km W of Neu Temmen, towards Temmen.",2183
B 60 0184289,,Bacidina,neosquamulosa,Bacidina neosquamulosa,H. Sipman,2011,H. Sipman & L. Zedda,,59678,,12 Apr.,2011,52.445707,13.442736,,Keep,"GERMANY, Berlin: Britz, in front of Albert-Einstein-Schule, Parchimer Allee 109. Alt. c. 40 m.",On Malus? trunk in lawn.,,136844,,,GERMANY,,Phaeophyscia nigricans,,,,,,,13,E,52,N,"26,5","26,7",,,0,,,,c. 40 m,Bacidinia,neosquamulosa,,,,,,,,,,Bacidinia neosquamulosa,,,,,,"Berlin: Britz, in front of Albert-Einstein-Schule, Parchimer Allee 109.",2183
B 60 0194788,,Bacidina,neosquamulosa,Bacidina neosquamulosa,H. Sipman,2015,H. Sipman and P. & B. van den Boom,,61445,,10-May,2015,52.461601,13.358623,Natur-Park Schöneberger Südgelände,Keep,"GERMANY, Land Berlin, Schöneberg: Naturpark Südbahnhofgelände. Alt. c. 50 m.","Abandoned rail yard with young, spontaneous forest and clearings. On Robinia young trunk at clearing.",,193275,,,GERMANY,,,,,,,,,13,E,52,N,"21,5","27,6",,,0,,,,,,,,,,,,,,,0,,,,,,,,0
B 60 0024785,,Bactrospora,dryina,Bactrospora dryina (Ach.) A. Massal.,Egea & Torrente,1992,O. Behr,,9097,a,10. Juli,1955,49.930299,9.397062,"used Metzgergraben und Krone, which is near Weibersbrunn",Keep,"DEUTSCHLAND, Bayern: Spessart, Weibersbrunn, Metzger. Alt. 300 m.","Feuchter Laubwald, alte Quercus.",,178234,,"Lecanactis dryina Lettau, det. O. Behr",GERMANY,,,,,,,,,,,,,,,,,0,,,,300 m,Bactrospora,dryina,,,,,,,,,,Bactrospora dryina (Ach.) A. Massal.,,,,ROCCELLACEAE,LICHENES,"Bayern: Spessart, Weibersbrunn, Metzger.",
B 60 0099335,,Bactrospora,dryina,Bactrospora dryina A. Massal.,,,Auerswald,,,,c. 1860?,,,,,Drop,"(DEUTSCHLAND, Sachsen:) Leipzig, an alten Eichen.",,"ex BHU, ex Herb. Mus. Palaeont. Berol.",2900,,,GERMANY,,,,,,,,,,,,,,,,,,,,,,Bactrospora,dryina,,,,,,,,,,Bactrospora dryina A. Massal.,,,,ROCCELLACEAE,LICHENES,"(DEUTSCHLAND, Sachsen:) Leipzig, an alten Eichen.",
,,Collema,fasciculare,Collema fasciculare Ach.,,,Auerswald,,,,Juni,1843,51.2,11.966667,,Keep,"(DEUTSCHLAND, Thüringen:) Weissenfels in Thüringen, an einer Schwarzpappel.",,,3022,,,GERMANY,,,,,,,,,,,,,,,,,,,,,,Collema,fasciculare,,,,,,,,,,Collema fasciculare Ach.,,,,COLLEMATACEAE,LICHENES,"(DEUTSCHLAND, Thüringen:) Weissenfels in Thüringen, an einer Schwarzpappel.",
,,Collema,fasciculare,Collema fasciculare (L.) Web.,,,C. F. E. Erichsen in herb. V. J. Grummann,,1279,,4 Aug.,1918,47.8225,7.833066,,Keep,"DEUTSCHLAND, Baden-Württemberg: Schwarzwald, am Belchen.",Weissbuchen.,,118795,,,GERMANY,,,,,,,,,,,,,,,,,,,,,,Collema,fasciculare,,,,,,,,,,Collema fasciculare (L.) Web.,,,,COLLEMATACEAE,LICHENES,"Baden-Württemberg: Schwarzwald, am Belchen.",
,,Collema,fasciculare,Collema fasciculare,,,J. Poelt,,,,01 Sep.,1956,47.483333,10.516667,now Austria,Keep,"GERMANY, Bayern (= Bavaria): Allgäuer Alpen, Tirol; above the Visalpsee Lake near Tannheim.",,,139149,,,GERMANY,,,Lichenes Alpium,6,,,,,,,,,,,,,0,,,,,Collema,fasciculare,,,,,,,,,,Collema fasciculare,,,,COLLEMATACEAE,LICHENES,"GERMANY, Bayern (= Bavaria): Allgäuer Alpen, Tirol; above the Visalpsee Lake near Tannheim.",
B 60 0143969,,Coniocarpon,cinnabarinum,Arthonia cinnabarina (DC.) Wallr.,,,G. Lettau,,,,,1910,47.616288,7.664842,,Keep,"DEUTSCHLAND, Baden-Württemberg: Lörrach.",,ex Follmann/? # 21004,107137,,,GERMANY,,,,,,,,,,,,,,,,,,,,,,Arthonia,cinnabarina,,,,,,,,,,Arthonia cinnabarina (DC.) Wallr.,,,,ARTHONIACEAE,LICHENES,Baden-Württemberg: Lörrach.,
B 60 0034956,,Degelia,plumbea,Degelia plumbea,,,,,,,,,,,,Drop,Ex empto herbario D. Wüstnei in Schwerin.,Aus Flörke's Herbarium.,,191532,,Parmelia plumbea Ach.,GERMANY,,,,,,,,,,,,,,,,,0,,,,,,,,,,,,,,,0,,,,,,,,0
B 60 0141335,,Diploicia,canescens,Diploicia canescens,,,Th. Müller,,540,,16. Aug.,1959,50.735849,6.826539,put on Erft river in Vernich (Grossvernich),Keep,"DEUTSCHLAND, Nordrhein-Westfalen: Kr. Euskirchen, Vernich, Kopfweide, Erftufer. Alt. 120 m ü. M.",,,97396,,Buellia canescens (Dicks.) De Not.,GERMANY,,,,,,,,,,,,,,,,,,,,,120 m ü. M,Diploicia,canescens,,,,,,,,,,Diploicia canescens,,,,PHYSCIACEAE,LICHENES,"Nordrhein-Westfalen: Kr. Euskirchen, Vernich, Kopfweide, Erftufer.",
B 60 0141334,,Diploicia,canescens,Diploicia canescens,,,Th. Müller,,540,,16. Aug.,1959,50.735849,6.826539,put on Erft river in Vernich (Grossvernich),Keep,"DEUTSCHLAND, Nordrhein-Westfalen: Kr. Euskirchen, Vernich, Kopfweide, Erftufer. Alt. 120 m ü. M.",,,97397,,Buellia canescens (Dicks.) De Not.,GERMANY,,,,,,,,,,,,,,,,,,,,,120 m ü. M,Diploicia,canescens,,,,,,,,,,Diploicia canescens,,,,PHYSCIACEAE,LICHENES,"Nordrhein-Westfalen: Kr. Euskirchen, Vernich, Kopfweide, Erftufer.",
B 60 0159140,,Diploicia,canescens,Diploicia canescens (J.Dicks.) A. Massal.,,,Th. Müller,,,,Dezember,1963,50.671785,6.795323,,Keep,"DEUTSCHLAND, Nordrhein-Westfalen: Kl. Vernich, Kreis Euskirchen, Erft-Ufer, 120 m s.m.","Kopfweide, Salix alba.",,107205,,Buellia canescens (Dicks.) de Not.,GERMANY,,,,,,,,,,,,,,,,,,,,,,Diploicia,canescens,,,,,,,,,,Diploicia canescens (J.Dicks.) A. Massal.,,,,PHYSCIACEAE,LICHENES,"Nordrhein-Westfalen: Kl. Vernich, Kreis Euskirchen, Erft-Ufer, 120 m s.m.",
B 60 0141333,,Diploicia,canescens,Diploicia canescens,,,H. Breuer,,,,11. April,1964,50.553692,6.760524,,Keep,"DEUTSCHLAND, Nordrhein-Westfalen: Münstereifel, Stadtmauer.",,,97398,,Buellia canescens (Dicks.) De Not.,GERMANY,,,,,,,,,,,,,,,,,,,,,,Diploicia,canescens,,,,,,,,,,Diploicia canescens,,,,PHYSCIACEAE,LICHENES,"Nordrhein-Westfalen: Münstereifel, Stadtmauer.",
B 60 0130482,,Diploicia,canescens,Diploicia canescens (Dicks.) A. Massal.,H. Sipman,2005,H. Sipman,,53556,,5-May,2005,50.216805,6.637707,,Keep,"GERMANY, Rheinland-Pfalz, Kr. Daun: Wöllersberg, N of Lissingen near Gerolstein. Alt. c. 400 m.","On exposed, S-facing lava rock in grassland slope.",,67735,,,GERMANY,,,,,5705,4,,,6,E,50,N,"37,4","13,3",,,,,,,c. 400 m,Diploicia,canescens,,,,,,,,,,Diploicia canescens (Dicks.) A. Massal.,,,,PHYSCIACEAE,LICHENES,"Rheinland-Pfalz, Kr. Daun: Wöllersberg, N of Lissingen near Gerolstein.",2183
B 60 0141266,,Fellhanera,bouteillei,Fellhanera bouteillei,O. Klement,,Th. Müller,347/,458,,,1954,50.076884,6.798316,,Keep,"DEUTSCHLAND, Rheinland-Pfalz: Horngraben bei Manderscheid.",,,97419,,Catillaria bouteillei (Desm.) Zahlbr.,GERMANY,,Bacidia chlorococca (Gr.) Lett.,,,,,,,,,,,,,,,,,,,,Fellhanera,bouteillei,,,,,,,,,,Fellhanera bouteillei,,,,PILOCARPACEAE,LICHENES,Rheinland-Pfalz: Horngraben bei Manderscheid.,
B 60 0129954,,Fellhanera,bouteillei,Fellhanera bouteillei,A. Aptroot,2005,H. Sipman,,53488,,7-May,2005,50.241247,6.611453,,Keep,"GERMANY, Rheinland-Pfalz, Kr. Daun: Müllenborn NW of Gerolstein, Felssturz area. Alt. ca. 400 m.","Wooded slope with quartzite outcrops. On Picea twigs at margin of young, dense plantation.",ster.,67666,,Fellhanera viridisorediata Aptroot et al.,GERMANY,,,,,5705,4,,c.,6,E,50,N,0,0,,,,,,,ca. 400 m,Fellhanera,bouteillei,,,,,,,,,,Fellhanera bouteillei,,,,PILOCARPACEAE,LICHENES,"Rheinland-Pfalz, Kr. Daun: Müllenborn NW of Gerolstein, Felssturz area.",2280
B 60 0148909,,Fellhanera,bouteillei,Fellhanera bouteillei,H. Sipman,2007,"H. Sipman, A. Aptroot & D. Heinrich",,55042,,24-Mar,2007,53.052289,13.81462,,Keep,"GERMANY, Brandenburg: Landkr. Uckermark. NSG Poratzer Moränenlandschaft. W of Luisenau. Alt. 75 m.",Young oak trees between lake and pasture; on boulder.,,99034,,,GERMANY,,,,,2948,4,,ca.,13,E,53,N,"46,1","02,9",,,,,,,75 m,Fellhanera,bouteillei,,,,,,,,,,Fellhanera bouteillei,,,,PILOCARPACEAE,LICHENES,Brandenburg: Landkr. Uckermark. NSG Poratzer Moränenlandschaft. W of Luisenau.,2183
,,Flavoparmelia,caperata,Flavoparmelia caperata (L.) Hale,,,,Grumm-,3718,,Nov.,1927,51.249675,14.367407,,Keep,"DEUTSCHLAND, Sachsen: Oberlausitz, Quoos bei Radibor.",Eichen.,,119881,,Parmelia caperata (L.) Ach.,GERMANY,,,"Schade, Lich. sax. exs.",356,,,,,,,,,,,,,,,,,,Flavoparmelia,caperata,,,,,,,,,,Flavoparmelia caperata (L.) Hale,,,,PARMELIACEAE,LICHENES,"Sachsen: Oberlausitz, Quoos bei Radibor.",
,,Flavoparmelia,caperata,Flavoparmelia caperata (L.) Hale,,,V. J. Grummann,,739,,22-Jul,1928,54.436733,13.574067,,Keep,"DEUTSCHLAND, Mecklenburg-Vorpommern: Rügen, Prora bei Binz.",Betula.,,117292,,Parmelia caperata (L.) Ach.,GERMANY,,,,,,,,,,,,,,,,,,,,,,Flavoparmelia,caperata,,,,,,,,,,Flavoparmelia caperata (L.) Hale,,,,PARMELIACEAE,LICHENES,"Mecklenburg-Vorpommern: Rügen, Prora bei Binz.",
,,Flavoparmelia,caperata,Flavoparmelia caperata f. subglauca (Nyl.),,,V. J. Grummann,,2177,,5-Jul,1936,54.260513,12.269719,,Keep,"DEUTSCHLAND, Mecklenburg-Vorpommern: Rostocker Heide, bei Müritz.",Rotbuche.,,118985,,Parmelia caperata f. subglauca (Nyl.) Harm.,GERMANY,,,,,,,,c.,12,E,54,N,14,12,,,,,,,,Flavoparmelia,caperata,,,f.,subglauca,,Nyl.,,,,Flavoparmelia caperata subglauca (Nyl.),,,,PARMELIACEAE,LICHENES,"Mecklenburg-Vorpommern: Rostocker Heide, bei Müritz.",
B 60 0029614,,Flavoparmelia,caperata,Flavoparmelia caperata,,,O. Behr,,3091,,28. Nov.,1948,50.565768,8.769435,,Keep,"DEUTSCHLAND, HESSEN. Krs. Erbach-Odenwald. Steinbach, Waldrand. Alt. 300 m.",alte Quercus.,,22807,,,GERMANY,,,,,,,,,,,,,,,,,,,,,300 m,Flavoparmelia,caperata,,,,,,,,,,Flavoparmelia caperata,,,,PARMELIACEAE,LICHENES,"HESSEN. Krs. Erbach-Odenwald. Steinbach, Waldrand.",
,,Flavoparmelia,caperata,Flavoparmelia caperata (L.) Hale,,,V. J. Grummann,,4233,,1 Aug.,1951,,,Not clear where along Ostrach river this is (near Sonthofen),Drop,"DEUTSCHLAND, Bayern: Allgäuer Alpen, Osterachtal.",Bergahorn.,,115545,,Parmelia caperata (L.) Ach.,GERMANY,,,,,,,,c.,10,E,47,N,22,30,,,,,,,,Flavoparmelia,caperata,,,,,,,,,,Flavoparmelia caperata (L.) Hale,,,,PARMELIACEAE,LICHENES,"Bayern: Allgäuer Alpen, Osterachtal.",
B 60 0190609,,Flavoparmelia,caperata,Flavoparmelia caperata (L.) Hale,,,H. Reznik,,,,Mar.,1952,49.398343,8.83544,used Dilsberg,Keep,"GERMANY, Baden-Württemberg: Odenwald. Herrenwald near Dilsberg.",On Fagus trunk.,,179217,,Parmelia caperata,GERMANY,,,,,,,,,8,E,49,N,49,23,,,0,,,,,Flavoparmelia,caperata,,,,,,,,,,Flavoparmelia caperata (L.) Hale,,,,PARMELIACEAE,LICHENES,"GERMANY, Baden-Württemberg: Odenwald. Herrenwald near Dilsberg.",
B 60 0146358,,Flavoparmelia,caperata,Flavoparmelia caperata,,,Th. Müller,,138,,18. April,1953,49.847362,7.178115,,Keep,"DEUTSCHLAND, Rheinland-Pfalz: Hintzerath bei Morbach, an Linde.",,,97427,,Parmelia caperata (L.) Ach.,GERMANY,,,,,,,,,,,,,,,,,,,,,,Flavoparmelia,caperata,,,,,,,,,,Flavoparmelia caperata,,,,PARMELIACEAE,LICHENES,"Rheinland-Pfalz: Hintzerath bei Morbach, an Linde.",
B 60 0146386,,Flavoparmelia,caperata,Flavoparmelia caperata,,,Th. Müller,,138,,01. Juli,1954,50.336538,7.355672,,Keep,"DEUTSCHLAND, Rheinland-Pfalz: Kr. Mayen, Welling, Schutzgebiet Horley, sonnige Schieferfelsen, SO, Unterdevon, häufig, Nettetal, SO-Eifel.",,,97421,,Parmelia caperata (L.) Ach. var. cylisphora Ach.,GERMANY,,,,,,,,,,,,,,,,,,,,,,Flavoparmelia,caperata,,,,,,,,,,Flavoparmelia caperata,,,,PARMELIACEAE,LICHENES,"Rheinland-Pfalz: Kr. Mayen, Welling, Schutzgebiet Horley, sonnige Schieferfelsen, SO, Unterdevon, häufig, Nettetal, SO-Eifel.",
,,Flavoparmelia,caperata,Flavoparmelia caperata,,,O. Behr,,10171,,24. Sept.,1956,,,,Drop,"DEUTSCHLAND, BADEN. Krs. Mosbach-Odenwald. Mosbach: Hardwald. Alt. 350 m.","Laubwald, Quercus.",,25602,,,GERMANY,,,,,,,,,,,,,,,,,,,,,350 m,Flavoparmelia,caperata,,,,,,,,,,Flavoparmelia caperata,,,,PARMELIACEAE,LICHENES,BADEN. Krs. Mosbach-Odenwald. Mosbach: Hardwald.,
B 60 0174501,,Flavoparmelia,caperata,Flavoparmelia caperata (L.) Hale,,,H. Reznik,,,,April,1958,49.42497,8.694327,,Keep,"GERMANY, Baden-Württemberg: Nordbaden, Heidelberg-Handschuhsheim, oberes Hellembachtal.",Baumrinde und Moose.,,178683,,Parmelia caperata,GERMANY,,,,,,,,,8,E,49,N,41,25,,,0,,,,,Flavoparmelia,caperata,,,,,,,,,,Flavoparmelia caperata (L.) Hale,,,,PARMELIACEAE,LICHENES,"GERMANY, Baden-Württemberg: Nordbaden, Heidelberg-Handschuhsheim, oberes Hellembachtal.",
B 60 0174601,,Flavoparmelia,caperata,Flavoparmelia caperata (L.) Hale,,,H. Reznik,,,,25. Mai,1958,49.408476,8.74285,,Keep,"GERMANY, Baden-Württemberg: Nordbaden, Odenwald, Granitfelsen am Wilckens-Felsen, Haarlaß-Heidelberg, schattiger Standort.",,,178724,,"Parmelia caperata (L.) Ach. fo. subglauca, vid. O. Klement",GERMANY,,,,,,,,,8,E,49,N,42,25,,,0,,,,,Flavoparmelia,caperata,,,,,,,,,,Flavoparmelia caperata (L.) Hale,,,,PARMELIACEAE,LICHENES,"GERMANY, Baden-Württemberg: Nordbaden, Odenwald, Granitfelsen am Wilckens-Felsen, Haarlaß-Heidelberg, schattiger Standort.",
B 60 0190606,,Flavoparmelia,caperata,Flavoparmelia caperata (L.) Hale,,,H. Reznik,,,,26 Oct.,1958,,,,Drop,"GERMANY, Baden-Württemberg: Nordbaden. Above Ursenbach in Odenwald, near Ludwigstal valley.",Be 138. On Quercus trees.,,179216,,Parmelia caperata,GERMANY,,,,,,,,,8,E,49,N,43,29,,,0,,,,,Flavoparmelia,caperata,,,,,,,,,,Flavoparmelia caperata (L.) Hale,,,,PARMELIACEAE,LICHENES,"GERMANY, Baden-Württemberg: Nordbaden. Above Ursenbach in Odenwald, near Ludwigstal valley.",
B 60 0190503,,Flavoparmelia,caperata,Flavoparmelia caperata (L.) Hale,,,H. Reznik,,,,28 dec.,1958,48.662047,8.18628,,Keep,"GERMANY, Baden-Württemberg: Nordschwarzwald, Immenstein above Neusatzeck.",On old Castanea tree.,,179221,,Parmelia caperata,GERMANY,,,,,,,,,8,E,48,N,11,39,,,0,,,,,Flavoparmelia,caperata,,,,,,,,,,Flavoparmelia caperata (L.) Hale,,,,PARMELIACEAE,LICHENES,"GERMANY, Baden-Württemberg: Nordschwarzwald, Immenstein above Neusatzeck.",
B 60 0174604,,Flavoparmelia,caperata,Flavoparmelia caperata (L.) Hale,,,H. Reznik,,,,14. Juni,1959,49.363889,8.839167,,Keep,"GERMANY, Baden-Württemberg: Nordbaden, Langenzell im Kraichgau. Alt. 195 m.",alte Platanen.,P: Mark intensiv oy,178691,,,GERMANY,,,,,,,,,8,E,49,N,50,22,,,0,,,,195 m,Flavoparmelia,caperata,,,,,,,,,,Flavoparmelia caperata (L.) Hale,,,,PARMELIACEAE,LICHENES,"Baden-Württemberg: Nordbaden, Langenzell im Kraichgau.",
B 60 0174602,,Flavoparmelia,caperata,Flavoparmelia caperata (L.) Hale,"H. Reznik, test. O. Klement",,H. Reznik,,,,April,1959,48.653598,8.184886,,Keep,"GERMANY, Baden-Württemberg: Nordschwarzwald, Schönbrunn oberhalb Neusatzeck. Alt. 700 m.",auf Castanea vesca.,,178778,,,GERMANY,,,,,,,,c.,8,E,48,N,11,39,,,0,,,,700 m,Flavoparmelia,caperata,,,,,,,,,,Flavoparmelia caperata (L.) Hale,,,,PARMELIACEAE,LICHENES,"Baden-Württemberg: Nordschwarzwald, Schönbrunn oberhalb Neusatzeck.",
B 60 0146363,,Flavoparmelia,caperata,Flavoparmelia caperata,,,H. Breuer,,138,,30. Mai,1960,49.855505,6.418315,put at Guntherhof bus stop just S of town,Keep,"DEUTSCHLAND, Rheinland-Pfalz: Kr. Bitburg, Ferschweiler, Güntherhof.",,,97423,,Parmelia caperata (L.) Ach.,GERMANY,,,,,,,,,,,,,,,,,,,,,,Flavoparmelia,caperata,,,,,,,,,,Flavoparmelia caperata,,,,PARMELIACEAE,LICHENES,"Rheinland-Pfalz: Kr. Bitburg, Ferschweiler, Güntherhof.",
B 60 0146373,,Flavoparmelia,caperata,Flavoparmelia caperata,,,H. Breuer,,138,,30. Mai,1960,49.855505,6.418315,put at Guntherhof bus stop just S of town,Keep,"DEUTSCHLAND, Rheinland-Pfalz: Kr. Bitburg, Ferschweiler, Güntherhof.",,,97428,,Parmelia caperata (L.) Ach.,GERMANY,,,,,,,,,,,,,,,,,,,,,,Flavoparmelia,caperata,,,,,,,,,,Flavoparmelia caperata,,,,PARMELIACEAE,LICHENES,"Rheinland-Pfalz: Kr. Bitburg, Ferschweiler, Güntherhof.",
B 60 0190782,,Flavoparmelia,caperata,Flavoparmelia caperata (L.) Hale,,,H. Reznik,,4320,,May,1961,49.50375,8.962099,,Keep,"GERMANY, Baden-Württemberg: Nordbaden, Odenwald. Gammelsbachtal near Eberbach.",Be 138. On Quercus trees.,,179220,,Parmelia caperata,GERMANY,,,,,,,,,8,E,49,N,58,28,,,0,,,,,Flavoparmelia,caperata,,,,,,,,,,Flavoparmelia caperata (L.) Hale,,,,PARMELIACEAE,LICHENES,"GERMANY, Baden-Württemberg: Nordbaden, Odenwald. Gammelsbachtal near Eberbach.",
B 60 0190641,,Flavoparmelia,caperata,Flavoparmelia caperata (L.) Hale,,,H. Reznik,,4333,,easter,1961,49.419536,8.857772,,Keep,"GERMANY, Hessen: Odenwald, Darsberg near Klein-Gemünd. Wald am Vogelherd.",,,179219,,Parmelia caperata,GERMANY,,,,,,,,c.,8,E,49,N,51,25,,,0,,,,,Flavoparmelia,caperata,,,,,,,,,,Flavoparmelia caperata (L.) Hale,,,,PARMELIACEAE,LICHENES,"GERMANY, Hessen: Odenwald, Darsberg near Klein-Gemünd. Wald am Vogelherd.",
B 60 0146361,,Flavoparmelia,caperata,Flavoparmelia caperata,,,H. Breuer,,,,,1962,50.626653,6.950146,,Keep,"DEUTSCHLAND, Nordrhein-Westfalen: Kr. Bonn, Rheinbach.",,,97424,,Parmelia caperata (L.) Ach.,GERMANY,,Parmelia dubia,,,5307,4,,,,,,,,,,,,,,,,Flavoparmelia,caperata,,,,,,,,,,Flavoparmelia caperata,,,,PARMELIACEAE,LICHENES,"Nordrhein-Westfalen: Kr. Bonn, Rheinbach.",
B 60 0146372,,Flavoparmelia,caperata,Flavoparmelia caperata,,,H. Breuer,,,,08. April,1963,47.705563,9.196558,,Keep,"DEUTSCHLAND, Baden-Württemberg: Bodensee, Insel Mainau.",,,97422,,Parmelia caperata (L.) Ach.,GERMANY,,,,,,,,,,,,,,,,,,,,,,Flavoparmelia,caperata,,,,,,,,,,Flavoparmelia caperata,,,,PARMELIACEAE,LICHENES,"Baden-Württemberg: Bodensee, Insel Mainau.",
B 60 0146371,,Flavoparmelia,caperata,Flavoparmelia caperata,,,H. Breuer,,,,29. Juli,1963,50.598215,6.954622,,Keep,"DEUTSCHLAND, Nordrhein-Westfalen: Kr. Bonn, Rheinbach, Rheinbacher Stadtwald.",am Fuße von Quercus.,,97425,,Parmelia caperata (L.) Ach. f. subglauca (Nyl.) Harm.,GERMANY,,,,,5307,4,,,,,,,,,,,,,,,,Flavoparmelia,caperata,,,,,,,,,,Flavoparmelia caperata,,,,PARMELIACEAE,LICHENES,"Nordrhein-Westfalen: Kr. Bonn, Rheinbach, Rheinbacher Stadtwald.",
B 60 0146360,,Flavoparmelia,caperata,Flavoparmelia caperata,,,H. Breuer,,,,13. Juni,1970,50.609909,6.944885,,Keep,"DEUTSCHLAND, Nordrhein-Westfalen: Kr. Bonn, Rheinbach, Waldrand, Abt. 17. Alt. 290 m ü.M.","Epiphyt an Quercus petraea, am Fuß.",,97426,,Parmelia caperata (L.) Ach.,GERMANY,,,,,5307,4,,,,,,,,,,,,,,,,Flavoparmelia,caperata,,,,,,,,,,Flavoparmelia caperata,,,,PARMELIACEAE,LICHENES,"Nordrhein-Westfalen: Kr. Bonn, Rheinbach, Waldrand, Abt. 17. Alt. 290 m ü.M.",
B 60 0174180,,Flavoparmelia,caperata,Flavoparmelia caperata (L.) Hale,R. Düll,,J.-P. Frahm,,,,13. Okt.,1972,48.010066,7.831535,,Keep,"DEUTSCHLAND, Baden-Württemberg: Schwarzwald, Mooswald bei Freiburg.",an Quercus.,,115027,,Parmelia caperata (L.) Ach.,GERMANY,,,,,,,,,,,,,,,,,,,,,,Flavoparmelia,caperata,,,,,,,,,,Flavoparmelia caperata (L.) Hale,,,,PARMELIACEAE,LICHENES,"Baden-Württemberg: Schwarzwald, Mooswald bei Freiburg.",
,,Flavoparmelia,caperata,Flavoparmelia caperata (L.) Hale,H. Sipman,1991,H. Sipman,,25713,,17. sept.,1989,47.692,13.026685,,Keep,"GERMANY, BAYERN. Berchtesgaden, Marktschellenberg. Alt. 750 m. Along trail to Salzburger Hochthron, on Hochbartkogel. E-facing slope with remnants of old Fagus-forest, Picea and Abies.",,,38723,,,GERMANY,,,,,,,,,,,,,,,,,,,,,750 m,Flavoparmelia,caperata,,,,,,,,,,Flavoparmelia caperata (L.) Hale,,,,PARMELIACEAE,LICHENES,"BAYERN. Berchtesgaden, Marktschellenberg.",2183
B 60 0189086,,Flavoparmelia,caperata,Flavoparmelia caperata,K. Rux,2012,K. Rux,,,,10 Apr.,2012,52.473433,13.419516,"Strassenbahn does not see to go into Neukolln, so used intersection of Okerstrasse and Oderstrasse, about 5 blocks from the Leinestrasse transit stop (which is not Strassenbahn).",Keep,"GERMANY, Berlin: Neukölln, Okerstrasse, Strassenbahn.",On roadside Acer platanoides trunk in town.,,178258,,,GERMANY,,,,,,,,,13,E,52,N,"25,5","28,4",,,0,,,,,Flavoparmelia,caperata,,,,,,,,,,Flavoparmelia caperata,,,,PARMELIACEAE,LICHENES,"GERMANY, Berlin: Neukölln, Okerstrasse, Strassenbahn.",
B 60 0190113,,Flavoparmelia,caperata,Flavoparmelia caperata,H. Sipman,2012,H. Sipman & K. Rux,,60293,,13 Apr.,2012,52.382596,13.182764,,Keep,"GERMANY, Brandenburg: Stahnsdorf, Südwest-Kirchhof, S-side. Alt. 50 m.",On fallen branch in parkland.,,178254,,,GERMANY,,,,,,,,,13,E,52,N,"10,9","23,2",,,0,,,,50 m,Flavoparmelia,caperata,,,,,,,,,,Flavoparmelia caperata,,,,PARMELIACEAE,LICHENES,"Brandenburg: Stahnsdorf, Südwest-Kirchhof, S-side.",2183
B 60 0191353,,Flavoparmelia,caperata,Flavoparmelia caperata?,,,V. J. Grummann,,,,1964?,,,,,Drop,"DEUTSCHLAND, Berlin: Korkhaus Pfaueninsel? In in Zeitung dd. 19. Juni 1964)",On introduced cork plates.,,183745,,,GERMANY,,"Chrysothrix candelaris, Ramalina fastigiata, canariensis, lacera, Usnea sp.",,,,,,,13,E,52,N,"8,1","26,0",,,0,,,,,Flavoparmelia,caperata?,,,,,,,,,,Flavoparmelia caperata?,,,,PARMELIACEAE,LICHENES,"DEUTSCHLAND, Berlin: Korkhaus Pfaueninsel? In in Zeitung dd. 19. Juni 1964)",
B 60 0166853,,Graphis,elegans,Graphis elegans (Borr. ex Sm.) Ach.,,,,,,,,,,,,Drop,"DEUTSCHLAND: westlich Grossjörl, Flensburg.",,ex Follmann/B # 17893,107375,,,GERMANY,,,,,,,,,,,,,,,,,,,,,,Graphis,elegans,,,,,,,,,,Graphis elegans (Borr. ex Sm.) Ach.,,,,GRAPHIDACEAE,LICHENES,"westlich Grossjörl, Flensburg.",
,,Graphis,elegans,Graphis elegans (Sm.) Ach.,,,H. Sandstede,,,,,,,,,Drop,Oldenburgia: prope Dänikhorst.,ad corticem Ilicis.,,175468,,,GERMANY,,,Krypt. Exs. Vindob.,369,,,,,,,,,,,,,0,,,"Krypt. Exs. Vindob., Cent. IV, 1898, lich. dec. 10-12",,Graphis,elegans,,,,,,,,,,Graphis elegans (Sm.) Ach.,,,,GRAPHIDACEAE,LICHENES,Oldenburgia: prope Dänikhorst.,
B 60 0130505,,Halecania,viridescens,Halecania viridescens Coppins & P. James,H. Sipman,2005,H. Sipman,,53572,,6-May,2005,50.17665,6.6296,,Keep,"GERMANY, Rheinland-Pfalz, Kr. Daun: Dietzenley near Büscheich, wooded hill E of Birresborn. Alt. c. 600 m.",Scattered trees in forest on hilltop. On Acer platanoides young trunk.,,67756,,,GERMANY,,,,,5706,3,,,6,E,50,N,"37,4","13,3",,,,,,,c. 600 m,Halecania,viridescens,,,,,,,,,,Halecania viridescens Coppins & P. James,,,,CATILLARIACEAE,LICHENES,"Rheinland-Pfalz, Kr. Daun: Dietzenley near Büscheich, wooded hill E of Birresborn.",2183
B 60 0024635,,Hypotrachyna,afrorevoluta,Hypotrachyna afrorevoluta,P. Clerc,2014,Arnold,,,,Oct.,1880,47.752339,11.505027,,Keep,"DEUTSCHLAND, Bayern: [An Buchen in der Waldschlucht des Zwiesel ober dem Stallauer Weier bei Tölz, Oberbayern]",,,191534,,"Imbricaria revoluta Flk., det. Arnold",GERMANY,,,"Arnold, Lich. Exs.",137,,,,,,,,,,,,,0,,c,"Arnold, Lich. Exs.",,Imbricaria,sinuosa,,,,,,,,,,,,,,PHYSCIACEAE,LICHENES,,
B 60 0024653,,Hypotrachyna,afrorevoluta,Hypotrachyna afrorevoluta,P. Clerc,2014,Arnold,,,,Oct.,1880,47.752339,11.505027,,Keep,"DEUTSCHLAND, Bayern: [An Buchen in der Waldschlucht des Zwiesel ober dem Stallauer Weier bei Tölz, Oberbayern]",,,191535,,"Imbricaria revoluta Flk., det. Arnold",GERMANY,,,"Arnold, Lich. Exs.",137,,,,,,,,,,,,,0,,c,"Arnold, Lich. Exs.",,Imbricaria,sinuosa,,,,,,,,,,,,,,PHYSCIACEAE,LICHENES,,
B 60 0024636,,Hypotrachyna,afrorevoluta,Hypotrachyna afrorevoluta,P. Clerc,2014,Arnold,,,,21-May,1882,47.866213,12.01127,,Keep,"DEUTSCHLAND, Bayern: [Hochpangerfilz bei Aibling in Oberbayern]",An einigen jungen Fichten am Waldsaume.,,191533,,"Imbricaria revoluta (Flk.), det. Arnold",GERMANY,,,"Arnold, Lich. Exs.",221,,,,,,,,,,,,,0,,b,"Arnold, Lich. Exs.",,,,,,,,,,,,,,,,,,LICHENES,,
B 60 0024654,,Hypotrachyna,afrorevoluta,Hypotrachyna afrorevoluta,P. Clerc,2014,Sandstede,,,,Jan.,1892,53.18471,8.020932,put at Zchwishenahner Meer by Bad Zwischenahn along Oldenburger Str.,Keep,"DEUTSCHLAND, Niedersachsen: [Ohrwege bei Zwischenahn in Oldenburg]",An mittelgroßen Eichen in einem lichten Gehölze.,,148576,,Imbricaria revoluta Flk.,GERMANY,,,"Arnold, Lich. Exs.",1545,,,,,,,,,,,,,0,,,,,Imbricaria,revoluta,,,,,,,,,,Imbricaria revoluta Flk.,,,,PHYSCIACEAE,LICHENES,,
B 60 0077975,,Hypotrachyna,afrorevoluta,Hypotrachyna afrorevoluta,P. Clerc,2014,H. Sipman,,25714,,17. sept.,1989,47.692,13.026685,,Keep,"GERMANY, BAYERN. Berchtesgaden, Marktschellenberg.Along trail to Salzburger Hochthron, on Hochbartkogel. Alt. 750 m.","E-facing slope with remnants of old Fagus-forest, Picea and Abies.",,38724,,"Hypotrachyna revoluta (Flk.) Hale, det. H. Sipman 1991",GERMANY,"atranorin, gyrophoric",,,,,,,,,,,,,,,,,,,,750 m,Hypotrachyna,revoluta,,,,,,,,,,Hypotrachyna revoluta (Flk.) Hale,,,,PARMELIACEAE,LICHENES,"BAYERN. Berchtesgaden, Marktschellenberg.",2183
B 60 0024625,,Hypotrachyna,afrorevoluta,Hypotrachyna afrorevoluta,P. Clerc,2014,,,,,,,,,,Drop,Allgäuer Alpen.,,,150494,,"Parmelia revoluta, det. G. Lettau; Imbricaria sinuosa (Sm.)",GERMANY,,,"Britzelmayr, Lich. Exs.",611,,,,,,,,,,,,,0,,,,,Imbricaria,sinuosa,,,,,,,,,,Imbricaria sinuosa (Sm.),,,,PHYSCIACEAE,LICHENES,,
B 60 0141452,,Hypotrachyna,revoluta,Hypotrachyna revoluta,,,Saxen,,,,,1943,54.583333,9.433333,,Keep,"DEUTSCHLAND, Schleswig-Holstein: Steinholz bei Bollingstedt, an Esche.",Von Th. Müller im Juli 1963 erhalten.,,97452,,Parmelia revoluta Flörke,GERMANY,,,,,5407,2,,,,,,,,,,,,,,,,Hypotrachyna,revoluta,,,,,,,,,,Hypotrachyna revoluta,,,,PARMELIACEAE,LICHENES,"Schleswig-Holstein: Steinholz bei Bollingstedt, an Esche.",
B 60 0174577,,Hypotrachyna,revoluta,Hypotrachyna revoluta (Flörke) Hale,V. Wirth,,H. Reznik,,,,6-Apr,1961,48.653598,8.184886,,Keep,"GERMANY, Baden-Württemberg: Nordschwarzwald, Schönbrunn bei Neusatzeck.",S 619 A. auf Sorbus-Rinde.,,178777,,Parmelia revoluta Flk.,GERMANY,,Parmelia subaurifera Nyl.,,,,,,c.,8,E,48,N,11,39,,,0,,,,,Hypotrachyna,revoluta,,,,,,,,,,Hypotrachyna revoluta (Flörke) Hale,,,,PARMELIACEAE,LICHENES,"GERMANY, Baden-Württemberg: Nordschwarzwald, Schönbrunn bei Neusatzeck.",
,,Hypotrachyna,revoluta,Imbricaria revoluta Flk.,,,,,,,,,,,,Drop,,,GERMANY,,,"Arnold, Lich. Monac. Exs.",222,,,,,,,,,,,,,0,,,,,Imbricaria,revoluta,,,,,,,,,,Imbricaria revoluta Flk.,,,,PHYSCIACEAE,LICHENES,,,,,,
B 60 0159207,,Lecanographa,amylacea,Lecanactis amylacea (Ehrh.) Arnold,,,,,,,,,,,,Drop,"DEUTSCHLAND, Baden-Württemberg: Lorch an der Rems.",,ex Follmann/B # 17840,107403,,,GERMANY,,,,,,,,,,,,,,,,,,,,,,Lecanactis,amylacea,,,,,,,,,,Lecanactis amylacea (Ehrh.) Arnold,,,,ROCCELLACEAE,LICHENES,Baden-Württemberg: Lorch an der Rems.,
,,Lecanographa,viridescens,Lecanactis amylacea Ehrh.,,,,,,,,,,,,Drop,,,,148976,,,GERMANY,,,"Arnold, Lich. Monac. Exs.",126,,,,,,,,,,,,,0,,,,,Lecanactis,amylacea,,,,,,,,,,Lecanactis amylacea Ehrh.,,,,ROCCELLACEAE,LICHENES,,
B 60 0163218,,Lecanora,hybocarpa,Lecanora hybocarpa,H. Sipman,2009,G. Follmann,,,,9-Jul,1958,47.855399,7.929125,,Keep,"GERMANY, Baden-Württemberg: Sorbus aucuparia trees W above Todtnauberg. Alt. c. 1100 m.",,,108233,,,GERMANY,"atranorin, fatties.",,,,,,,,7,E,47,N,"56,0","51,1",,,,,,,c. 1100 m,Lecanora,hybocarpa,,,,,,,,,,Lecanora hybocarpa,,,,LECANORACEAE,LICHENES,Baden-Württemberg: Sorbus aucuparia trees W above Todtnauberg.,2183
B 60 0171726,,Lecanora,hybocarpa,Lecanora hybocarpa,H. Sipman,2009,G. Follmann,,,,9-Jul,1958,47.855399,7.929125,,Keep,"GERMANY, Baden-Württemberg: Sorbus aucuparia trees W above Todtnauberg. Alt. c. 1100 m.",,,108235,,,GERMANY,"atranorin, roccellic?",,,,,,,,7,E,47,N,"56,0","51,1",,,,,,,c. 1100 m,Lecanora,hybocarpa,,,,,,,,,,Lecanora hybocarpa,,,,LECANORACEAE,LICHENES,Baden-Württemberg: Sorbus aucuparia trees W above Todtnauberg.,2183
B 60 0123685,,Lecanora,hybocarpa,Lecanora hybocarpa (Tuck.) Brodo,H. Sipman,2001,H. Sipman,,47463,,11-Mar,2001,53.283333,11.983333,,Keep,"GERMANY, Brandenburg: Landkr. Prignitz, Krumbeck. Alt. c. 50 m.",On trunk of  Acer platanoides tree along road among arable fields.,,60915,,Lecanora chlarotera Nyl.,GERMANY,,,,,2737,2,,,,,,,,,,,,,,,c. 50 m,Lecanora,hybocarpa,,,,,,,,,,Lecanora hybocarpa (Tuck.) Brodo,,,,LECANORACEAE,LICHENES,"Brandenburg: Landkr. Prignitz, Krumbeck.",2183
B 60 0185651,,Melanohalea,elegantula,Melanohalea elegantula (Zahlbr.) O. Blanco et al.,H. Sipman,2010,"H. Sipman, P. & B. v.d. Boom",,58339,,30 Aug.,2010,52.43068,13.122508,,Keep,"GERMANY, Berlin: southern part of lake Wannsee, island Pfaueninsel. Alt. c. 40 m.",On tree in park.,med. C-.,122069,,,GERMANY,,Melanelixia fuliginosa ssp. glabratula (Lamy) J.R. Laundon (C+ red),,,,,,,13,E,52,N,"07,3","26,0",,,,,,,c. 40 m,Melanohalea,elegantula,,,,,,,,,,Melanohalea elegantula (Zahlbr.) O. Blanco et al.,,,,,,"Berlin: southern part of lake Wannsee, island Pfaueninsel.",2183
B 60 0141407,,Melanohalea,laciniatula,Melanelia laciniatula,,,H. Breuer,,,,13. Sept.,1963,50.360743,6.477831,,Keep,"DEUTSCHLAND, Nordrhein-Westfalen: Kr. Schleiden, Kronenburg, Hammerhütte, Kyllbrücke.",* die gehäuften Isidien sprechen für P. glabratula,,97538,,Parmelia laciniatula (Flag.) Zahlbr.,GERMANY,,Parmelia glabratula,,,,,,,,,,,,,,,,,,,,Melanelia,laciniatula,,,,,,,,,,Melanelia laciniatula,,,,PARMELIACEAE,LICHENES,"Nordrhein-Westfalen: Kr. Schleiden, Kronenburg, Hammerhütte, Kyllbrücke.",
B 60 0141408,,Melanohalea,laciniatula,Melanelia laciniatula,,,H. Breuer,,,,09. Sept.,1963,50.360852,6.48731,,Keep,"DEUTSCHLAND, Nordrhein-Westfalen: Kr. Schleiden, Kronenburg, Kyll-Tal. Alt. 460 m ü. M.",an Fraxinus.,,97537,,Parmelia laciniatula (Flag. ex Oliv.) Zahlbr.,GERMANY,,,,,,,,,,,,,,,,,,,,,460 m ü. M,Melanelia,laciniatula,,,,,,,,,,Melanelia laciniatula,,,,PARMELIACEAE,LICHENES,"Nordrhein-Westfalen: Kr. Schleiden, Kronenburg, Kyll-Tal.",
B 60 0187192,,Melanohalea,laciniatula,Melanelia laciniatula,H. Sipman,2011,Jörg GELBRECHT,,,,10-Jun,2011,52.415256,13.869495,,Keep,"DEUTSCHLAND, Brandenburg: Löcknitztal, c. 4 Km östl. von Erkner. Klein Wall. Alt. c. 40 m.",Picea twigs near the soil.,,137920,,,GERMANY,,Platismatia glauca,,,,,,,13,E,52,N,"53,1","25,2",,,0,,,,c. 40 m,Melanelia,laciniatula,,,,,,,,,,Melanelia laciniatula,,,,PARMELIACEAE,LICHENES,"Brandenburg: Löcknitztal, c. 4 Km östl. von Erkner. Klein Wall.",2183
,,Micarea,viridileprosa,Micarea viridileprosa,,,H. Sipman & P. van de Boom,,47628,,10 Feb.,2002,52.176299,13.938225,,Keep,"DEUTSCHLAND, Brandenburg, Kr. Beeskow: Bugk, ca. 8 km S of Storkow. E-shore of lake E of the village. Alt. ca. 50 m.",Pinus-dominated forest with swampy patches. On wet soil of tussock in swamp.,,61130,,,GERMANY,,,,,3852,2,,c.,14,E,53,N,0,0,,,,,,,ca. 50 m,Micarea,viridileprosa,,,,,,,,,,Micarea viridileprosa,,,,MICAREACEAE,LICHENES,"Brandenburg, Kr. Beeskow: Bugk, ca. 8 km S of Storkow. E-shore of lake E of the village.",
B 60 0148899,,Micarea,viridileprosa,Micarea viridileprosa,H. Sipman,2007,"H. Sipman, A. Aptroot & D. Heinrich",,55029,,24-Mar,2007,53.052289,13.81462,,Keep,"GERMANY, Brandenburg: Landkr. Uckermark. NSG Poratzer Moränenlandschaft. 2 km SE of Poratz. Alt. 80 m.","Forest on drained bog in depression. On decaying, fallen log.",th. C+ red.,99021,,,GERMANY,,,,,2948,2,,ca.,13,E,53,N,48,2,,,,,,,80 m,Micarea,viridileprosa,,,,,,,,,,Micarea viridileprosa,,,,MICAREACEAE,LICHENES,Brandenburg: Landkr. Uckermark. NSG Poratzer Moränenlandschaft. 2 km SE of Poratz.,2183
B 60 0188676,,Micarea,viridileprosa,Micarea viridileprosa,H. Sipman,2011,H. Sipman & D. Heinrich,,60281,,9 Nov.,2011,53.330917,13.365735,,Keep,"DEUTSCHLAND, Mecklenburg-Vorpommern: NSG Heilige Hallen, 3,5 km W Feldberg, S of road to Lychen. Alt. ca. 140 m.",An Baumteller in alter Fagus Wald auf Sandboden.,th. C+ red.,178238,,,GERMANY,,,,,,,,,13,E,53,N,"22,5","19,3",,,0,,,,ca. 140 m,Micarea,viridileprosa,,,,,,,,,,Micarea viridileprosa,,,,MICAREACEAE,LICHENES,"Mecklenburg-Vorpommern: NSG Heilige Hallen, 3,5 km W Feldberg, S of road to Lychen.",2183
,,Nephroma,laevigatum,Nephroma laevigatum Hoffm.,,,Fuisting?,,,,Juli,1860,50.701381,7.098416,,Keep,"[DEUTSCHLAND, Nordrhein-Westfalen:] Buchen..... des Venusberges bei Bonn.",,,1214,,,GERMANY,,,,,,,,,,,,,,,,,,,,,,Nephroma,laevigatum,,,,,,,,,,Nephroma laevigatum Hoffm.,,,,PELTIGERACEAE,LICHENES,"[DEUTSCHLAND, Nordrhein-Westfalen:] Buchen..... des Venusberges bei Bonn.",
,,Nephroma,laevigatum,Nephroma laevigatum Ach.,,,Beckhaus,,,,Dec.,1862,,,Heiligenberg is in far south and not near Hoxter,Drop,"[DEUTSCHLAND, Nordrhein-Westfalen:] Heiligenberg bei Höxter, an Dorngestrüpp.",,,1224,,,GERMANY,,,,,,,,,,,,,,,,,,,,,,Nephroma,laevigatum,,,,,,,,,,Nephroma laevigatum Ach.,,,,PELTIGERACEAE,LICHENES,"[DEUTSCHLAND, Nordrhein-Westfalen:] Heiligenberg bei Höxter, an Dorngestrüpp.",
,,Nephroma,laevigatum,Nephroma laevigatum Hoffm.,,,Beckhaus,,,,April,1863,51.775814,9.378885,,Keep,"[DEUTSCHLAND, Nordrhein-Westfalen:] Bei Höxter an Klippen des Solling über Rotheminde.",,,1213,,,GERMANY,,,,,,,,,,,,,,,,,,,,,,Nephroma,laevigatum,,,,,,,,,,Nephroma laevigatum Hoffm.,,,,PELTIGERACEAE,LICHENES,"[DEUTSCHLAND, Nordrhein-Westfalen:] Bei Höxter an Klippen des Solling über Rotheminde.",
,,Nephroma,laevigatum,Nephroma laevigatum Ach.,,,Horstik,,,,7. Mai,1894,48.008056,7.8325,,Keep,"(DEUTSCHLAND, Baden-Württemberg:) Freiburg (Breisgau). (ex Sammlung Julius Riemer)",,,3102,,,GERMANY,,,,,,,,,,,,,,,,,,,,,,Nephroma,laevigatum,,,,,,,,,,Nephroma laevigatum Ach.,,,,PELTIGERACEAE,LICHENES,"(DEUTSCHLAND, Baden-Württemberg:) Freiburg (Breisgau). (ex Sammlung Julius Riemer)",
,,Nephroma,laevigatum,Nephroma laevigatum,,,Th. Reinstein,,,,29 Aug.,1912,,,Cannot find Kehlthal near Oberhof,Drop,"DEUTSCHLAND, Thüringen: Thüringer Wald, Kehlthal (nahe Oberhof).",,,1998,,,GERMANY,,,,,,,,,,,,,,,,,,,,,,Nephroma,laevigatum,,,,,,,,,,Nephroma laevigatum,,,,PELTIGERACEAE,LICHENES,"Thüringen: Thüringer Wald, Kehlthal (nahe Oberhof).",
,,Opegrapha,ochrocheila,Opegrapha ochrocheila,,,V. J. Grummann,,1354,,24-May,1929,54.587813,13.109848,,Keep,"DEUTSCHLAND, Mecklenburg-Vorpommern: Insel Hiddensee bei Rügen, Kloster.",Kopfweide.,,117698,,Opegrapha rubescens Sandst.,GERMANY,,,,,,,,c.,13,E,54,N,7,35,,,,,,,,Opegrapha,ochrocheila,,,,,,,,,,Opegrapha ochrocheila,,,,ROCCELLACEAE,LICHENES,"Mecklenburg-Vorpommern: Insel Hiddensee bei Rügen, Kloster.",
,,Opegrapha,ochrocheila,Opegrapha ochrocheila,R. Cezanne,1998,O. Behr,,3536,,21. Apr.,1949,49.39669,9.064411,,Keep,"DEUTSCHLAND, BADEN. Krs. Mosbach-Odenwald: Neckargerach, Minneburg. Alt. 130 m.","Feuchte, schattige Sandsteinfelsen.",,22996,,"Opegrapha chevallieri Lght., det. Klement",GERMANY,,,,,,,,,,,,,,,,,,,,,130 m,Opegrapha,ochrocheila,,,,,,,,,,Opegrapha ochrocheila,,,,ROCCELLACEAE,LICHENES,"BADEN. Krs. Mosbach-Odenwald: Neckargerach, Minneburg.",
,,Opegrapha,ochrocheila,Opegrapha ochrocheila Nyl.,R. Cezanne,1997,O. Behr,,3536,,21. Apr.,1949,49.39669,9.064411,,Keep,"DEUTSCHLAND, BADEN, Kr. Mosbach-Odenwald: Neckargerach: Minneburg. Alt. 130 m.","Feuchte, schattige Sandsteinfelsen.",,22997,,"Opegrapha saxatilis DC., det. Behr",GERMANY,,,,,,,,,,,,,,,,,,,,,130 m,Opegrapha,ochrocheila,,,,,,,,,,Opegrapha ochrocheila Nyl.,,,,ROCCELLACEAE,LICHENES,"BADEN, Kr. Mosbach-Odenwald: Neckargerach: Minneburg.",
B 60 0141053,,Opegrapha,ochrocheila,Opegrapha ochrocheila Nyl.,H. Sipman,2006,H. Sipman & D. Heinrich,,54625,,10. Juni,2006,53.284279,13.757626,,Keep,"DEUTSCHLAND, Brandenburg: Kr. Uckermark, NE of Templin. NSG Stromtal bei Gollmitz.
NSG Stromtal near Gollmitz. Alt. 55 m.",Deciduous forest on valley slope. On old Carpinus trunk.,,85846,,,GERMANY,,,,,,,,,13,E,53,N,"43,4","17,5",,,,,,,55 m,Opegrapha,ochrocheila,,,,,,,,,,Opegrapha ochrocheila Nyl.,,,,ROCCELLACEAE,LICHENES,"Brandenburg: Kr. Uckermark, NE of Templin. NSG Stromtal bei Gollmitz.
NSG Stromtal near Gollmitz.",2183
B 60 0190884,,Opegrapha,ochrocheila,Opegrapha ochrocheila,H. Sipman,2013,H. Sipman & D. Heinrich,,60571,,9-May,2013,53.257108,13.249893,,Keep,"GERMANY, Brandenburg: Uckermark, E-shore of lake Brückentinsee, NW of Rutenberg N of Lychen. Alt. 70 m.","Fagus-forest on W-facing slope. On base of Fraxinus trunk on lakeshore, near and facing  the water.",,183873,,,GERMANY,,,,,,,,,13,E,53,N,"15,2","15,6",,,0,,,,70 m,Opegrapha,ochrocheila,,,,,,,,,,Opegrapha ochrocheila,,,,ROCCELLACEAE,LICHENES,"Brandenburg: Uckermark, E-shore of lake Brückentinsee, NW of Rutenberg N of Lychen.",2183
,,Opegrapha,vermicellifera,Opegrapha vermicellifera (Kunze) J.R. Laundon,,,V. J. Grummann,,1181,,4-Jul,1929,47.636222,7.678033,,Keep,"DEUTSCHLAND, Baden-Württemberg: Haagen bei Lörrach, Röttler Wald.",Quercus.,,118852,,Opegrapha fuscella (Fr.) Almb.; Opegrapha hapaleoides Nyl.,GERMANY,,,,,,,,,7,E,47,N,"40,3",38,,,,,,,,Opegrapha,vermicellifera,,,,,,,,,,Opegrapha vermicellifera (Kunze) J.R. Laundon,,,,ROCCELLACEAE,LICHENES,"Baden-Württemberg: Haagen bei Lörrach, Röttler Wald.",
,,Opegrapha,vermicellifera,Opegrapha vermicellifera (Kunze) J.R. Laundon,,,V. J. Grummann,,1182,,4-Jul,1929,47.636222,7.678033,,Keep,"DEUTSCHLAND, Baden-Württemberg: Haagen bei Lörrach, Röttler Wald.",Quercus.,,118853,,Opegrapha fuscella (Fr.) Almb.; Opegrapha hapaleoides Nyl.,GERMANY,,,,,,,,,7,E,47,N,"40,3",38,,,,,,,,Opegrapha,vermicellifera,,,,,,,,,,Opegrapha vermicellifera (Kunze) J.R. Laundon,,,,ROCCELLACEAE,LICHENES,"Baden-Württemberg: Haagen bei Lörrach, Röttler Wald.",
,,Opegrapha,vermicellifera,Opegrapha vermicellifera (Kunze) J.R. Laundon,,,V. J. Grummann,,2186,,30-Jun,1936,54.234335,12.224164,,Keep,"DEUTSCHLAND, Mecklenburg-Vorpommern: Rostocker Heide westlich Graal.",alte Eiche.,,118671,,Opegrapha fuscella (Fr.) Almb.; Opegrapha hapaleoides Nyl.,GERMANY,,,,,,,,c.,12,E,54,N,14,12,,,,,,,,Opegrapha,vermicellifera,,,,,,,,,,Opegrapha vermicellifera (Kunze) J.R. Laundon,,,,ROCCELLACEAE,LICHENES,Mecklenburg-Vorpommern: Rostocker Heide westlich Graal.,
B 60 0174958,,Opegrapha,vermicellifera,Opegrapha vermicellifera,,,H. Breuer,,,,08. April,1961,47.705563,9.196558,,Keep,"DEUTSCHLAND, Baden-Württemberg: Bodensee, Insel Mainau.",,,123438,,"Opegrapha fuscella (Fr.) Alm, Opegrapha hapaleoides Nyl.",GERMANY,,,,,,,,,,,,,,,,,,,,,,Opegrapha,vermicellifera,,,,,,,,,,Opegrapha vermicellifera,,,,ROCCELLACEAE,LICHENES,"Baden-Württemberg: Bodensee, Insel Mainau.",
,,Opegrapha,vermicellifera,Opegrapha vermicellifera (Kunze) J.R. Laundon,H. Sipman,1991,H. Sipman,,25625,,15. sept.,1989,47.67829,12.819813,,Keep,"GERMANY, BAYERN. Berchtesgaden. Unterjettenberg. Alt. 550 m. Near margin of old deciduous forest on mountain slope with pasturefields.",,,38638,,,GERMANY,,,,,,,,,,,,,,,,,,,,,550 m,Opegrapha,vermicellifera,,,,,,,,,,Opegrapha vermicellifera (Kunze) J.R. Laundon,,,,ROCCELLACEAE,LICHENES,BAYERN. Berchtesgaden. Unterjettenberg.,2183
,,Opegrapha,vermicellifera,Opegrapha vermicellifera (Kunze) J.R. Laundon,H. Sipman,1997,H. Sipman,,42460,,23 Nov.,1997,53.266548,13.621052,near Ruin of Boitzenburg monastery,Keep,"GERMANY, Brandenburg: Uckermark, Boitzenburg: Tiergarten, around and E of medieval monastery ruins.",Open woodland with old trees. On trunk of old Carpinus near the ruins.,,54859,,,GERMANY,,,,,2847,2,,,,,,,,,,,,,,,,Opegrapha,vermicellifera,,,,,,,,,,Opegrapha vermicellifera (Kunze) J.R. Laundon,,,,ROCCELLACEAE,LICHENES,"GERMANY, Brandenburg: Uckermark, Boitzenburg: Tiergarten, around and E of medieval monastery ruins.",2183
,,Opegrapha,vermicellifera,Opegrapha vermicellifera (Kunze) J.R. Laundon,H. Sipman,2001,H. Sipman,,47491,,24-Apr,2001,53.209189,13.640471,,Keep,"GERMANY, Brandenburg, Landkr. Uckermark. Forested island on S-side of Kuhzer See, N. of Mittenwalde. Alt. c. 75 m.",On Ulmus treebase on W-facing bank along lakeshore.,,60949,,,GERMANY,,,,,2747,4,,,,,,,,,,,,,,,c. 75 m,Opegrapha,vermicellifera,,,,,,,,,,Opegrapha vermicellifera (Kunze) J.R. Laundon,,,,ROCCELLACEAE,LICHENES,"Brandenburg, Landkr. Uckermark. Forested island on S-side of Kuhzer See, N. of Mittenwalde.",2183
,,Opegrapha,vermicellifera,Opegrapha vermicellifera (Kunze) J.R. Laundon,H. Sipman,2001,H. Sipman,,47516,,24-Apr,2001,53.157172,13.844849,used Landhotel Gut Suckow,Keep,"GERMANY, Brandenburg, Landkr. Uckermark. Suckow, former estate. Alt. c. 50 m.","Former estate park, near houses. On Acer platanoides treetrunk in deciduous forest.",,60975,,,GERMANY,,,,,2849,1,,,,,,,,,,,,,,,c. 50 m,Opegrapha,vermicellifera,,,,,,,,,,Opegrapha vermicellifera (Kunze) J.R. Laundon,,,,ROCCELLACEAE,LICHENES,"Brandenburg, Landkr. Uckermark. Suckow, former estate.",2183
B 60 0163612,,Opegrapha,vermicellifera,Opegrapha vermicellifera,H. Sipman,2008,H. Sipman,,56908,,4-Apr,2008,53.411724,9.015511,,Keep,"DEUTSCHLAND, Niedersachsen: Landkr. Landkreis Rotenburg (Wümme). Osterwede, Brillitermoor. MTB 2520/3B2. Elev. 5 m.",On trunk of old Quercus tree in grassland near farm.,,103343,,,GERMANY,,,,,,,,,9,E,53,N,"01,5","25,1",,,,,,,5 m,Opegrapha,vermicellifera,,,,,,,,,,Opegrapha vermicellifera,,,,ROCCELLACEAE,LICHENES,"Niedersachsen: Landkr. Landkreis Rotenburg (Wümme). Osterwede, Brillitermoor. MTB 2520/3B2.",2183
,,Parmelia,submontana,Parmelia submontana,,,O. Behr,,10192,,1. Okt.,1956,49.566111,8.937222,,Keep,"DEUTSCHLAND, HESSEN. Krs. Erbach-Odenwald. Falkengesäß. Alt. 400 m.",Wege-Fraxinus.,,25629,,,GERMANY,,Parmelia sulcata,,,,,,,,,,,,,,,,,,,400 m,Parmelia,submontana,,,,,,,,,,Parmelia submontana,,,,PARMELIACEAE,LICHENES,HESSEN. Krs. Erbach-Odenwald. Falkengesäß.,
B 60 0190372,,Parmelia,submontana,Parmelia submontana Nádv.,H. Sipman,2012,H. Reznik,,,,Feb.,1960,48.642409,8.181628,Placed between Wittig Parkplatz and Omerskopf,Keep,"GERMANY, Baden-Württemberg: Nordschwarzwald, between Wittig and Omerskopf near Unterstmatt.","On old, isolated Fagus tree.",,179341,,,GERMANY,,,,,,,,c.,8,E,48,N,"10,5",38,,,0,,,,,Parmelia,submontana,,,,,,,,,,Parmelia submontana Nádv.,,,,PARMELIACEAE,LICHENES,"GERMANY, Baden-Württemberg: Nordschwarzwald, between Wittig and Omerskopf near Unterstmatt.",2183
B 60 0033509,NEOTYPE,Parmelina,quercina,Parmelina quercina (Willd.) Hale,A. Crespo,2006,J. Hillmann in herb. V. J. Grummann,,3803,,14-Jul,1926,47.863391,8.064515,,Keep,"DEUTSCHLAND, Baden-Württemberg: Schwarzwald, Fahrstrasse zwischen dem Jugendheim (nahe dem Feldberger Hof) und Bärental. Alt. ca. 1050 m.",An Eberesche.,Hb. Grummann 3717,116042,,Parmelia quercina (Willd.) Vain.; Parmelia tiliacea (Hoffm.) Ach.,GERMANY,,,,,,,,,,,,,,,,,,,,,ca. 1050 m,Parmelina,quercina,,,,,,,,,,Parmelina quercina (Willd.) Hale,,,NEO,PARMELIACEAE,LICHENES,"Baden-Württemberg: Schwarzwald, Fahrstrasse zwischen dem Jugendheim (nahe dem Feldberger Hof) und Bärental.",
,,Parmelina,quercina,Parmelina quercina (Willd.) Hale,,,J. Hillmann in herb. V. J. Grummann,,3713,,30-Jul,1935,47.49053,10.388048,Put between Bad Oberdorf and Hinterstein,Keep,"DEUTSCHLAND, Bayern: Allgäu, Fussweg Hinterstein-Bad Oberdorf.",,,118639,,Parmelia quercina (Willd.) Vain.; Parmelia tiliacea (Hoffm.) Ach.,GERMANY,,,,,,,,c.,10,E,47,N,22,30,,,,,,,,Parmelina,quercina,,,,,,,,,,Parmelina quercina (Willd.) Hale,,,,PARMELIACEAE,LICHENES,"Bayern: Allgäu, Fussweg Hinterstein-Bad Oberdorf.",
,,Parmelina,quercina,Parmelina quercina (Willd.) Hale,,,J. Hillmann in herb. V. J. Grummann,,3714,,4-Jul,1935,47.516667,10.283333,,Keep,"DEUTSCHLAND, Bayern: Allgäu, Sonthofen.",Tilia.,,118862,,Parmelia quercina (Willd.) Vain.; Parmelia tiliacea (Hoffm.) Ach.,GERMANY,,,,,,,,,,,,,,,,,,,,,,Parmelina,quercina,,,,,,,,,,Parmelina quercina (Willd.) Hale,,,,PARMELIACEAE,LICHENES,"Bayern: Allgäu, Sonthofen.",
,,Parmelina,quercina,Parmelina quercina (Willd.) Hale,,,V. J. Grummann,,5044,,1 Aug.,1956,50.193278,6.44422,,Keep,"DEUTSCHLAND: Eifel, Kr. Prüm, Rommersheim.",Acer pseudoplatanus.,,115579,,Parmelia quercina (Willd.) Vain.; Parmelia tiliacea (Hoffm.) Ach.,GERMANY,,,,,,,,,6,E,50,N,26,12,,,,,,,,Parmelina,quercina,,,,,,,,,,Parmelina quercina (Willd.) Hale,,,,PARMELIACEAE,LICHENES,"Eifel, Kr. Prüm, Rommersheim.",
,,Parmotrema,perlatum,Parmotrema perlatum (Huds.) M. Choisy,,,V. J. Grummann,,1236,,4-Jul,1929,47.636222,7.678033,,Keep,"DEUTSCHLAND, Baden-Württemberg: Haagen bei Lörrach, Röttler Wald.",Quercus.,,118854,,Parmelia trichotera Hue,GERMANY,,,,,,,,,7,E,47,N,"40,3",38,,,,,,,,Parmotrema,perlatum,,,,,,,,,,Parmotrema perlatum (Huds.) M. Choisy,,,,PARMELIACEAE,LICHENES,"Baden-Württemberg: Haagen bei Lörrach, Röttler Wald.",
B 60 0190784,,Parmotrema,perlatum,Parmotrema perlatum (Huds.) M. Choisy,O. Klement,,H. Reznik,,,,28 Nov.,1960,48.735182,8.389004,placed a little north of Reichental,Keep,"GERMANY, Baden-Württemberg: Nordschwarzwald, above Reichental.",S-facing boulder field of Buntsandstein quartzite.,,179383,,"Parmeliaarnoldii, Parmelia perlata",GERMANY,,,,,,,,c.,8,E,48,N,23,44,,,0,,,,,Parmotrema,perlatum,,,,,,,,,,Parmotrema perlatum (Huds.) M. Choisy,,,,PARMELIACEAE,LICHENES,"GERMANY, Baden-Württemberg: Nordschwarzwald, above Reichental.",
B 60 0190612,,Parmotrema,perlatum,Parmotrema perlatum (Huds.) M. Choisy,,,H. Reznik,,,,Oct.,1961,49.54795,8.973013,,Keep,"GERMANY, Baden-Württemberg: Nordbaden, Odenwald, Gammelsbachtal valley between Beerfelden and Gammelsbach.",On Acer pseudoplatanus tree.,,179385,,Parmelia trichotera,GERMANY,,,,,,,,,8,E,49,N,58,32,,,0,,,,,Parmotrema,perlatum,,,,,,,,,,Parmotrema perlatum (Huds.) M. Choisy,,,,PARMELIACEAE,LICHENES,"GERMANY, Baden-Württemberg: Nordbaden, Odenwald, Gammelsbachtal valley between Beerfelden and Gammelsbach.",
B 60 0190617,,Parmotrema,perlatum,Parmotrema perlatum (Huds.) M. Choisy,,,H. Reznik,,,,Oct.,1961,49.54795,8.973013,,Keep,"GERMANY, Baden-Württemberg: Nordbaden, Odenwald, Gammelsbachtal valley between Beerfelden and Gammelsbach.",On Acer pseudoplatanus tree.,,179386,,Parmelia cetrarioides,GERMANY,,,,,,,,,8,E,49,N,58,32,,,0,,,,,Parmotrema,perlatum,,,,,,,,,,Parmotrema perlatum (Huds.) M. Choisy,,,,PARMELIACEAE,LICHENES,"GERMANY, Baden-Württemberg: Nordbaden, Odenwald, Gammelsbachtal valley between Beerfelden and Gammelsbach.",
B 60 0174247,,Parmotrema,perlatum,Parmotrema perlatum,I. Franzen,,I. Franzen,,,,19. April,2001,51.092065,7.079371,,Keep,"DEUTSCHLAND, Nordrhein-Westfalen: Burscheid-Nagelsbaum, Rheinisch-Bergischer Kreis. Elev. 150 m, Rechtswert: 2575429, Hochwert: 5662286.","Trägerbaum: Acer platanoides, Baum Nr. 49087.",,114925,,Parmotrema chinense,GERMANY,,,,,4908,1,,,,,,,,,,,,,,,"150 m, Rechtswert: 2575429, Hochwert: 5662286",Parmotrema,perlatum,,,,,,,,,,Parmotrema perlatum,,,,PARMELIACEAE,LICHENES,"Nordrhein-Westfalen: Burscheid-Nagelsbaum, Rheinisch-Bergischer Kreis.",
B 60 0189095,,Parmotrema,perlatum,Parmotrema perlatum,H. Sipman,2012,H. Sipman & K. Rux,,60292,,13 Apr.,2012,52.389144,13.18896,,Keep,"GERMANY, Brandenburg: Stahnsdorf, Südwest-Kirchhof, main entrance road. Alt. 50 m.",On trunk of mature tree in parkland.,,178256,,,GERMANY,,,,,,,,,13,E,52,N,"11,2","23,3",,,0,,,,50 m,Parmotrema,perlatum,,,,,,,,,,Parmotrema perlatum,,,,PARMELIACEAE,LICHENES,"Brandenburg: Stahnsdorf, Südwest-Kirchhof, main entrance road.",2183
,,Pertusaria,hymenea,Pertusaria hymenea (Ach.) Schaer.,H. Sipman,1991,H. Sipman,,25729,,17. sept.,1989,47.690498,13.021707,,Keep,"GERMANY, BAYERN. Berchtesgaden, Marktschellenberg. Alt. 950 m. Along trail to Salzburger Hochthron, on Hochbartkogel. E-facing slope with remnants of old Fagus/Acer-forest, Picea and Abies. On Acer.",,,38741,,,GERMANY,,,,,,,,,,,,,,,,,,,,,950 m,Pertusaria,hymenea,,,,,,,,,,Pertusaria hymenea (Ach.) Schaer.,,,,PERTUSARIACEAE,LICHENES,"BAYERN. Berchtesgaden, Marktschellenberg.",2183
,,Pertusaria,hymenea,Pertusaria hymenaea,H. Sipman,2008,H. Sipman,,,,4-Apr,2008,53.42196,9.005089,,Keep,"DEUTSCHLAND, Niedersachsen: Landkr. Landkreis Rotenburg (Wümme). Franzhorn forest N of Brillit, Naturwald area. MTB 2520/3B1. Elev. 20-40 m","On Carpinus trunk in deciduous, mature, humid forest on loamy soil.",,103362,,,GERMANY,,,,,,,,,9,E,53,N,0,25,,,,,,,20-40 m,Pertusaria,hymenaea,,,,,,,,,,Pertusaria hymenaea,,,,PERTUSARIACEAE,LICHENES,"Niedersachsen: Landkr. Landkreis Rotenburg (Wümme). Franzhorn forest N of Brillit, Naturwald area. MTB 2520/3B1.",2183
B 60 0163632,,Phaeographis,inusta,Phaeographis inusta,H. Sipman,2008,H. Sipman,,56928,,4-Apr,2008,53.42196,9.005089,,Keep,"DEUTSCHLAND, Niedersachsen: Landkr. Landkreis Rotenburg (Wümme). Franzhorn forest N of Brillit, Naturwald area. MTB 2520/3B1. Elev. 20-40 m","On Carpinus trunk in deciduous, mature, humid forest on loamy soil.",,103363,,,GERMANY,,,,,,,,,9,E,53,N,0,25,,,,,,,20-40 m,Phaeographis,inusta,,,,,,,,,,Phaeographis inusta,,,,GRAPHIDACEAE,LICHENES,"Niedersachsen: Landkr. Landkreis Rotenburg (Wümme). Franzhorn forest N of Brillit, Naturwald area. MTB 2520/3B1.",2183
B 60 0163635,,Phaeographis,inusta,Phaeographis inusta,H. Sipman,2008,H. Sipman,,56936,,5-Apr,2008,53.421505,9.49653,,Keep,"DEUTSCHLAND, Niedersachsen: Landkr. Stade. Braken NSG & FFH, S of Harsefeld. MTB 2522/4B5. Elev. 50 m.","On Carpinus trunk in humid deciduous, mature forest on loamy soil.",,103371,,,GERMANY,,,,,,,,,9,E,53,N,29,25,,,,,,,50 m,Phaeographis,inusta,,,,,,,,,,Phaeographis inusta,,,,GRAPHIDACEAE,LICHENES,"Niedersachsen: Landkr. Stade. Braken NSG & FFH, S of Harsefeld. MTB 2522/4B5.",2183
,,Porina,leptalea,Porina leptalea (Durieu & Mont.) A.L. Sm.,R. Cezanne,1998,O. Behr,,7612,,6. Okt.,1953,49.863291,9.341387,Used Dammbach,Keep,"DEUTSCHLAND, BADEN. Spessart. Dammbachtal: feuchter Laubwald. Alt. 250 m.",Fagus.,,24109,,"Porina lectissima A. L. Sm., det. Behr; Porina cf. carpinea Pers., det. Klement",GERMANY,,"Pertusaria henrici (Harm.) Erichs. var, granosa Erichs., det. Klement",,,,,,,,,,,,,,,,,,,250 m,Porina,leptalea,,,,,,,,,,Porina leptalea (Durieu & Mont.) A.L. Sm.,,,,TRICHOTHELIACEAE,LICHENES,BADEN. Spessart. Dammbachtal: feuchter Laubwald.,
,,Porina,leptalea,Porina leptalea,H. Sipman,2008,H. Sipman,,,,4-Apr,2008,53.42196,9.005089,,Keep,"DEUTSCHLAND, Niedersachsen: Landkr. Landkreis Rotenburg (Wümme). Franzhorn forest N of Brillit, Naturwald area. MTB 2520/3B1. Elev. 20-40 m","On Carpinus trunk in deciduous, mature, humid forest on loamy soil.",,103361,,,GERMANY,,,,,,,,,9,E,53,N,0,25,,,,,,,20-40 m,Porina,leptalea,,,,,,,,,,Porina leptalea,,,,TRICHOTHELIACEAE,LICHENES,"Niedersachsen: Landkr. Landkreis Rotenburg (Wümme). Franzhorn forest N of Brillit, Naturwald area. MTB 2520/3B1.",2183
B 60 0163636,,Porina,leptalea,Porina leptalea,H. Sipman,2008,H. Sipman,,56938,,5-Apr,2008,53.421505,9.49653,,Keep,"DEUTSCHLAND, Niedersachsen: Landkr. Stade. Braken NSG & FFH, S of Harsefeld. MTB 2522/4B5. Elev. 50 m.","On Carpinus trunk in humid deciduous, mature forest on loamy soil.",,103373,,,GERMANY,,,,,,,,,9,E,53,N,29,25,,,,,,,50 m,Porina,leptalea,,,,,,,,,,Porina leptalea,,,,TRICHOTHELIACEAE,LICHENES,"Niedersachsen: Landkr. Stade. Braken NSG & FFH, S of Harsefeld. MTB 2522/4B5.",2183
B 60 0024631,,Punctelia,jeckeri,Punctelia jeckeri,P. Clerc,2014,Th. Müller in herb. V. J. Grummann,,4713,,26 Apr.,1951,50.758308,6.777534,,Keep,"DEUTSCHLAND, Nordrhein-Westfalen: Kreis Euskirchen, Friesheim.",Quercus robur.,,117991,,Parmelia revoluta (Flot.) Flk.,GERMANY,,,,,,,,,6,E,50,N,46,45,,,,,,,,Hypotrachyna,revoluta,,,,,,,,,,Hypotrachyna revoluta (Flot.),,,,PARMELIACEAE,LICHENES,"Rheinland, Friesheim.",
B 60 0024662,,Punctelia,jeckeri,Punctelia jeckeri,P. Clerc,2014,Th. Müller,,,,26 Apr.,1951,50.741718,6.826503,,Keep,"DEUTSCHLAND, Nordrhein-Westfalen: Kreis Euskirchen, Klein Vernich.","Wald, Quercus, häufig.",,191538,,Parmelia revoluta (Flot.) Flk.,GERMANY,,,,,,,,,6,E,50,N,46,45,,,0,,,,,Hypotrachyna,revoluta,,,,,,,,,,,,,,PARMELIACEAE,LICHENES,"Rheinland, Friesheim.",
B 60 0176549,,Punctelia,jeckeri,Punctelia jeckeri,H. Sipman,2009,H. Sipman,,58267,,18 Oct.,2009,51.916936,14.491847,,Keep,"DEUTSCHLAND, Brandenburg: Landkreis Spree-Neisse, c. 2.5 km NE of Tauer along road to Bärenklau, near Krolls Lauch. Alt. 80 m.",Dwarfed Betula shrubs along forest track on sandy plain.,med. C+ red.,120972,,,GERMANY,,,,,,,,,14,E,51,N,"31,9","55,6",,,,,,,80 m,Punctelia,jeckeri,,,,,,,,,,Punctelia jeckeri,,,,PARMELIACEAE,LICHENES,"Brandenburg: Landkreis Spree-Neisse, c. 2.5 km NE of Tauer along road to Bärenklau, near Krolls Lauch.",2183
B 60 0199301,,Punctelia,jeckeri,Punctelia jeckeri (Roumeguère) Kalb,Walter Obermayer,,Walter Obermayer,,13202,,9-Aug,2014,47.777771,10.645779,,Keep,"GERMANY, Bayern (=Bavaria), Schwaben (=Swabia), Alpenvorland, 2.2 km east of the centre of Marktoberdorf. Alt. 770 m.","Edge of a forest, on bark of Picea abies (west-exposed).",,193561,,,GERMANY,,,"Obermayer, Lichenotheca Graecensis",436,,,,,10,E,47,N,"388,392","468,625",,,0,,,Fasc. 22 (No. 421-440),,,,,,,,,,,,0,,,,,,,,0
,,Punctelia,subrudecta,Punctelia subrudecta (Nyl.) Krog,,,V. J. Grummann,,1159,,4-Jul,1929,47.636222,7.678033,,Keep,"DEUTSCHLAND, Baden-Württemberg: Haagen bei Lörrach, Röttler Wald.",Nussbaum.,,118851,,Parmelia dubia (Wulf.) Schaer.,GERMANY,,,,,,,,,7,E,47,N,"40,3",38,,,,,,,,Punctelia,subrudecta,,,,,,,,,,Punctelia subrudecta (Nyl.) Krog,,,,PARMELIACEAE,LICHENES,"Baden-Württemberg: Haagen bei Lörrach, Röttler Wald.",
B 60 0141433,,Punctelia,subrudecta,Punctelia subrudecta,,,Th. Müller,,143,,17. April,1957,49.925605,6.45652,In GBIF Senckenberg but without collector but from same date,Drop,"DEUTSCHLAND, Rheinland-Pfalz: Kr. Bitburg, Dockendorf, an Pyrus malus.",,,97687,,Parmelia dubia (Wulf.) Schaer.,GERMANY,,,,,,,,,,,,,,,,,,,,,,Punctelia,subrudecta,,,,,,,,,,Punctelia subrudecta,,,,PARMELIACEAE,LICHENES,"Rheinland-Pfalz: Kr. Bitburg, Dockendorf, an Pyrus malus.",
B 60 0141434,,Punctelia,subrudecta,Punctelia subrudecta,,,H. Breuer,,143,,März,1958,49.855731,6.444977,,Keep,"DEUTSCHLAND, Rheinland-Pfalz: Kr. Bitburg, Irrel, Wasserfälle.",,,97686,,Parmelia dubia (Wulf.) Schaer.,GERMANY,,,,,6104,,,,,,,,,,,,,,,,,Punctelia,subrudecta,,,,,,,,,,Punctelia subrudecta,,,,PARMELIACEAE,LICHENES,"Rheinland-Pfalz: Kr. Bitburg, Irrel, Wasserfälle.",
B 60 0174499,,Punctelia,subrudecta,Punctelia subrudecta (Nyl.) Krog,,,H. Reznik,,,,Mai  .,1959,49.276059,8.564595,,Keep,"GERMANY, Baden-Württemberg: Nordbaden, Oberrhein-Ebene, Quercus im Kiefernwald südlich Reilingen.",K 9.,,178712,,"Parmelia dubia, Parmelia borreri",GERMANY,,,,,,,,,8,E,49,N,33,18,,,0,,,,,Punctelia,subrudecta,,,,,,,,,,Punctelia subrudecta (Nyl.) Krog,,,,PARMELIACEAE,LICHENES,"GERMANY, Baden-Württemberg: Nordbaden, Oberrhein-Ebene, Quercus im Kiefernwald südlich Reilingen.",
B 60 0174593,,Punctelia,subrudecta,Punctelia subrudecta (Nyl.) Krog,,,H. Reznik,,,,2. Okt.,1960,49.283333,8.533333,,Keep,"GERMANY, Baden-Württemberg: Nordbaden, Hubwald near Neu-Lussheim.",auf Pinus und Quercus.,,178700,,"Parmelia dubia (Wulf) Schaer., Parmelia borreri Ach.",GERMANY,,,,,,,,c.,8,E,49,N,32,17,,,0,,,,,Punctelia,subrudecta,,,,,,,,,,Punctelia subrudecta (Nyl.) Krog,,,,PARMELIACEAE,LICHENES,"GERMANY, Baden-Württemberg: Nordbaden, Hubwald near Neu-Lussheim.",
B 60 0174500,,Punctelia,subrudecta,Punctelia subrudecta (Nyl.) Krog,,,H. Reznik,,,,07. Febr.,1960,49.448729,8.672248,Used Dossenheim,Keep,"GERMANY, Baden-Württemberg: Nordbaden, Odenwald - Bergstraße, Kirchberg bei Dossenheim, Eichen auf dem Gipfelplateau. Alt. 320 m.",,,178727,,"Parmelia dubia, Parmelia borreri, rev. O. Klement",GERMANY,,,,,,,,c.,8,E,49,N,42,27,,,0,,,,320 m,Punctelia,subrudecta,,,,,,,,,,Punctelia subrudecta (Nyl.) Krog,,,,PARMELIACEAE,LICHENES,"Baden-Württemberg: Nordbaden, Odenwald - Bergstraße, Kirchberg bei Dossenheim, Eichen auf dem Gipfelplateau.",
B 60 0174497,,Punctelia,subrudecta,Punctelia subrudecta (Nyl.) Krog,H. Reznik,,P. Martens,,,,24. Febr.,1960,49.442806,8.752367,,Keep,"GERMANY, Baden-Württemberg: Nordbaden, Odenwald, Peterstal bei Heidelberg.",auf Apfelbäumen.,,178709,,"Parmelia dubia (Wulf) Schaer. var. ulophylla, Parmelia borreri Ach.",GERMANY,,,,,,,,c.,8,E,49,N,45,26,,,0,,,,,Punctelia,subrudecta,,,,,,,,,,Punctelia subrudecta (Nyl.) Krog,,,,PARMELIACEAE,LICHENES,"GERMANY, Baden-Württemberg: Nordbaden, Odenwald, Peterstal bei Heidelberg.",
B 60 0174498,,Punctelia,subrudecta,Punctelia subrudecta (Nyl.) Krog,,,H. Reznik,,,,01. Febr.,1960,49.469688,8.712455,,Keep,"GERMANY, Baden-Württemberg: Nordbaden, Odenwald, Wendenkopf bei Schriesheim an der Bergstraße.",auf alten Eichen am Gipfel.,,178710,,"Parmelia dubia (Wulf) Schaer., Parmelia borreri Ach.",GERMANY,,,,,,,,c.,8,E,49,N,42,28,,,0,,,,,Punctelia,subrudecta,,,,,,,,,,Punctelia subrudecta (Nyl.) Krog,,,,PARMELIACEAE,LICHENES,"GERMANY, Baden-Württemberg: Nordbaden, Odenwald, Wendenkopf bei Schriesheim an der Bergstraße.",
B 60 0174496,,Punctelia,subrudecta,Punctelia subrudecta (Nyl.) Krog,,,H. Reznik,,,,29. Nov.,1960,48.706145,8.43262,,Keep,"GERMANY, Baden-Württemberg: Nordschwarzwald, im oberen Reichental, unterhalb Kaltenbronn.",S 90. Abieto-Fagetum.,,178776,,"Parmelia dubia, Parmelia borreri Ach., test. O. Klement",GERMANY,,,,,,,,c.,8,E,48,N,25,42,,,0,,,,,Punctelia,subrudecta,,,,,,,,,,Punctelia subrudecta (Nyl.) Krog,,,,PARMELIACEAE,LICHENES,"GERMANY, Baden-Württemberg: Nordschwarzwald, im oberen Reichental, unterhalb Kaltenbronn.",
B 60 0141451,,Punctelia,subrudecta,Punctelia subrudecta,,,H. Breuer,,,,30. Mai,1962,50.597448,6.944316,,Keep,"DEUTSCHLAND, Nordrhein-Westfalen: Kr. Bonn, Rheinbach, Schwarzes Kreuz.",an Quercus petraea.,,97683,,Parmelia dubia (Wulf.) Schaer.,GERMANY,,,,,5407,2,,,,,,,,,,,,,,,,Punctelia,subrudecta,,,,,,,,,,Punctelia subrudecta,,,,PARMELIACEAE,LICHENES,"Nordrhein-Westfalen: Kr. Bonn, Rheinbach, Schwarzes Kreuz.",
B 60 0141436,,Punctelia,subrudecta,Punctelia subrudecta,,,H. Breuer,,,,09. Aug.,1963,50.623883,6.900183,,Keep,"DEUTSCHLAND, Nordrhein-Westfalen: Flamersheimer Wald, bei Rheinbach.",an Quercus.,,97684,,Parmelia subrudecta Nyl.; Parmelia borreri (Sm.) Turn.,GERMANY,,Evernia prunastri (L.) Ach.,,,5307,3,,,,,,,,,,,,,,,,Punctelia,subrudecta,,,,,,,,,,Punctelia subrudecta,,,,PARMELIACEAE,LICHENES,"Nordrhein-Westfalen: Flamersheimer Wald, bei Rheinbach.",
B 60 0174196,,Punctelia,subrudecta,Punctelia subrudecta (Nyl.),O. Klement,,J.-P. Frahm,,,,14. Sept.,1970,54.60347,9.583686,,Keep,"DEUTSCHLAND, Schleswig-Holstein: Böklund, Kreis Schleswig - Flensburg.",,Kümmerform.,114966,,"Parmelia subrudecta Nyl., Parmelia  dubia (Wulf.) Schaer.",GERMANY,,,,,,,,,,,,,,,,,,,,,,Punctelia,subrudecta,,,,,,,,,,Punctelia subrudecta (Nyl.),,,,PARMELIACEAE,LICHENES,"Schleswig-Holstein: Böklund, Kreis Schleswig - Flensburg.",
B 60 0141441,,Punctelia,subrudecta,Punctelia subrudecta,E. Schlechter,1989,H. Breuer,,,,31. März,1971,50.606822,6.934027,,Keep,"DEUTSCHLAND, Nordrhein-Westfalen: Kr. Bonn, Rheinbach, am ""Frischen Brünnchen"".",an Salix spec.,,97682,,Parmelia subrudecta Nyl.; Parmelia borreri (Sm.) Turn.,GERMANY,,,,,5307,4,,,,,,,,,,,,,,,,Punctelia,subrudecta,,,,,,,,,,Punctelia subrudecta,,,,PARMELIACEAE,LICHENES,"Nordrhein-Westfalen: Kr. Bonn, Rheinbach, am ""Frischen Brünnchen"".",
,,Punctelia,subrudecta,Punctelia subrudecta (Nyl.) Krog,H. Sipman,1991,H. Sipman,,25711,,17. sept.,1989,47.692,13.026685,,Keep,"GERMANY, BAYERN. Berchtesgaden, Marktschellenberg. Alt. 750 m. Along trail to Salzburger Hochthron, on Hochbartkogel. E-facing slope with remnants of old Fagus-forest, Picea and Abies.",,,38721,,,GERMANY,,,,,,,,,,,,,,,,,,,,,750 m,Punctelia,subrudecta,,,,,,,,,,Punctelia subrudecta (Nyl.) Krog,,,,PARMELIACEAE,LICHENES,"BAYERN. Berchtesgaden, Marktschellenberg.",2183
,,Punctelia,subrudecta,Punctelia subrudecta,H. Sipman,2003,H. Sipman & J.-G. Knoph,,51477,,21 Nov.,2003,52.449384,13.289202,,Keep,"DEUTSCHLAND, Berlin: Bez. Zehlendorf, Triest park, at corner Habelschwerdter Allee/Kaiserswerther Str. Alt. ca. 50 m.",On branches of Salix trees around pond in small park.,,66325,,,GERMANY,,,,,3545,,,,,,,,,,,,,,,,ca. 50 m,Punctelia,subrudecta,,,,,,,,,,Punctelia subrudecta,,,,PARMELIACEAE,LICHENES,"Berlin: Bez. Zehlendorf, Triest park, at corner Habelschwerdter Allee/Kaiserswerther Str.",2183
B 60 0163669,,Punctelia,subrudecta,Punctelia subrudecta (Nyl.) Krog,H. Sipman,2008,H. Sipman,,56964,,6-Apr,2008,53.446528,9.023055,,Keep,"DEUTSCHLAND, Niedersachsen: Landkr. Landkreis Rotenburg (Wümme). Oese E of Basdahl, near the church. MTB 2520/3A2. Elev. 20 m.",On Quercus branches in churchyard.,,103399,,,GERMANY,,,,,,,,,9,E,53,N,"01,3","26,7",,,,,,,20 m,Punctelia,subrudecta,,,,,,,,,,Punctelia subrudecta (Nyl.) Krog,,,,PARMELIACEAE,LICHENES,"Niedersachsen: Landkr. Landkreis Rotenburg (Wümme). Oese E of Basdahl, near the church. MTB 2520/3A2.",2183
B 60 0185570,,Punctelia,subrudecta,Punctelia subrudecta,H. Sipman,2010,"H. Sipman, P. & B. v.d. Boom",,58341,,30 Aug.,2010,52.43068,13.122508,,Keep,"GERMANY, Berlin: southern part of lake Wannsee, island Pfaueninsel. Alt. c. 40 m.","On branches of fallen, free-standing Carpinus tree in park.",med. C+ red.,122071,,,GERMANY,,,,,,,,,13,E,52,N,"07,39","25,99",,,,,,,c. 40 m,Punctelia,subrudecta,,,,,,,,,,Punctelia subrudecta,,,,PARMELIACEAE,LICHENES,"Berlin: southern part of lake Wannsee, island Pfaueninsel.",2183
B 60 0141435,,Punctelia,subrudecta,Punctelia subrudecta,E. Schlechter,1989,Th. Müller,,,,,,,,,Drop,"DEUTSCHLAND, Rheinland-Pfalz: Metternich bei Münster-Maifeld, an Tilia.",,,97685,,"Parmelia rudecta Nyl.; Parmelia revoluta Flörke, det. Th. Müller",GERMANY,,.,,,,,,,,,,,,,,,,,,,,Punctelia,subrudecta,,,,,,,,,,Punctelia subrudecta,,,,PARMELIACEAE,LICHENES,"Rheinland-Pfalz: Metternich bei Münster-Maifeld, an Tilia.",
,,Pyrenula,nitida,Pyrenula nitida (Weigel) Ach.,,,H. Brockmüller (?),,,,20. Nov.,1861,53.733773,10.964949,,Keep,"(DEUTSCHLAND, Mecklenburg-Vorpommern:) An Buchen und Hainbuchen im Woitendorfer Holz (Bei Rehna).",,,3185,Pyrenulaceae,,GERMANY,,,,,,,,,,,,,,,,,,,,,,Pyrenula,nitida,,,,,,,,,,Pyrenula nitida (Weigel) Ach.,,,,PYRENULACEAE,LICHENES,"(DEUTSCHLAND, Mecklenburg-Vorpommern:) An Buchen und Hainbuchen im Woitendorfer Holz (Bei Rehna).",
,,Pyrenula,nitida,Pyrenula nitida (Weigel) Ach.,,,Stockmann,,,,Feb.,1903,52.830218,13.812149,used Haus Schwärzetal,Keep,"DEUTSCHLAND, Brandenburg: Eberswalde, Schwärzethal.",An Buche.,,3909,Pyrenulaceae,,GERMANY,,,,,,,,,,,,,,,,,,,,,,Pyrenula,nitida,,,,,,,,,,Pyrenula nitida (Weigel) Ach.,,,,PYRENULACEAE,LICHENES,"Brandenburg: Eberswalde, Schwärzethal.",
,,Pyrenula,nitida,Pyrenula nitida (Weigel) Ach.,,,Stockmann,,,,März,1903,52.830218,13.812149,used same as previous (Haus Schwärzetal),Keep,"DEUTSCHLAND, Brandenburg: Eberswalde.",An Buchen.,,3908,Pyrenulaceae,,GERMANY,,,,,,,,,,,,,,,,,,,,,,Pyrenula,nitida,,,,,,,,,,Pyrenula nitida (Weigel) Ach.,,,,PYRENULACEAE,LICHENES,Brandenburg: Eberswalde.,
,,Pyrenula,nitida,Pyrenula nitida (Weigel) Ach.,,,V. J. Grummann,,188,,4-Jun,1922,54.384434,13.693093,,Keep,"DEUTSCHLAND, Mecklenburg-Vorpommern: Rügen, Granitz bei Binz, Uferpromenade nächst Sellin.",Fagus silvatica.,,118873,Pyrenulaceae,,GERMANY,,,,,,,,c.,13,E,54,N,38,23,,,,,,,,Pyrenula,nitida,,,,,,,,,,Pyrenula nitida (Weigel) Ach.,,,,PYRENULACEAE,LICHENES,"Mecklenburg-Vorpommern: Rügen, Granitz bei Binz, Uferpromenade nächst Sellin.",
,,Pyrenula,nitida,Pyrenula nitida (Weigel) Ach.,,,V. J. Grummann,,700,,6-Jul,1923,48.927749,13.464913,used ski lodge (rather than town),Keep,"DEUTSCHLAND, Bayern: Böhmerwald, unterhalb Waldhäuser.",Rotbuche.,,119144,Pyrenulaceae,,GERMANY,,,,,,,,,,,,,,,,,,,,,,Pyrenula,nitida,,,,,,,,,,Pyrenula nitida (Weigel) Ach.,,,,PYRENULACEAE,LICHENES,"Bayern: Böhmerwald, unterhalb Waldhäuser.",
,,Pyrenula,nitida,Pyrenula nitida (Weigel) Ach.,,,V. J. Grummann,,699,,17-Jul,1928,54.397428,13.620995,,Keep,"DEUTSCHLAND, Mecklenburg-Vorpommern: Rügen, Granitz bei Binz.",Rotbuche.,,116434,Pyrenulaceae,,GERMANY,,,,,,,,c.,13,E,54,N,38,23,,,,,,,,Pyrenula,nitida,,,,,,,,,,Pyrenula nitida (Weigel) Ach.,,,,PYRENULACEAE,LICHENES,"Mecklenburg-Vorpommern: Rügen, Granitz bei Binz.",
,,Pyrenula,nitida,Pyrenula nitida (Weigel) Ach.,,,V. J. Grummann,,698,,23-Jul,1928,54.546981,13.644084,Stubnitz goes from Sassnitz to Lohme (forested area - selected middle of it),Keep,"DEUTSCHLAND, Mecklenburg-Vorpommern: Rügen, Stubnitz.",Rotbuche.,,117478,Pyrenulaceae,,GERMANY,,,,,,,,,,,,,,,,,,,,,,Pyrenula,nitida,,,,,,,,,,Pyrenula nitida (Weigel) Ach.,,,,PYRENULACEAE,LICHENES,"Mecklenburg-Vorpommern: Rügen, Stubnitz.",
,,Pyrenula,nitida,Pyrenula nitida (Weigel) Ach.,,,V. J. Grummann,,1304,,18-May,1929,54.374187,13.476928,,Keep,"DEUTSCHLAND, Mecklenburg-Vorpommern: Rügen, Pastitzer Forst.",Fagus silvatica.,,116730,Pyrenulaceae,,GERMANY,,,,,,,,,,,,,,,,,,,,,,Pyrenula,nitida,,,,,,,,,,Pyrenula nitida (Weigel) Ach.,,,,PYRENULACEAE,LICHENES,"Mecklenburg-Vorpommern: Rügen, Pastitzer Forst.",
B 60 0101170,,Pyrenula,nitida,Pyrenula nitida (Weigel) Ach.,A. Gnüchtel,1997,H. Reimers,Erzg.,1992,,2. Apr.,1945,50.959016,13.585926,put near Harthebach river,Keep,"DEUTSCHLAND, Sachsen: Unteres Erzgebirge. Tharandt, NSG Weißeritztalhänge, Hartenbachfälle, mittlerer Teil.",An einem alten Carpinus.,,21352,Pyrenulaceae,,GERMANY,,,,,5047,23,,,13,E,50,N,"36,0","57,9",,,,,,,,Pyrenula,nitida,,,,,,,,,,Pyrenula nitida (Weigel) Ach.,,,,PYRENULACEAE,LICHENES,"Sachsen: Unteres Erzgebirge. Tharandt, NSG Weißeritztalhänge, Hartenbachfälle, mittlerer Teil.",
B 60 0118732,,Pyrenula,nitida,Pyrenula nitida (Weigel) Ach.,J. Poelt,1979,S. Huneck,,,,23 Aug.,1979,54.572911,13.663245,,Keep,"DEUTSCHLAND, Mecklenburg-Vorpommern: Rügen, auf abgestürzter Buche am Ufer der Stubbenkammer",,,6027,Pyrenulaceae,,GERMANY,,,,,,,,,,,,,,,,,,,,,,Pyrenula,nitida,,,,,,,,,,Pyrenula nitida (Weigel) Ach.,,,,PYRENULACEAE,LICHENES,"Mecklenburg-Vorpommern: Rügen, auf abgestürzter Buche am Ufer der Stubbenkammer",
,,Pyrenula,nitida,Pyrenula nitida (Weigel) Ach.,H. Sipman,1991,H. Sipman,,25631,,15. sept.,1989,47.67829,12.819813,,Keep,"GERMANY, BAYERN. Berchtesgaden. Unterjettenberg. Alt. 550 m. Near margin of old deciduous forest on mountain slope with pasturefields.",,,38642,Pyrenulaceae,,GERMANY,,,,,,,,,,,,,,,,,,,,,550 m,Pyrenula,nitida,,,,,,,,,,Pyrenula nitida (Weigel) Ach.,,,,PYRENULACEAE,LICHENES,BAYERN. Berchtesgaden. Unterjettenberg.,2183
,,Pyrenula,nitida,Pyrenula nitida (Weigel) Ach.,H. Sipman,1999,H. Sipman,,43762,,15-May,1999,53.927535,11.828097,,Keep,"DEUTSCHLAND, Mecklenburg-Vorpommern: Kr. Güstrow, NW of Groß Gischow, along Seebach river. Alt. c. 30 m.",Deciduous forest in valley on sandy soil; on Carpinus tree trunk.,,56426,Pyrenulaceae,,GERMANY,,,,,2037,3,,,,,,,,,,,,,,,c. 30 m,Pyrenula,nitida,,,,,,,,,,Pyrenula nitida (Weigel) Ach.,,,,PYRENULACEAE,LICHENES,"Mecklenburg-Vorpommern: Kr. Güstrow, NW of Groß Gischow, along Seebach river.",2183
,,Pyrenula,nitida,Pyrenula nitida (Weigel) Ach.,H. Sipman,2001,H. Sipman,,47515,,24-Apr,2001,53.157172,13.844849,used Landhotel Gut Suckow,Keep,"GERMANY, Brandenburg, Landkr. Uckermark. Suckow, former estate. Alt. c. 50 m.","Former estate park, near houses. On Carpinus treetrunk in deciduous forest.",,60974,Pyrenulaceae,,GERMANY,,,,,2849,1,,,,,,,,,,,,,,,c. 50 m,Pyrenula,nitida,,,,,,,,,,Pyrenula nitida (Weigel) Ach.,,,,PYRENULACEAE,LICHENES,"Brandenburg, Landkr. Uckermark. Suckow, former estate.",2183
B 60 0173946,,Pyrenula,nitida,Pyrenula nitida (Weigel) Ach.,A. Aptroot,2005,A. Aptroot,,62821,,18-Mar,2005,54.0815,13.44944,,Keep,"DEUTSCHLAND, Mecklenburg-Vorpommern: Greifswald, Eldena forest.",On Carpinus.,,109230,Pyrenulaceae,,GERMANY,,,,,1946,2,,,,,,,,,,,,,,,,Pyrenula,nitida,,,,,,,,,,Pyrenula nitida (Weigel) Ach.,,,,PYRENULACEAE,LICHENES,"Mecklenburg-Vorpommern: Greifswald, Eldena forest.",2280
B 60 0173897,,Pyrenula,nitida,Pyrenula nitida (Weigel) Ach.,A. Aptroot,2006,A. Aptroot,,65846,,11-Apr,2006,50.530038,6.260372,,Keep,"DEUTSCHLAND, Nordrhein-Westfalen: Eifel, Monschau-Höfen, Naturhaus Seebens, Hauptstr. 123",On old Fagus in hedge.,,109177,Pyrenulaceae,,GERMANY,,,,,,,,,,,,,,,,,,,,,,Pyrenula,nitida,,,,,,,,,,Pyrenula nitida (Weigel) Ach.,,,,PYRENULACEAE,LICHENES,"Nordrhein-Westfalen: Eifel, Monschau-Höfen, Naturhaus Seebens, Hauptstr. 123",2280
B 60 0176516,,Pyrenula,nitida,Pyrenula nitida (Weigel) Ach.,H. Sipman,2009,H. Sipman & D. Heinrich,,58256,,9-May,2009,,,"can find Templin and Glambeck, but having trouble figuring out where specific location is",Drop,"GERMANY, Brandenburg: Uckermark, E of Templin, 2 km S of Glambeck, Jagen 334. Alt. c. 50 m.",Deciduous forest with scattered old trees. On old Fagus trunk.,,120029,Pyrenulaceae,,GERMANY,,Opegrapha vermicellifera,,,,,,,13,E,53,N,"49,3","0,0",,,,,,,c. 50 m,Pyrenula,nitida,,,,,,,,,,Pyrenula nitida (Weigel) Ach.,,,,PYRENULACEAE,LICHENES,"Brandenburg: Uckermark, E of Templin, 2 km S of Glambeck, Jagen 334.",2183
,,Pyrenula,nitida,Pyrenula nitida (Weig.) Kbr.,,,,,,,,,,,,Drop,,,,150975,Pyrenulaceae,,GERMANY,,,"Brockmüller, Mecklenb. Krypt., fasc. IV",,,,,,,,,,,,,,0,,,,,Pyrenula,nitida,,,,,,,,,,Pyrenula nitida (Weig.) Kbr.,,,,PYRENULACEAE,LICHENES,,
,,Pyrenula,nitida,Pyrenula nitida var. nitidella Schaer.,,,G. Lettau,,,,,,,,,Drop,Germania (Baden): ad Haagen prope Lörrach.,ad Carpinos.,,175832,,,GERMANY,,,Krypt. Exs. Vindob.,1854,,,,,,,,,,,,,0,,,"Krypt. Exs. Vindob., Cent. XIX, 1911, lich. dec. 44-46",,Pyrenula,nitida,,,var.,nitidella,,,,,,Pyrenula nitida nitidella Schaer.,,,,PYRENULACEAE,LICHENES,Germania (Baden): ad Haagen prope Lörrach.,
,,Pyrenula,nitidella,Pyrenula nitidella (Flk.) Müll. Arg.,,,V. J. Grummann,,1194,,4-Jul,1929,47.636222,7.678033,,Keep,"DEUTSCHLAND, Baden-Württemberg: Haagen bei Lörrach, Röttler Wald.",Carpinus.,,118855,Pyrenulaceae,,GERMANY,,Pyrenula nitida (Weig.) Ach.,,,,,,,7,E,47,N,"40,3",38,,,,,,,,Pyrenula,nitidella,,,,,,,,,,Pyrenula nitidella (Flk.) Müll. Arg.,,,,PYRENULACEAE,LICHENES,"Baden-Württemberg: Haagen bei Lörrach, Röttler Wald.",
,,Ropalospora,viridis,Ropalospora viridis,H. Sipman,2004,U. Schiefelbein,,,,22. Aug.,2002,53.930476,14.209639,,Keep,"DEUTSCHLAND, Mecklenburg-Vorpommern: Dünengebiet zwischen Ahlbeck und Staatsgrenze, nördlich der Landesstraße, ca. 1 km WNW Grenzübergang Ahlbeck, alt. 0 m",In einem Stieleichen-Mischwald feuchter Standorte (Holco mollis-Quercetum).,,6477,,,GERMANY,,,,,2051,3,,,,,,,,,,,,,,,,Ropalospora,viridis,,,,,,,,,,Ropalospora viridis,,,,,,"Mecklenburg-Vorpommern: Dünengebiet zwischen Ahlbeck und Staatsgrenze, nördlich der Landesstraße, ca. 1 km WNW Grenzübergang Ahlbeck, alt. 0 m",2183
B 60 0130419,,Ropalospora,viridis,Ropalospora viridis (Tønsberg) Tønsberg,H. Sipman,2005,H. Sipman,,53524,,7-May,2005,50.324791,6.769002,,Keep,"GERMANY, Rheinland-Pfalz, Kr. Daun: Waterfall at Dreimühlen near Nohn, S of Ahütte. Alt. c. 400 m.",Trunk at forest margin along track in bottom of sheltered valley.,,67700,,,GERMANY,,,,,5606,4,,,6,E,50,N,"46,1","19,5",,,,,,,c. 400 m,Ropalospora,viridis,,,,,,,,,,Ropalospora viridis (Tønsberg) Tønsberg,,,,,,"Rheinland-Pfalz, Kr. Daun: Waterfall at Dreimühlen near Nohn, S of Ahütte.",2183
B 60 0130872,,Ropalospora,viridis,Ropalospora viridis (Tønsberg) Tønsberg,H. Sipman,2006,H. Sipman & P. van den Boom,,54605,,30-Apr,2006,52.646162,13.92912,,Keep,"GERMANY, Brandenburg: Prötzeler forst N of Strausberg, along road Prötzel-Tiefensee, near Blumenthal. Alt. 110 m.",Deciduous forest with many Carpinus trees in depression along the road. On Carpinus trunk.,,85538,,,GERMANY,,,,,,,,,13,E,52,N,"54,50","38,95",,,,,,,110 m,Ropalospora,viridis,,,,,,,,,,Ropalospora viridis (Tønsberg) Tønsberg,,,,,,"Brandenburg: Prötzeler forst N of Strausberg, along road Prötzel-Tiefensee, near Blumenthal.",2183
,,Schismatomma,decolorans,Schismatomma decolorans (Turn. & Borr. ex Sm.) Clauz. & Vězda,H.W. Linders,1986,Hans-Wilhelm LINDERS,,1198,,1 Jun.,1986,53.403314,7.449327,,Keep,"DEUTSCHLAND, Niedersachsen. Ihlower Forst, Abt. 12. An Quercus.",,,20067,,,GERMANY,,,,,2510,4,,,,,,,,,,,,,,,,Schismatomma,decolorans,,,,,,,,,,Schismatomma decolorans (Turn. & Borr. ex Sm.) Clauz. & Vězda,,,,ROCCELLACEAE,LICHENES,"Niedersachsen. Ihlower Forst, Abt. 12. An Quercus.",
,,Schismatomma,decolorans,Schismatomma decolorans (Turn. & Borr. ex Sm.) Clauz. & Vězda,H.W. Linders,1986,Hans-Wilhelm LINDERS,,1226,,7 Jun.,1986,53.290895,7.794951,,Keep,"DEUTSCHLAND, Niedersachsen. Landkreis LEER, Kleinsander. An Quercus.",,,20154,,,GERMANY,,,,,2712,2,,,,,,,,,,,,,,,,Schismatomma,decolorans,,,,,,,,,,Schismatomma decolorans (Turn. & Borr. ex Sm.) Clauz. & Vězda,,,,ROCCELLACEAE,LICHENES,"Niedersachsen. Landkreis LEER, Kleinsander. An Quercus.",
,,Schismatomma,decolorans,Schismatomma decolorans (Turner & Borrer ex Sm.) Clauzade & Vězda,H. Sipman,2001,H. Sipman,,47522,,24-Apr,2001,53.157172,13.844849,used Landhotel Gut Suckow,Keep,"GERMANY, Brandenburg, Landkr. Uckermark. Suckow, former estate park. Alt. c. 50 m.",Deciduous forest at S-side of lake. On thick Quercus treetrunk.,,60982,,,GERMANY,,,,,2849,3,,,,,,,,,,,,,,,c. 50 m,Schismatomma,decolorans,,,,,,,,,,Schismatomma decolorans (Turner & Borrer ex Sm.) Clauzade & Vězda,,,,ROCCELLACEAE,LICHENES,"Brandenburg, Landkr. Uckermark. Suckow, former estate park.",2183
B 60 0127387,,Schismatomma,decolorans,Schismatomma decolorans,H. Sipman,2005,H. Sipman & P. v.d. Boom,,53448,,2-May,2005,52.201824,13.693223,,Keep,"GERMANY, Brandenburg: Radeberge, N of Kleinköris at road Buchholz-Zeesen. Alt. c. 50 m.","On trunk of thick, old Quercus tree in Pinus afforestation on sandy soil.",,67624,,,GERMANY,,,,,3848,,,,13,E,52,N,"41,6","12,0",,,,,,,c. 50 m,Schismatomma,decolorans,,,,,,,,,,Schismatomma decolorans,,,,ROCCELLACEAE,LICHENES,"Brandenburg: Radeberge, N of Kleinköris at road Buchholz-Zeesen.",2183
,,Thelotrema,lepadinum,Thelotrema lepadinum Ach.,,,V. J. Grummann,,519,,6-Jul,1923,48.862862,13.483289,used Sägmühle in Hohenau,Keep,"DEUTSCHLAND, Bayern: Böhmerwald, bei Hohenau bei der Sägemühle.",Alte Abies alba.,,119131,,,GERMANY,,,,,,,,,,,,,,,,,,,,,,Thelotrema,lepadinum,,,,,,,,,,Thelotrema lepadinum Ach.,,,,THELOTREMATACEAE,LICHENES,"Bayern: Böhmerwald, bei Hohenau bei der Sägemühle.",
,,Thelotrema,lepadinum,Thelotrema lepadinum Ach.,,,V. J. Grummann,,707,,6-Jul,1923,48.927749,13.464913,used ski lodge (rather than town),Keep,"DEUTSCHLAND, Bayern: Böhmerwald, unterhalb Waldhäuser.",Abies alba.,,119139,,,GERMANY,,,,,,,,,,,,,,,,,,,,,,Thelotrema,lepadinum,,,,,,,,,,Thelotrema lepadinum Ach.,,,,THELOTREMATACEAE,LICHENES,"Bayern: Böhmerwald, unterhalb Waldhäuser.",
,,Thelotrema,lepadinum,Thelotrema lepadinum Ach.,,,V. J. Grummann,,516,,6-Jul,1923,48.927749,13.464913,used ski lodge (rather than town),Keep,"DEUTSCHLAND, Bayern: Böhmerwald, unterhalb Waldhäuser.",Alte Fagus silvatica.,,119140,,,GERMANY,,,,,,,,,,,,,,,,,,,,,,Thelotrema,lepadinum,,,,,,,,,,Thelotrema lepadinum Ach.,,,,THELOTREMATACEAE,LICHENES,"Bayern: Böhmerwald, unterhalb Waldhäuser.",
,,Thelotrema,lepadinum,Thelotrema lepadinum Ach.,,,V. J. Grummann,,517,,6-Jul,1923,48.927749,13.464913,used ski lodge (rather than town),Keep,"DEUTSCHLAND, Bayern: Böhmerwald, unterhalb Waldhäuser.",Alte Fagus silvatica.,,119141,,,GERMANY,,,,,,,,,,,,,,,,,,,,,,Thelotrema,lepadinum,,,,,,,,,,Thelotrema lepadinum Ach.,,,,THELOTREMATACEAE,LICHENES,"Bayern: Böhmerwald, unterhalb Waldhäuser.",
,,Thelotrema,lepadinum,Thelotrema lepadinum Ach.,,,V. J. Grummann,,518,,6-Jul,1923,48.927749,13.464913,used ski lodge (rather than town),Keep,"DEUTSCHLAND, Bayern: Böhmerwald, unterhalb Waldhäuser.",Alte Picea excelsa.,,119142,,,GERMANY,,,,,,,,,,,,,,,,,,,,,,Thelotrema,lepadinum,,,,,,,,,,Thelotrema lepadinum Ach.,,,,THELOTREMATACEAE,LICHENES,"Bayern: Böhmerwald, unterhalb Waldhäuser.",
B 60 0133042,,Thelotrema,lepadinum,Thelotrema lepadinum,,,J. Mrugowsky,,,,30. Apr.,1934,50.507532,10.970913,placed between Werraquelle and Masserberg,Keep,"DEUTSCHLAND, Thüringen: Thüringer Wald, Masserberg, Weg zur Werraquelle.",,,6590,,,GERMANY,,,,,,,,,,,,,,,,,,,,,,Thelotrema,lepadinum,,,,,,,,,,Thelotrema lepadinum,,,,THELOTREMATACEAE,LICHENES,"Thüringen: Thüringer Wald, Masserberg, Weg zur Werraquelle.",
,,Thelotrema,lepadinum,Thelotrema lepadinum Ach.,,,V. J. Grummann,,2234,,30-Jun,1936,54.234335,12.224164,,Keep,"DEUTSCHLAND, Mecklenburg-Vorpommern: Rostocker Heide westlich Graal.",Eichenrinde.,,118672,,,GERMANY,,,,,,,,c.,12,E,54,N,14,12,,,,,,,,Thelotrema,lepadinum,,,,,,,,,,Thelotrema lepadinum Ach.,,,,THELOTREMATACEAE,LICHENES,Mecklenburg-Vorpommern: Rostocker Heide westlich Graal.,
B 60 0174884,,Thelotrema,lepadinum,Thelotrema lepadinum Ach.,O. Klement,,H. Reznik,,,,04. April,1961,48.655931,8.290124,Used Herrenwieser Schwallung,Keep,"GERMANY, Baden-Württemberg: Nordschwarzwald, 'Alten Schwallung' unterhalb Herrenwies. Alt. 750 m.",S 615 B. Abies.,,178743,,,GERMANY,,,,,,,,,8,E,48,N,17,39,,,0,,,,750 m,Thelotrema,lepadinum,,,,,,,,,,Thelotrema lepadinum Ach.,,,,THELOTREMATACEAE,LICHENES,"Baden-Württemberg: Nordschwarzwald, 'Alten Schwallung' unterhalb Herrenwies.",
B 60 0174789,,Thelotrema,lepadinum,Thelotrema lepadinum Ach.,O. Klement,,H. Reznik,,,,April,1961,48.64114,8.186558,"Placed at Wittig Parkplatz, between Omerskopf (close) and Unterstmatt",Keep,"GERMANY, Baden-Württemberg: Nordschwarzwald, between Omerskopf and Unterstmatt, Gewann Wittig.",S 630. Abies-Wald.,,178744,,,GERMANY,,,,,,,,c.,8,E,48,N,11,38,,,0,,,,,Thelotrema,lepadinum,,,,,,,,,,Thelotrema lepadinum Ach.,,,,THELOTREMATACEAE,LICHENES,"GERMANY, Baden-Württemberg: Nordschwarzwald, between Omerskopf and Unterstmatt, Gewann Wittig.",
,,Thelotrema,lepadinum,Thelotrema lepadinum (Ach.) Ach.,H. Sipman,1986,Hans-Wilhelm LINDERS,,676,,24 Nov.,1985,52.906608,8.137897,,Keep,"DEUTSCHLAND, Niedersachsen. NSG Baumweg. An Quercus.",,,16556,,,GERMANY,,,,,3114,2,,,,,,,,,,,,,,,,Thelotrema,lepadinum,,,,,,,,,,Thelotrema lepadinum (Ach.) Ach.,,,,THELOTREMATACEAE,LICHENES,Niedersachsen. NSG Baumweg. An Quercus.,2183
,,Thelotrema,lepadinum,Thelotrema lepadinum (Ach.) Ach.,H. Sipman,1986,Hans-Wilhelm LINDERS,,1151,,17-May,1986,53.403314,7.449327,,Keep,"DEUTSCHLAND, Niedersachsen. Ihlower Forst, Abt. 6/7.  Lindenallee.",,,19420,,,GERMANY,,,,,2510,4,,,,,,,,,,,,,,,,Thelotrema,lepadinum,,,,,,,,,,Thelotrema lepadinum (Ach.) Ach.,,,,THELOTREMATACEAE,LICHENES,"Niedersachsen. Ihlower Forst, Abt. 6/7.  Lindenallee.",2183
,,Thelotrema,lepadinum,Thelotrema lepadinum,H. Sipman,1991,H. Sipman,,25630,,15. sept.,1989,47.67829,12.819813,,Keep,"GERMANY, BAYERN. Berchtesgaden. Unterjettenberg. Alt. 550 m. Near margin of old deciduous forest on mountain slope with pasturefields.",,,38641,,,GERMANY,,,,,,,,,,,,,,,,,,,,,550 m,Thelotrema,lepadinum,,,,,,,,,,Thelotrema lepadinum,,,,THELOTREMATACEAE,LICHENES,BAYERN. Berchtesgaden. Unterjettenberg.,2183
,,Thelotrema,lepadinum,Thelotrema lepadinum (Ach.) Ach.,W. Obermayer,,W. Obermayer,,10466,,5 Sep.,2004,47.540557,10.902493,put near start of Linder river,Keep,"GERMANY, Bayern (=Bavaria), Ammergauer Alpen (Ammergebirge), 15 km ESE of Füssen, uppermost valley of the rivulet Linder, Neualmgrieß. Alt. 1050-1100 m.","Mixed forest with Abies alba, Acer pseudoplatanus, Fagus sylvatica and Picea abies, on Acer pseudoplatanus.",,138522,,,GERMANY,,,"Obermayer, Lichenotheca Graecensis",280,,,,,10,E,47,N,"54,0","32,3",,,0,,,"Obermayer, W.: Lichenotheca Graecensis, Fasc. 14, 2004:",1050-1100 m,Thelotrema,lepadinum,,,,,,,,,,Thelotrema lepadinum (Ach.) Ach.,,,,THELOTREMATACEAE,LICHENES,"Bayern (=Bavaria), Ammergauer Alpen (Ammergebirge), 15 km ESE of Füssen, uppermost valley of the rivulet Linder, Neualmgrieß.",
B 60 0163644,,Thelotrema,lepadinum,Thelotrema lepadinum,H. Sipman,2008,H. Sipman,,56942,,5-Apr,2008,53.421505,9.49653,,Keep,"DEUTSCHLAND, Niedersachsen: Landkr. Stade. Braken NSG & FFH, S of Harsefeld. MTB 2522/4B5. Elev. 50 m.","On Quercus trunk in humid deciduous, mature forest on loamy soil.",,103377,,,GERMANY,,,,,,,,,9,E,53,N,29,25,,,,,,,50 m,Thelotrema,lepadinum,,,,,,,,,,Thelotrema lepadinum,,,,THELOTREMATACEAE,LICHENES,"Niedersachsen: Landkr. Stade. Braken NSG & FFH, S of Harsefeld. MTB 2522/4B5.",2183
,,Thelotrema,lepadinum,Thelotrema lepadinum Ach.,,,,,,,,,,,,Drop,,,,149376,,,GERMANY,,,"Arnold, Lich. Monac. Exs.",516,,,,,,,,,,,,,0,,ab,,,Thelotrema,lepadinum,,,,,,,,,,Thelotrema lepadinum Ach.,,,,THELOTREMATACEAE,LICHENES,,
,,Thelotrema,lepadinum,Thelotrema lepadinum Ach.,,,,,,,,,,,,Drop,,,,150991,,,GERMANY,,,"Brockmüller, Mecklenb. Krypt., fasc. V",243,,,,,,,,,,,,,0,,,,,Thelotrema,lepadinum,,,,,,,,,,Thelotrema lepadinum Ach.,,,,THELOTREMATACEAE,LICHENES,,
,,Thelotrema,lepadinum,Thelotrema lepadinum Ach.,,,H. Sandstede,,,,,,,,,Drop,Oldenburgia: in »Brook« prope Garnholz.,ad truncos Quercuum.,,175480,,,GERMANY,,,Krypt. Exs. Vindob.,255,,,,,,,,,,,,,0,,b,"Krypt. Exs. Vindob., Cent. IV, 1898, lich. dec. 10-12",,Thelotrema,lepadinum,,,,,,,,,,Thelotrema lepadinum Ach.,,,,THELOTREMATACEAE,LICHENES,Oldenburgia: in »Brook« prope Garnholz.,
B 60 0000574,,Usnea,florida,Usnea florida,H. Sipman,2011,,,,,Juli,1858,52.185405,12.59545,put near Bad Belzig,Keep,"DEUTSCHLAND, Brandenburg: ""Landsheide bei Belzig"".",,,136461,,Usnea barbata,GERMANY,thamnolic,,,,,,,,,,,,,,,,0,,,,,Usnea,florida,,,,,,,,,,Usnea florida,,,,PARMELIACEAE,LICHENES,"DEUTSCHLAND, Brandenburg: ""Landsheide bei Belzig"".",2183
B 60 0184801,,Usnea,florida,Usnea florida,,,Grantzow,,,,Apr.,1872,53.266667,13.6,Boitzenburger Land,Keep,"DEUTSCHLAND, Brandenburg: ""Boitzenburg"".",An Acer rubra.,,136463,,Usnea barbata a. florida,GERMANY,thamnolic,,,,,,,,,,,,,,,,0,,,,,Usnea,florida,,,,,,,,,,Usnea florida,,,,PARMELIACEAE,LICHENES,"DEUTSCHLAND, Brandenburg: ""Boitzenburg"".",
B 60 0057055,,Usnea,florida,Usnea florida,H. Sipman,2011,C. Schrader,,,,Jun.,1873,51.60761,9.747811,,Keep,"DEUTSCHLAND, Niedersachsen: ""Bramburg bei Adelepsen"".",,,136479,,Usnea barbata Fries,GERMANY,thamnolic,,,,,,,,9,E,51,N,44,36,,,0,,,,,Usnea,florida,,,,,,,,,,Usnea florida,,,,PARMELIACEAE,LICHENES,"DEUTSCHLAND, Niedersachsen: ""Bramburg bei Adelepsen"".",2183
,,Usnea,florida,Usnea florida,,,Petasch,,,,,1875,51.083333,13.833333,,Keep,"DEUTSCHLAND, Sachsen: Elbhügelland, Dresdener Heide.",,,3956,,Usnea barbata f. florida,GERMANY,,,,,,,,,,,,,,,,,,,,,,Usnea,florida,,,,,,,,,,Usnea florida,,,,PARMELIACEAE,LICHENES,"Sachsen: Elbhügelland, Dresdener Heide.",
,,Usnea,florida,Usnea florida,,,Th. Reinstein,,,,11 Oct.,1912,,,Cannot find a Döllendorf near Schmalkalden,Drop,"DEUTSCHLAND, Thüringen: Döllendorf  (nahe Schmalkalden).",,,1924,,,GERMANY,,,,,,,,,,,,,,,,,,,,,,Usnea,florida,,,,,,,,,,Usnea florida,,,,PARMELIACEAE,LICHENES,Thüringen: Döllendorf  (nahe Schmalkalden).,
,,Usnea,florida,Usnea florida,,,Th. Reinstein,,,,29 Dec.,1912,50.701782,10.482549,used Mittelstille,Keep,"DEUTSCHLAND, Thüringen: Thüringer Wald, Mittelstiller Wald (bei Schmalkalden).",,,1990,,,GERMANY,,,,,,,,,,,,,,,,,,,,,,Usnea,florida,,,,,,,,,,Usnea florida,,,,PARMELIACEAE,LICHENES,"Thüringen: Thüringer Wald, Mittelstiller Wald (bei Schmalkalden).",
,,Usnea,florida,Usnea florida,,,Th. Reinstein,,,,13 Dec.,1914,50.742215,10.435196,put at Waldhotel Ehrental,Keep,"DEUTSCHLAND: Ehrenthal (verm. nahe Schmalkalden, Thüringen).",,,1933,,,GERMANY,,,,,,,,,,,,,,,,,,,,,,Usnea,florida,,,,,,,,,,Usnea florida,,,,PARMELIACEAE,LICHENES,"Ehrenthal (verm. nahe Schmalkalden, Thüringen).",
,,Usnea,florida,Usnea florida,,,Th. Reinstein,,,,4 Oct.,1914,,,Cannot find Oberdollendorf near Schmalkalden,Drop,"DEUTSCHLAND: Oberdollendorf (verm. nahe Schmalkalden, Thüringen).",,,2013,,,GERMANY,,,,,,,,,,,,,,,,,,,,,,Usnea,florida,,,,,,,,,,Usnea florida,,,,PARMELIACEAE,LICHENES,"Oberdollendorf (verm. nahe Schmalkalden, Thüringen).",
,,Usnea,florida,Usnea florida,,,Th. Reinstein,,,,1 Aug.,1915,50.709771,10.305232,used forest outside of Zillbach,Keep,"DEUTSCHLAND, Thüringen: Thüringer Wald, Zillbacher Forst (Umg. Schmalkalden).",,,1913,,,GERMANY,,,,,,,,,,,,,,,,,,,,,,Usnea,florida,,,,,,,,,,Usnea florida,,,,PARMELIACEAE,LICHENES,"Thüringen: Thüringer Wald, Zillbacher Forst (Umg. Schmalkalden).",
,,Usnea,florida,Usnea florida,,,Th. Reinstein,,,,6. Aug.,1916,,,"can find Mittelstille, but not Thalchen near Mittelstille",Drop,"DEUTSCHLAND, Thüringen: Thüringer Wald, Thälchen bei Mittelstille (bei Schmalkalden).",,,2023,,,GERMANY,,,,,,,,,,,,,,,,,,,,,,Usnea,florida,,,,,,,,,,Usnea florida,,,,PARMELIACEAE,LICHENES,"Thüringen: Thüringer Wald, Thälchen bei Mittelstille (bei Schmalkalden).",
,,Usnea,florida,Usnea florida (L.) Hoffm.,,,Mixe in herb. V. J. Grummann,,331,,17 Apr.,1922,47.46491,11.122195,,Keep,"DEUTSCHLAND, Bayern: Bayrische Alpen, Partnachklamm hinter Garmisch-Partenkirchen.",,,116384,,,GERMANY,,,,,,,,,,,,,,,,,,,,,,Usnea,florida,,,,,,,,,,Usnea florida (L.) Hoffm.,,,,PARMELIACEAE,LICHENES,"Bayern: Bayrische Alpen, Partnachklamm hinter Garmisch-Partenkirchen.",
B 60 0132218,,Usnea,florida,Usnea florida,J. Futschig,,F. Pusch,,,,29-May,1938,51.095168,9.108533,,Keep,"DEUTSCHLAND, Hessen: Talgraben in the protected area ""Sondertal und Talgraben bei Bad Wildungen"" near Bad Wildungen.",on Alnus,,85044,,,GERMANY,,,,,,,,,,,,,,,,,,,,,,Usnea,florida,,,,,,,,,,Usnea florida,,,,PARMELIACEAE,LICHENES,"Hessen: Talgraben in the protected area ""Sondertal und Talgraben bei Bad Wildungen"" near Bad Wildungen.",
B 60 0091148,,Usnea,florida,Usnea florida,V. Wirth,1993,O. Behr,,1890,,4. Juli,1948,,,cannot find,Drop,"DEUTSCHLAND, Hessen: Krs. Erbach-Odenwald, Weihengesäß.",An Fraxinus auf einer Waldwiese.,Mansfeld nr. 1001,100653,,Usnea ceratina Ach. det. Klement,GERMANY,,,,,,,,,,,,,,,,,,,,,,Usnea,florida,,,,,,,,,,Usnea florida,,,,PARMELIACEAE,LICHENES,"Hessen: Krs. Erbach-Odenwald, Weihengesäß.",
,,Usnea,florida,Usnea florida,,,O. Behr,,2489,,15. Aug.,1948,50.109657,10.32107,,Keep,"DEUTSCHLAND, HESSEN. Krs. Erbach-Odenwald. Hesselbach. Alt. 300 m.",An Fraxinus.,,22255,,,GERMANY,,,,,,,,,,,,,,,,,,,,,300 m,Usnea,florida,,,,,,,,,,Usnea florida,,,,PARMELIACEAE,LICHENES,HESSEN. Krs. Erbach-Odenwald. Hesselbach.,
B 60 0091153,,Usnea,florida,Usnea florida,V. Wirth,1993,Otto Behr,,4749,,1. Mai,1951,49.647163,9.083063,,Keep,"DEUTSCHLAND, Hessen: Krs. Erbach-Odenwald, Würzberg, Wegrand im Walde. Alt. 500 m.",Betula-Zweige.,,100678,,"Usnea ceratina Ach., det. O. Klement",GERMANY,,,,,,,,,,,,,,,,,,,,,500 m,Usnea,florida,,,,,,,,,,Usnea florida,,,,PARMELIACEAE,LICHENES,"Hessen: Krs. Erbach-Odenwald, Würzberg, Wegrand im Walde.",
,,Usnea,florida,Usnea florida ssp. floridula Mot.,,,V. J. Grummann,,3210,,26-Jul,1951,47.484164,10.357287,,Keep,"DEUTSCHLAND, Bayern: Allgäuer Alpen, Imberger Horn. Alt. c. 1600 m.",Picea.,,118059,,,GERMANY,,,,,,,,,10,E,47,N,"21,4","29,0",,,,,,,c. 1600 m,Usnea,florida,,,,,,,,,,Usnea florida ssp. floridula Mot.,,,,PARMELIACEAE,LICHENES,"Bayern: Allgäuer Alpen, Imberger Horn.",
B 60 0091145,,Usnea,florida,Usnea florida,V. Wirth,1993,O. Behr,,8086,,5. Aug.,1954,49.97143,9.534582,,Keep,"DEUTSCHLAND, Bayern: Spessart. Rechtenbachtal: Mischwald. Alt. 250 m.",Quercus.,,100695,,"Usnea ceratina Ach., det. Klement",GERMANY,,,,,,,,,,,,,,,,,,,,,250 m,Usnea,florida,,,,,,,,,,Usnea florida,,,,PARMELIACEAE,LICHENES,Bayern: Spessart. Rechtenbachtal: Mischwald.,
B 60 0091154,,Usnea,florida,Usnea florida,V. Wirth,1993,O. Behr,,8119,,5. Aug.,1954,49.974728,9.520194,,Keep,"DEUTSCHLAND, Bayern: Spessart. Rechtenbachtal: Mischwald. Alt. 300 m.",Quercus.,,100697,,"Usnea ceratina Ach., det. Klement",GERMANY,,,,,,,,,,,,,,,,,,,,,300 m,Usnea,florida,,,,,,,,,,Usnea florida,,,,PARMELIACEAE,LICHENES,Bayern: Spessart. Rechtenbachtal: Mischwald.,
B 60 0141457,,Usnea,florida,Usnea florida,,,H. Breuer,,6,,15. Okt.,1954,49.845674,6.457255,put in Irrel,Keep,"DEUTSCHLAND, Rheinland-Pfalz: Kr. Bitburg, Irrel, Güntherhof.",,,97768,,,GERMANY,,,,,,,,,,,,,,,,,,,,,,Usnea,florida,,,,,,,,,,Usnea florida,,,,PARMELIACEAE,LICHENES,"Rheinland-Pfalz: Kr. Bitburg, Irrel, Güntherhof.",
B 60 0174714,,Usnea,florida,Usnea florida (L.) Wigg.,,,H. Reznik,,,,März,1959,48.696757,8.135231,Used Bühl,Keep,"GERMANY, Baden-Württemberg: Nordschwarzwald, Weißtannen im oberen Bühlott-Tal [bei Bühl im Landkreis Rastatt].",,,178785,,"Usnea comosa (Sach.) Röhl., det. O. Klement",GERMANY,,,,,,,,c.,8,E,48,N,11,39,,,0,,,,,Usnea,florida,,,,,,,,,,Usnea florida (L.) Wigg.,,,,PARMELIACEAE,LICHENES,"GERMANY, Baden-Württemberg: Nordschwarzwald, Weißtannen im oberen Bühlott-Tal [bei Bühl im Landkreis Rastatt].",
B 60 0158215,,Usnea,florida,Usnea florida (L.) Wigg. f. pseudostrigosa Mot.,O. Klement,,H. Reznik,,1358,,28 nov.,1960,48.634996,8.447657,,Keep,"GERMANY, Baden-Württemberg: Nordschwarzwald, Gompelscheuer in Enztal valley.",Abies forest.,,179582,,,GERMANY,,,,,,,,c.,8,E,48,N,26,38,,,0,,,,,Usnea,florida,Wigg.,L.,f.,pseudostrigosa,,Mot.,,,,Usnea florida (L.) Wigg. f. pseudostrigosa Mot.,,,,PARMELIACEAE,LICHENES,"GERMANY, Baden-Württemberg: Nordschwarzwald, Gompelscheuer in Enztal valley.",
B 60 0174321,,Usnea,florida,Usnea florida,J.-P. Frahm,,J.-P. Frahm,,,,16. Okt.,1972,47.842335,8.319563,,Keep,"DEUTSCHLAND, Baden-Württemberg: Schwarzwald, Wutachschlucht bei der Rötenbachschlucht.",an Picea und Acer.,,115149,,,GERMANY,,,,,,,,,,,,,,,,,,,,,,Usnea,florida,,,,,,,,,,Usnea florida,,,,PARMELIACEAE,LICHENES,"Baden-Württemberg: Schwarzwald, Wutachschlucht bei der Rötenbachschlucht.",
B 60 0192535,,Usnea,florida,Usnea florida,H. Sipman,2013,C. Daute,,,,27-Jul,2013,47.468331,11.118749,,Keep,"GERMANY, Bayern: Partnachklamm near Garmisch-Partenkirchen.",,,186205,,,GERMANY,,,,,,,,,11,E,47,N,"07,05","28,27",,,0,,,,,,,,,,,,,,,0,,,,,,,,0