"key","datasetKey","decimalLongitude","decimalLatitude","year","month","day","country","catalogNumber","recordedBy","institutionCode","locality","collectionCode","stateProvince","DB","BBarcode"
2365720354,"85739778-f762-11e1-a439-00145eb45e9a",13.5833,53.1217,2019,"4",30,"Germany","201928","H. Sipman & D. Heinrich","B","GERMANY, Brandenburg: Uckermark, W of Ahrensdorf , E of Seehof. Alt. 60 m.","Lichen Herbarium Berlin",NA,"GBIF",NA
2365720355,"85739778-f762-11e1-a439-00145eb45e9a",13.305,52.4517,2019,"6",12,"Germany","201976","H. Sipman","B","GERMANY, Berlin:  Botanischer Garten Berlin-Dahlem, Arboretum, Pyrus field. Alt. ca. 40 m.","Lichen Herbarium Berlin",NA,"GBIF",NA
1946699725,"828a3d8c-f762-11e1-a439-00145eb45e9a",19.854717,48.178617,2018,"5",24,"Slovakia","54464-771",NA,"FR","omoka, um den Waldparkplatz","Herbarium Senckenbergianum (FR) - Fungi",NA,"GBIF",NA
1949725388,"828a3d8c-f762-11e1-a439-00145eb45e9a",18.440883,47.803417,2018,"5",21,"Slovakia","54334-771",NA,"FR","Búcs","Herbarium Senckenbergianum (FR) - Fungi",NA,"GBIF",NA
1949725389,"828a3d8c-f762-11e1-a439-00145eb45e9a",18.740833,47.832783,2018,"5",21,"Slovakia","54378-771",NA,"FR","über Garamkövesd","Herbarium Senckenbergianum (FR) - Fungi",NA,"GBIF",NA
2303272890,"828a3d8c-f762-11e1-a439-00145eb45e9a",24.187783,47.96305,2018,"7",19,"Ukraine","54684-771",NA,"FR","beim Mittelpunkt Europas","Herbarium Senckenbergianum (FR) - Fungi",NA,"GBIF",NA
1848984620,"858c1c6c-f762-11e1-a439-00145eb45e9a",8.706463,48.882392,2017,"12",5,"Germany","M-0290291 / 911650 / 469873","Dornes, A.P.","SNSB-M","DE, Baden-Württemberg, Schwarzwald-Randplatten: Pforzheim; Buckenberg, Kopernikusallee. In ca. 335 m. NN. MTB|Koor.: 7118/1 | 48.882392°, 08.706463°","BSMlichfungicoll",NA,"GBIF",NA
1657195730,"fb8ae15d-e30c-44b4-8f61-0bb0c1d90ff9",14.27556,45.33528,2016,"4",5,"Croatia","000330131","Mayrhofer,Helmut & Prettner,Matthias","GZU","Primorsko-Goranska.Veprinac. neben Straße die vom asphaltiertem Sportplatz Richtung Zatka führt","Herbarium GZU",NA,"GBIF",NA
1657195737,"fb8ae15d-e30c-44b4-8f61-0bb0c1d90ff9",14.27556,45.33528,2016,"4",5,"Croatia","000330177","Mayrhofer,Helmut & Prettner,Matthias","GZU","Primorsko-Goranska.Veprinac. neben Straße die vom asphaltiertem Sportplatz Richtung Zatka führt","Herbarium GZU",NA,"GBIF",NA
1676072330,"828a3d8c-f762-11e1-a439-00145eb45e9a",7.06075,51.043667,2016,"6",26,"Germany","43404",NA,"FR","Leverkusen. Oulustraße","Herbarium Senckenbergianum (FR) - Fungi",NA,"GBIF",NA
1676072351,"828a3d8c-f762-11e1-a439-00145eb45e9a",7.059167,51.04255,2016,"6",26,"Germany","43561",NA,"FR","Leverkusen","Herbarium Senckenbergianum (FR) - Fungi",NA,"GBIF",NA
1676072352,"828a3d8c-f762-11e1-a439-00145eb45e9a",14.525967,50.88555,2016,"6",11,"Czechia","43578",NA,"FR","bei Teichstatt","Herbarium Senckenbergianum (FR) - Fungi",NA,"GBIF",NA
2464717744,"f0ecd5eb-bc62-40fe-ab53-294cbb34a290",22.657056,48.207454,2016,"9",18,"Ukraine","CWU 202879","Alla Gromakova","CWU","near Berehove",NA,NA,"GBIF",NA
2013146438,"7948250c-6958-4a29-a670-ed1015b26252",7.0063,50.9577,2016,"11",26,"Germany","205550","S. Rui, E. Timdal","O","Köln, Mulheim, near Märchenbrunnen","L","Nordrhein-Westfalen","GBIF",NA
1836429507,"85739778-f762-11e1-a439-00145eb45e9a",5.31,52.1517,2016,"12",27,"Netherlands","195610","H. Sipman & A. Aptroot","B","THE NETHERLANDS, Utrecht: Soest, nature reserve Korte Duinen, afforestation in former Zonnegloren area. Alt. 10 m.","Lichen Herbarium Berlin",NA,"GBIF",NA
1676071657,"828a3d8c-f762-11e1-a439-00145eb45e9a",8.294635,50.156017,2015,"1",9,"Germany","221516",NA,"FR","Hoher Taunus, das Theißtal westl. von Niedernhausen, Feldkreuz bei den Fischteichen","Herbarium Senckenbergianum (FR) - Fungi",NA,"GBIF",NA
1099343026,"828a3d8c-f762-11e1-a439-00145eb45e9a",14.477783,51.403617,2015,"4",8,"Germany","39341",NA,"FR","bei Bärwalde","Herbarium Senckenbergianum (FR) - Fungi",NA,"GBIF",NA
1233566551,"828a3d8c-f762-11e1-a439-00145eb45e9a",8.17555,50.008617,2015,"10",21,"Germany","40966",NA,"FR","bei Mainz, Schloß Waldhausen","Herbarium Senckenbergianum (FR) - Fungi",NA,"GBIF",NA
1676071482,"828a3d8c-f762-11e1-a439-00145eb45e9a",8.637194,49.638333,2014,"4",12,"Germany","217255",NA,"FR","Heppenheim, In den langen Äckern, Untersuchungegebiet 1, Aufnahmebaum 3","Herbarium Senckenbergianum (FR) - Fungi",NA,"GBIF",NA
1676071496,"828a3d8c-f762-11e1-a439-00145eb45e9a",8.996194,49.670389,2014,"4",27,"Germany","217292",NA,"FR","Michelstadt, auf einem Parkplatz am Roßbacher Weg, Untersuchungsgebiet 2, Aufnahmebaum 6","Herbarium Senckenbergianum (FR) - Fungi",NA,"GBIF",NA
1676071526,"828a3d8c-f762-11e1-a439-00145eb45e9a",8.664972,49.876528,2014,"6",22,"Germany","217356",NA,"FR","Darmstadt, Mathildenhöhe/Nikolaiweg, Untersuchungsgebiet 4, Aufnahmebaum 6","Herbarium Senckenbergianum (FR) - Fungi",NA,"GBIF",NA
1676071581,"828a3d8c-f762-11e1-a439-00145eb45e9a",8.698056,50.127889,2014,"6",17,"Germany","217365",NA,"FR","Frankfurt am Main, Eckenheimer Landstraße, Untersuchungsgebiet 5, Aufnahmebaum 2","Herbarium Senckenbergianum (FR) - Fungi",NA,"GBIF",NA
1676071613,"828a3d8c-f762-11e1-a439-00145eb45e9a",8.583734,50.077225,2014,"7",15,"Germany","218131",NA,"FR","Untermainebene, Frankfurt, Schwanheim, Schwanheimer Wald, Rechte Wiese"" östl. der Schwanheimer Bahnstraße""","Herbarium Senckenbergianum (FR) - Fungi",NA,"GBIF",NA
1676071604,"828a3d8c-f762-11e1-a439-00145eb45e9a",8.589444,50.077867,2014,"9",23,"Germany","221182",NA,"FR","Frankfurt, Schwanheimer Wald","Herbarium Senckenbergianum (FR) - Fungi",NA,"GBIF",NA
1061246641,"828a3d8c-f762-11e1-a439-00145eb45e9a",14.193617,50.946667,2014,"10",28,"Germany","38440",NA,"FR","Sebnitztal","Herbarium Senckenbergianum (FR) - Fungi",NA,"GBIF",NA
1086983739,"828a3d8c-f762-11e1-a439-00145eb45e9a",13.87075,51.29705,2014,"10",2,"Germany","38768",NA,"FR","Königshöhe, 350 m WNW","Herbarium Senckenbergianum (FR) - Fungi",NA,"GBIF",NA
1676071614,"828a3d8c-f762-11e1-a439-00145eb45e9a",8.580556,50.08045,2014,"11",26,"Germany","221339",NA,"FR","Frankfurt, Schwanheimer Wald","Herbarium Senckenbergianum (FR) - Fungi",NA,"GBIF",NA
1676071617,"828a3d8c-f762-11e1-a439-00145eb45e9a",8.580556,50.08045,2014,"11",26,"Germany","221338",NA,"FR","Frankfurt, Schwanheimer Wald","Herbarium Senckenbergianum (FR) - Fungi",NA,"GBIF",NA
1676071621,"828a3d8c-f762-11e1-a439-00145eb45e9a",8.5775,50.080367,2014,"11",26,"Germany","221333",NA,"FR","Frankfurt, Schwanheimer Wald","Herbarium Senckenbergianum (FR) - Fungi",NA,"GBIF",NA
1676071656,"828a3d8c-f762-11e1-a439-00145eb45e9a",8.580556,50.08045,2014,"11",26,"Germany","221341",NA,"FR","Frankfurt, Schwanheimer Wald","Herbarium Senckenbergianum (FR) - Fungi",NA,"GBIF",NA
1099343027,"828a3d8c-f762-11e1-a439-00145eb45e9a",8.6622,50.253633,2013,"8",27,"Germany","39260",NA,"FR","Bei Frichdrichsdorf - Burgholzhausen, Autobahnrastplatz","Herbarium Senckenbergianum (FR) - Fungi",NA,"GBIF",NA
1233566521,"828a3d8c-f762-11e1-a439-00145eb45e9a",16.551067,45.911667,2013,"8",28,"Croatia","37514",NA,"FR","bei Stari Glog","Herbarium Senckenbergianum (FR) - Fungi",NA,"GBIF",NA
1212224590,"85739778-f762-11e1-a439-00145eb45e9a",5.26,52.1433,2013,"12",28,"Netherlands","186228","H. Sipman & A. Aptroot","B","THE NETHERLANDS, Utrecht: Soesterberg, former airfield, near ecoduct Op Hees. Alt. 10 m.","Lichen Herbarium Berlin",NA,"GBIF",NA
788729059,"aab0cf80-0c64-11dd-84d1-b8a03c50a862",6.203056,45.826944,2011,"1",8,"France","1493960","A. Thell","LD","Duingt","General","Auvergne-Rhône-Alpes","GBIF",NA
914864638,"828a3d8c-f762-11e1-a439-00145eb45e9a",14.532217,51.926383,2011,"3",27,"Germany","29452",NA,"FR","zwischen Tauer & Bärenklau, unweit von Krolls Lauch","Herbarium Senckenbergianum (FR) - Fungi",NA,"GBIF",NA
1676070722,"828a3d8c-f762-11e1-a439-00145eb45e9a",10.803611,45.748333,2011,"6",20,"Italy","67838",NA,"FR","Prov. Verona, Lago di Garda, Malcesine, Loc. Caris, Via Caris","Herbarium Senckenbergianum (FR) - Fungi",NA,"GBIF",NA
914864456,"828a3d8c-f762-11e1-a439-00145eb45e9a",13.87195,51.517783,2011,"8",16,"Germany","29518",NA,"FR","Schipkau","Herbarium Senckenbergianum (FR) - Fungi",NA,"GBIF",NA
914864555,"828a3d8c-f762-11e1-a439-00145eb45e9a",14.691667,50.92805,2011,"9",30,"Germany","31822",NA,"FR","Niederoderwitz","Herbarium Senckenbergianum (FR) - Fungi",NA,"GBIF",NA
914864690,"828a3d8c-f762-11e1-a439-00145eb45e9a",14.691667,50.92805,2011,"9",30,"Germany","31941",NA,"FR","Wald zwischen Spitzkunnersdorf und Hainewalde","Herbarium Senckenbergianum (FR) - Fungi",NA,"GBIF",NA
1676069877,"828a3d8c-f762-11e1-a439-00145eb45e9a",8.2725,50.141111,2011,"12",3,"Germany","218395-P3404",NA,"FR","Wiesbaden, Naurod. Taunus, nordwestlich Kellerskopf im Trockenborn.","Herbarium Senckenbergianum (FR) - Fungi",NA,"GBIF",NA
1212215412,"85739778-f762-11e1-a439-00145eb45e9a",13.1232,52.4332,2010,"8",30,"Germany","122071","H. Sipman, P. & B. v.d. Boom","B","GERMANY, Berlin: southern part of lake Wannsee, island Pfaueninsel. Alt. c. 40 m.","Lichen Herbarium Berlin",NA,"GBIF",NA
1212209505,"85739778-f762-11e1-a439-00145eb45e9a",9.0217,53.445,2008,"4",6,"Germany","103399","H. Sipman","B","DEUTSCHLAND, Niedersachsen: Landkr. Landkreis Rotenburg (Wümme). Oese E of Basdahl, near the church. MTB 2520/3A2. Elev. 20 m.","Lichen Herbarium Berlin",NA,"GBIF",NA
914864692,"828a3d8c-f762-11e1-a439-00145eb45e9a",5.307783,46.32195,2005,"7",11,"France","22285",NA,"FR","Bourg en Bresse, ca. 16 km N, Rastplatz an der Straße N 83 von NE in Richtung Lyon","Herbarium Senckenbergianum (FR) - Fungi",NA,"GBIF",NA
914864732,"828a3d8c-f762-11e1-a439-00145eb45e9a",5.307783,46.32195,2005,"7",11,"France","22298",NA,"FR","Bourg en Bresse, ca. 16 km N, Rastplatz an der Straße N 83 von NE in Richtung Lyon","Herbarium Senckenbergianum (FR) - Fungi",NA,"GBIF",NA
1935715677,"5830fa3c-497c-4d37-b771-bd6c84997f2c",15.83389,47.30639,2003,"4",1,"Austria","0043163","Suppan,Ursula","GJO","[Österreich, Steiermark; Naturpark Pöllauer Tal]  Gmde. Pöllau, Ortsgebiet von Pöllau, Aupark ca. 400 m N von Schloss Pöllau [425 m, 8661/3 (47°18'23""N, 15°50'02""E ±200 m) Bezirk Hartberg-Fürstenfeld, Gemeinde Pöllau, Katastralgemeinde Pöllau]","Herbarium GJO",NA,"GBIF",NA
1935715680,"5830fa3c-497c-4d37-b771-bd6c84997f2c",15.74667,47.33639,2003,"4",1,"Austria","0042952","Suppan,Ursula","GJO","[Österreich, Steiermark; Naturpark Pöllauer Tal]  Gmde. Saifen-Boden, Winkl-Boden, ca, 500 m S Gschaidwirt, W unterhalb an die Landesstraße anschließend [790 m, 8660/3 (47°20'11""N, 15°44'48""E ±300 m) Bezirk Hartberg-Fürstenfeld, Gemeinde Pöllau]","Herbarium GJO",NA,"GBIF",NA
1935715690,"5830fa3c-497c-4d37-b771-bd6c84997f2c",15.87583,47.25917,2003,"4",18,"Austria","0042573","Suppan,Ursula","GJO","[Österreich, Steiermark; Naturpark Pöllauer Tal]  Gmde. Schönegg, Schönau, am Unterlauf des Kroisbaches zwischen Schönaudorf und der Einmündung in die Pöllauer Safen [360 m, 8761/1 (47°15'33""N, 15°52'33""E ±200 m) Bezirk Hartberg-Fürstenfeld, Gemeinde Pöllau]","Herbarium GJO",NA,"GBIF",NA
1935715710,"5830fa3c-497c-4d37-b771-bd6c84997f2c",15.85417,47.26528,2003,"4",18,"Austria","0042592","Suppan,Ursula","GJO","[Österreich, Steiermark; Naturpark Pöllauer Tal]  Gmde. Schönegg, Hinteregg, am Kroisbach oberhalb Schönau, Unterhang und Au am Kroisbach, NE bis NNE des Gehöftes Holzmann [410 m, 8761/1 (47°15'55""N, 15°51'15""E ±300 m) Bezirk Hartberg-Fürstenfeld, Gemeinde Pöllau]","Herbarium GJO",NA,"GBIF",NA
1935715723,"5830fa3c-497c-4d37-b771-bd6c84997f2c",15.83389,47.30639,2003,"4",1,"Austria","0043155","Suppan,Ursula","GJO","[Österreich, Steiermark; Naturpark Pöllauer Tal]  Gmde. Pöllau, Ortsgebiet von Pöllau, Aupark ca. 400 m N von Schloss Pöllau [425 m, 8661/3 (47°18'23""N, 15°50'02""E ±200 m) Bezirk Hartberg-Fürstenfeld, Gemeinde Pöllau, Katastralgemeinde Pöllau]","Herbarium GJO",NA,"GBIF",NA
1935715791,"5830fa3c-497c-4d37-b771-bd6c84997f2c",15.84167,47.25556,2003,"4",18,"Austria","0044306","Suppan,Ursula","GJO","[Österreich, Steiermark]  Naturpark Pöllauer Tal: Gmde Schönegg, Lehen, Föhrenwald WSW Ghf. Schrank [640 m, 8761/1 (47°15'20""N, 15°50'30""E ±250 m) Bezirk Hartberg-Fürstenfeld, Gemeinde Pöllau]","Herbarium GJO",NA,"GBIF",NA
1935715627,"5830fa3c-497c-4d37-b771-bd6c84997f2c",15.79944,47.33694,2003,"5",1,"Austria","0042652","Suppan,Ursula","GJO","[Österreich, Steiermark; Naturpark Pöllauer Tal]  Gmde. Sonnhofen, Köppelreith, Sternbauerkogel, Kugelbuche, ca. 230 m NW des Sternbauerkogels [707 m, 8660/4 (47°20'13""N, 15°47'58""E ±200 m) Bezirk Hartberg-Fürstenfeld, Gemeinde Pöllau]","Herbarium GJO",NA,"GBIF",NA
1935715663,"5830fa3c-497c-4d37-b771-bd6c84997f2c",15.81944,47.34167,2003,"5",1,"Austria","0042674","Suppan,Ursula","GJO","[Österreich, Steiermark; Naturpark Pöllauer Tal]  Gmde. Sonnhofen, Prätis, ca. 700 m WSW unterhalb Straßhöf, ca. 300 m NNE des Sägewerkes, am Oberen Rand des Waldes [570 m, 8660/4 (47°20'30""N, 15°49'10""E ±300 m) Bezirk Hartberg-Fürstenfeld, Gemeinde Pöllau]","Herbarium GJO",NA,"GBIF",NA
1935715669,"5830fa3c-497c-4d37-b771-bd6c84997f2c",15.77083,47.30833,2003,"5",10,"Austria","0042804","Suppan,Ursula","GJO","[Österreich, Steiermark; Naturpark Pöllauer Tal]  Gmde. Rabenwald, Oberer Rabenwald, In der Eben, ca. 200 m S bis 500 m W von Mauerhöf [740 m, 8660/4 (47°18'30""N, 15°46'15""E ±800 m) Bezirk Hartberg-Fürstenfeld, Gemeinde Pöllau, Katastralgemeinde Rabenwald]","Herbarium GJO",NA,"GBIF",NA
1935715684,"5830fa3c-497c-4d37-b771-bd6c84997f2c",15.87917,47.28056,2003,"5",17,"Austria","0042448","Suppan,Ursula","GJO","[Österreich, Steiermark; Naturpark Pöllauer Tal]  Gmde. Schönegg, Söllnerdorf ca. 1 km NNW Winzendorf, zwischen der Hochstraße nach Pöllauberg und den Kartteichen [405 m, 8761/1 (47°16'50""N, 15°52'45""E ±200 m) Bezirk Hartberg-Fürstenfeld, Gemeinde Pöllau]","Herbarium GJO",NA,"GBIF",NA
1935715703,"5830fa3c-497c-4d37-b771-bd6c84997f2c",15.79472,47.29611,2003,"5",9,"Austria","0042827","Suppan,Ursula","GJO","[Österreich, Steiermark; Naturpark Pöllauer Tal]  Gmde. Rabenwald, Haregg, ca. 70 m E des Gehöftes Heil [670 m, 8760/2 (47°17'46""N, 15°47'41""E ±100 m) Bezirk Hartberg-Fürstenfeld, Gemeinde Pöllau, Katastralgemeinde Rabenwald]","Herbarium GJO",NA,"GBIF",NA
1935715712,"5830fa3c-497c-4d37-b771-bd6c84997f2c",15.825,47.30139,2003,"5",10,"Austria","0043196","Suppan,Ursula","GJO","[Österreich, Steiermark; Naturpark Pöllauer Tal]  Gmde. Pöllau, an der Straße nach In der Eben, Straßenknick nach N ca. 500 m W des dicht verbauten Siedlungsgebietes von Pöllau, ca 1 km E des Gutes Lehenshofen [460 m, 8660/4 (47°18'05""N, 15°49'30""E ±200 m) Bezirk Hartberg-Fürstenfeld, Gemeinde Pöllau, Katastralgemeinde Pöllau]","Herbarium GJO",NA,"GBIF",NA
1935715724,"5830fa3c-497c-4d37-b771-bd6c84997f2c",15.84444,47.29861,2003,"5",16,"Austria","0043241","Suppan,Ursula","GJO","[Österreich, Steiermark; Naturpark Pöllauer Tal]  Gmde. Pöllauberg, ""Bergwald"", ca. 550 m E bis SE des Ortskernes von Pöllau [440 m, 8761/1 (47°17'55""N, 15°50'40""E ±200 m) Bezirk Hartberg-Fürstenfeld, Gemeinde Pöllauberg]","Herbarium GJO",NA,"GBIF",NA
1935715730,"5830fa3c-497c-4d37-b771-bd6c84997f2c",15.83194,47.30278,2003,"5",16,"Austria","0043104","Suppan,Ursula","GJO","[Österreich, Steiermark; Naturpark Pöllauer Tal]  Gmde. Pöllau, Ortsgebiet von Pöllau, Schlosspark unmitelbar WSW von Schloss Pöllau [430 m, 8660/4 (47°18'10""N, 15°49'55""E ±200 m) Bezirk Hartberg-Fürstenfeld, Gemeinde Pöllau, Katastralgemeinde Pöllau]","Herbarium GJO",NA,"GBIF",NA
1935715808,"5830fa3c-497c-4d37-b771-bd6c84997f2c",15.8125,47.30694,2003,"5",10,"Austria","0042724","Suppan,Ursula","GJO","[Österreich, Steiermark; Naturpark Pöllauer Tal]  Gmde. Rabenwald, an der Straße von Pöllau zum Gehöft Wirtpoldl, ca. 300 m NE vom Schloss Lehenshofen [480 m, 8660/4 (47°18'25""N, 15°48'45""E ±300 m) Bezirk Hartberg-Fürstenfeld, Gemeinde Pöllau, Katastralgemeinde Rabenwald]","Herbarium GJO",NA,"GBIF",NA
1935715691,"5830fa3c-497c-4d37-b771-bd6c84997f2c",15.86944,47.275,2003,"6",4,"Austria","0042517","Suppan,Ursula","GJO","[Österreich, Steiermark; Naturpark Pöllauer Tal]  Gmde. Schönegg, Schönau bei Pöllau, an der Außenseite des Teichdammes [8761/1 (47°16'30""N, 15°52'10""E ±250 m) Bezirk Hartberg-Fürstenfeld, Gemeinde Pöllau]","Herbarium GJO",NA,"GBIF",NA
1638417539,"fb8ae15d-e30c-44b4-8f61-0bb0c1d90ff9",13.65833,46.31667,2003,"7",6,"Slovenia","000315476","Mayrhofer,Helmut","GZU","[Primorska] Southern Alps, Julian Alps, Lepena valley SSW of Soča (E of Bovec), on the riverbank of Lepenca","Herbarium GZU",NA,"GBIF",NA
1638417827,"fb8ae15d-e30c-44b4-8f61-0bb0c1d90ff9",13.60278,46.40278,2003,"7",2,"Slovenia","000315510","Mayrhofer,Helmut","GZU","[Primorska] Southern Alps, Julian Alps, Koritinca valley NNE of Bovec, by the village Log pod Margartom, NE of Spodnji Log","Herbarium GZU",NA,"GBIF",NA
1657195700,"fb8ae15d-e30c-44b4-8f61-0bb0c1d90ff9",13.55556,46.31944,2003,"7",4,"Slovenia","000325440","Mayrhofer,Helmut","GZU","[Primorska] Southern Alps, Julian Alps, Cezsoča S of Bovec, SE above the village","Herbarium GZU",NA,"GBIF",NA
1717204674,"cef8bb20-149a-11de-bab0-b8a03c50a862",16.962276,50.322979,2003,"7",27,"Poland",NA,"Szczepańska, K.","MNHW","p: dolnośląskie; c: Kłodzko; Nowy Gierałtów",NA,"dolnośląskie","GBIF",NA
1717204703,"cef8bb20-149a-11de-bab0-b8a03c50a862",16.962276,50.322979,2003,"7",28,"Poland",NA,"Szczepańska, K.","MNHW","p: dolnośląskie; c: Kłodzko; Czernica Mt.",NA,"dolnośląskie","GBIF",NA
1717204189,"cef8bb20-149a-11de-bab0-b8a03c50a862",16.686029,50.227974,2003,"8",23,"Poland",NA,"Szczepańska, K.","MNHW","p: dolnośląskie; c: Kłodzko; Międzygórze",NA,"dolnośląskie","GBIF",NA
1717205952,"cef8bb20-149a-11de-bab0-b8a03c50a862",16.826168,50.230893,2003,"8",25,"Poland",NA,"Szczepańska, K.","MNHW","p: dolnośląskie; c: Kłodzko; Idzików",NA,"dolnośląskie","GBIF",NA
NA,NA,13.289202,52.449384,2003,"21 Nov.",NA,"GERMANY","66325","H. Sipman & J.-G. Knoph","BERLIN_DB","DEUTSCHLAND, Berlin: Bez. Zehlendorf, Triest park, at corner Habelschwerdter Allee/Kaiserswerther Str. Alt. ca. 50 m.",NA,NA,"BERLIN_DB",""
1212197946,"85739778-f762-11e1-a439-00145eb45e9a",20.5167,47.9667,1998,"8",2,"Hungary","56054","H. Sipman","B","HUNGARY, Bükk mountains. Kom. Borsod-Abaúj-Zemplén, Hór valley, surroundings of Oszla, ca. 4 km N of Cserépfalu, DU 61, alt. 220-270 m.","Lichen Herbarium Berlin",NA,"GBIF",NA
152949346,"89579e3e-f762-11e1-a439-00145eb45e9a",13.745368,46.19964,1997,"6",5,"Slovenia","F779643","Primožič K.","ULBF-AGR",NA,"FloVegSI-FLO",NA,"GBIF",NA
152949347,"89579e3e-f762-11e1-a439-00145eb45e9a",13.745368,46.19964,1997,"6",5,"Slovenia","F779658","Primožič K.","ULBF-AGR",NA,"FloVegSI-FLO",NA,"GBIF",NA
152949348,"89579e3e-f762-11e1-a439-00145eb45e9a",13.745368,46.19964,1997,"6",5,"Slovenia","F779666","Primožič K.","ULBF-AGR",NA,"FloVegSI-FLO",NA,"GBIF",NA
152949349,"89579e3e-f762-11e1-a439-00145eb45e9a",13.912012,46.199647,1997,"6",5,"Slovenia","F779684","Primožič K.","ULBF-AGR",NA,"FloVegSI-FLO",NA,"GBIF",NA
152949356,"89579e3e-f762-11e1-a439-00145eb45e9a",13.912012,46.199647,1997,"6",20,"Slovenia","F780047","Primožič K.","ULBF-AGR",NA,"FloVegSI-FLO",NA,"GBIF",NA
152949358,"89579e3e-f762-11e1-a439-00145eb45e9a",13.912003,46.299635,1996,"5",24,"Slovenia","F780112","Primožič K.","ULBF-AGR",NA,"FloVegSI-FLO",NA,"GBIF",NA
152949360,"89579e3e-f762-11e1-a439-00145eb45e9a",13.745368,46.19964,1996,"7",25,"Slovenia","F780143","Primožič K.","ULBF-AGR",NA,"FloVegSI-FLO",NA,"GBIF",NA
152949361,"89579e3e-f762-11e1-a439-00145eb45e9a",13.745368,46.19964,1996,"7",25,"Slovenia","F780151","Primožič K.","ULBF-AGR",NA,"FloVegSI-FLO",NA,"GBIF",NA
152949362,"89579e3e-f762-11e1-a439-00145eb45e9a",13.912012,46.199647,1996,"7",20,"Slovenia","F780227","Primožič K.","ULBF-AGR",NA,"FloVegSI-FLO",NA,"GBIF",NA
152949363,"89579e3e-f762-11e1-a439-00145eb45e9a",13.912003,46.299635,1996,"7",20,"Slovenia","F780237","Primožič K.","ULBF-AGR",NA,"FloVegSI-FLO",NA,"GBIF",NA
152949314,"89579e3e-f762-11e1-a439-00145eb45e9a",13.745342,46.499604,1996,"10",11,"Slovenia","F777863","Surina B.","ULBF-AGR",NA,"FloVegSI-FLO",NA,"GBIF",NA
152949317,"89579e3e-f762-11e1-a439-00145eb45e9a",13.745342,46.499604,1996,"10",11,"Slovenia","F778054","Surina B.","ULBF-AGR",NA,"FloVegSI-FLO",NA,"GBIF",NA
152949326,"89579e3e-f762-11e1-a439-00145eb45e9a",13.911986,46.499611,1996,"10",13,"Slovenia","F778649","Surina B.","ULBF-AGR",NA,"FloVegSI-FLO",NA,"GBIF",NA
152949351,"89579e3e-f762-11e1-a439-00145eb45e9a",13.745376,46.099652,1995,"5",10,"Slovenia","F779720","Pruegger J.","ULBF-AGR",NA,"FloVegSI-FLO",NA,"GBIF",NA
152949352,"89579e3e-f762-11e1-a439-00145eb45e9a",13.745376,46.099652,1995,"5",10,"Slovenia","F779726","Pruegger J.","ULBF-AGR",NA,"FloVegSI-FLO",NA,"GBIF",NA
152949273,"89579e3e-f762-11e1-a439-00145eb45e9a",15.24513,46.599655,1993,"9",25,"Slovenia","F774816","Koch M., Mayrhofer H., Poelt J.","ULBF-AGR",NA,"FloVegSI-FLO",NA,"GBIF",NA
152949278,"89579e3e-f762-11e1-a439-00145eb45e9a",15.411775,46.599662,1992,"5",19,"Slovenia","F775421","Koch M., Mayrhofer H.","ULBF-AGR",NA,"FloVegSI-FLO",NA,"GBIF",NA
152949296,"89579e3e-f762-11e1-a439-00145eb45e9a",15.411793,46.399685,1992,"5",12,"Slovenia","F776525","Batič F., Kruhar B.","ULBF-AGR",NA,"FloVegSI-FLO",NA,"GBIF",NA
152949288,"89579e3e-f762-11e1-a439-00145eb45e9a",13.745426,45.499723,1990,"1",17,"Slovenia","F776004","Batič F.","ULBF-AGR",NA,"FloVegSI-FLO",NA,"GBIF",NA
1099072672,"7ba21c92-f762-11e1-a439-00145eb45e9a",11.58333,48.133339,1990,"2",8,"Germany","M-0102572 / 469381 / 188600","Deuter, H. (no. 1409)","SNSB-M","Germany, Bavaria, Upper Bavaria, München, Schmorellplatz.","BSMlichenscoll",NA,"GBIF",NA
1099072680,"7ba21c92-f762-11e1-a439-00145eb45e9a",11.58333,48.133339,1990,"2",8,"Germany","M-0102593 / 485917 / 188617","Deuter, H. (no. 1430)","SNSB-M","Germany, Bavaria, Upper Bavaria, München, Holzkirchnerstrasse, 140cm above ground, W.","BSMlichenscoll",NA,"GBIF",NA
1099072681,"7ba21c92-f762-11e1-a439-00145eb45e9a",11.58333,48.133339,1990,"2",8,"Germany","M-0102601 / 469429 / 188623","Deuter, H. (no. 1438)","SNSB-M","Germany, Bavaria, Upper Bavaria, München, Holzkirchnerstrasse, 160cm above ground.","BSMlichenscoll",NA,"GBIF",NA
1099072709,"7ba21c92-f762-11e1-a439-00145eb45e9a",11.58333,48.133339,1990,"2",20,"Germany","M-0162910 / 485744 / 195736","Deuter, H. (no. 1359)","SNSB-M","Germany, Bavaria, Upper Bavaria, München, Südende der Forstenriederallee, 140cm above ground, S.","BSMlichenscoll",NA,"GBIF",NA
1099072695,"7ba21c92-f762-11e1-a439-00145eb45e9a",11.58333,48.133339,1990,"3",22,"Germany","M-0162863 / 485651 / 195692","Deuter, H. (no. 1309)","SNSB-M","Germany, Bavaria, Upper Bavaria, München, Sondermeierstrasse.","BSMlichenscoll",NA,"GBIF",NA
1099072700,"7ba21c92-f762-11e1-a439-00145eb45e9a",11.58333,48.133339,1990,"3",21,"Germany","M-0162764 / 485436 / 195584","Deuter, H. (no. 1209)","SNSB-M","Germany, Bavaria, Upper Bavaria, München, Friedenspromenade.","BSMlichenscoll",NA,"GBIF",NA
1099072705,"7ba21c92-f762-11e1-a439-00145eb45e9a",11.58333,48.133339,1990,"3",21,"Germany","M-0162769 / 485446 / 195589","Deuter, H. (no. 1215)","SNSB-M","Germany, Bavaria, Upper Bavaria, München, Friedenspromenade.","BSMlichenscoll",NA,"GBIF",NA
1099072714,"7ba21c92-f762-11e1-a439-00145eb45e9a",11.58333,48.133339,1990,"3",21,"Germany","M-0162765 / 485438 / 195585","Deuter, H. (no. 1210)","SNSB-M","Germany, Bavaria, Upper Bavaria, München, Friedenspromenade.","BSMlichenscoll",NA,"GBIF",NA
1099072698,"7ba21c92-f762-11e1-a439-00145eb45e9a",11.58333,48.133339,1989,"2",5,"Germany","M-0162113 / 471559 / 190699","Deuter, H. (no. 0540)","SNSB-M","Germany, Bavaria, Upper Bavaria, München, Botanischer Garten, Wegmarke 18.","BSMlichenscoll",NA,"GBIF",NA
1099072710,"7ba21c92-f762-11e1-a439-00145eb45e9a",11.58333,48.133339,1989,"5",9,"Germany","M-0162603 / 481259 / 193371","Deuter, H. (no. 1037)","SNSB-M","Germany, Bavaria, Upper Bavaria, München, Heulsuss, Waltrudering.","BSMlichenscoll",NA,"GBIF",NA
NA,NA,13.026685,47.692,1989,"17. sept.",NA,"GERMANY","38721","H. Sipman","BERLIN_DB","GERMANY, BAYERN. Berchtesgaden, Marktschellenberg. Alt. 750 m. Along trail to Salzburger Hochthron, on Hochbartkogel. E-facing slope with remnants of old Fagus-forest, Picea and Abies.",NA,NA,"BERLIN_DB",""
1099072712,"7ba21c92-f762-11e1-a439-00145eb45e9a",11.58333,48.133339,1988,"2",21,"Germany","M-0161608 / 468409 / 188074","Deuter, H. (no. 0018)","SNSB-M","Germany, Bavaria, Upper Bavaria, München, Solln, Berthelestrasse, gegenüber Klinik, 140cm above ground, S/O.","BSMlichenscoll",NA,"GBIF",NA
1099072713,"7ba21c92-f762-11e1-a439-00145eb45e9a",11.58333,48.133339,1988,"2",1,"Germany","M-0162511 / 480928 / 193274","Deuter, H. (no. 0940)","SNSB-M","Germany, Bavaria, Upper Bavaria, München, Freimann, Libellenstrasse.","BSMlichenscoll",NA,"GBIF",NA
1099072685,"7ba21c92-f762-11e1-a439-00145eb45e9a",11.58333,48.133339,1988,"3",27,"Germany","M-0162252 / 480493 / 193058","Deuter, H. (no. 0680)","SNSB-M","Germany, Bavaria, Upper Bavaria, München, Fasangartenstrasse.","BSMlichenscoll",NA,"GBIF",NA
1099072687,"7ba21c92-f762-11e1-a439-00145eb45e9a",11.58333,48.133339,1988,"4",18,"Germany","M-0162042 / 469224 / 188517","Deuter, H. (no. 0467)","SNSB-M","Germany, Bavaria, Upper Bavaria, München, Theodolindenstrasse.","BSMlichenscoll",NA,"GBIF",NA
1099072692,"7ba21c92-f762-11e1-a439-00145eb45e9a",11.58333,48.133339,1988,"4",16,"Germany","M-0162014 / 469176 / 188493","Deuter, H. (no. 0439)","SNSB-M","Germany, Bavaria, Upper Bavaria, München, Fasangarten, Cincinnatistrasse.","BSMlichenscoll",NA,"GBIF",NA
1099072697,"7ba21c92-f762-11e1-a439-00145eb45e9a",11.58333,48.133339,1988,"4",16,"Germany","M-0162072 / 469278 / 188544","Deuter, H. (no. 0499)","SNSB-M","Germany, Bavaria, Upper Bavaria, München, Cicinnatistrasse.","BSMlichenscoll",NA,"GBIF",NA
1099072699,"7ba21c92-f762-11e1-a439-00145eb45e9a",11.58333,48.133339,1988,"4",17,"Germany","M-0162025 / 468157 / 187950","Deuter, H. (no. 0450)","SNSB-M","Germany, Bavaria, Upper Bavaria, München, Stadelheimerstrasse.","BSMlichenscoll",NA,"GBIF",NA
1099072684,"7ba21c92-f762-11e1-a439-00145eb45e9a",11.58333,48.133339,1988,"6",26,"Germany","M-0161816 / 468767 / 188253","Deuter, H. (no. 0232)","SNSB-M","Germany, Bavaria, Upper Bavaria, München, zwischen Bahnlinie, Park ""An der Schlossmauer"" westlich des Nymphenburger Parks.","BSMlichenscoll",NA,"GBIF",NA
1099072696,"7ba21c92-f762-11e1-a439-00145eb45e9a",11.58333,48.133339,1988,"6",2,"Germany","M-0162268 / 480519 / 193071","Deuter, H. (no. 0696)","SNSB-M","Germany, Bavaria, Upper Bavaria, München, Thalkirchnerstrasse.","BSMlichenscoll",NA,"GBIF",NA
1099072707,"7ba21c92-f762-11e1-a439-00145eb45e9a",11.58333,48.133339,1988,"6",3,"Germany","M-0162328 / 480627 / 193125","Deuter, H. (no. 0756)","SNSB-M","Germany, Bavaria, Upper Bavaria, München, Obersendling, Aidenbachstrasse.","BSMlichenscoll",NA,"GBIF",NA
1099072716,"7ba21c92-f762-11e1-a439-00145eb45e9a",11.58333,48.133339,1988,"6",2,"Germany","M-0162340 / 480651 / 193137","Deuter, H. (no. 0768)","SNSB-M","Germany, Bavaria, Upper Bavaria, München, Putzbrunnerstrasse.","BSMlichenscoll",NA,"GBIF",NA
1099072674,"7ba21c92-f762-11e1-a439-00145eb45e9a",11.58333,48.133339,1988,"7",26,"Germany","M-0102621 / 469461 / 188639","Deuter, H. (no. 1458)","SNSB-M","Germany, Bavaria, Upper Bavaria, München, Waldfriedhof.","BSMlichenscoll",NA,"GBIF",NA
1099072676,"7ba21c92-f762-11e1-a439-00145eb45e9a",11.58333,48.133339,1988,"7",24,"Germany","M-0161785 / 468715 / 188227","Deuter, H. (no. 0201)","SNSB-M","Germany, Bavaria, Upper Bavaria, München, Schneizelreuth, Friedhofseingang.","BSMlichenscoll",NA,"GBIF",NA
1099072688,"7ba21c92-f762-11e1-a439-00145eb45e9a",11.58333,48.133339,1988,"7",26,"Germany","M-0161859 / 468155 / 187949","Deuter, H. (no. 0280)","SNSB-M","Germany, Bavaria, Upper Bavaria, München, Waldfriedhof.","BSMlichenscoll",NA,"GBIF",NA
1099072691,"7ba21c92-f762-11e1-a439-00145eb45e9a",11.58333,48.133339,1988,"9",26,"Germany","M-0161842 / 468807 / 188273","Deuter, H. (no. 0260)","SNSB-M","Germany, Bavaria, Upper Bavaria, München, Warnbergstrasse.","BSMlichenscoll",NA,"GBIF",NA
1099072715,"7ba21c92-f762-11e1-a439-00145eb45e9a",11.58333,48.133339,1988,"9",NA,"Germany","M-0162663 / 468161 / 187952","Deuter, H. (no. 1103)","SNSB-M","Germany, Bavaria, Upper Bavaria, München, Behringstrasse.","BSMlichenscoll",NA,"GBIF",NA
1099072689,"7ba21c92-f762-11e1-a439-00145eb45e9a",11.58333,48.133339,1988,"10",9,"Germany","M-0161955 / 468996 / 188384","Deuter, H. (no. 0380)","SNSB-M","Germany, Bavaria, Upper Bavaria, München, Truderinger Grenzkolonie.","BSMlichenscoll",NA,"GBIF",NA
1099072686,"7ba21c92-f762-11e1-a439-00145eb45e9a",11.58333,48.133339,1988,"11",15,"Germany","M-0162168 / 472820 / 191566","Deuter, H. (no. 0596)","SNSB-M","Germany, Bavaria, Upper Bavaria, München, Oberbiberg, Säbenerstrasse Nr.274.","BSMlichenscoll",NA,"GBIF",NA
1099072690,"7ba21c92-f762-11e1-a439-00145eb45e9a",11.58333,48.133339,1988,"11",15,"Germany","M-0162173 / 472830 / 191571","Deuter, H. (no. 0601)","SNSB-M","Germany, Bavaria, Upper Bavaria, München, Oberbiberg, Säbenerstrasse.","BSMlichenscoll",NA,"GBIF",NA
1099072693,"7ba21c92-f762-11e1-a439-00145eb45e9a",11.58333,48.133339,1988,"11",15,"Germany","M-0162185 / 472852 / 191582","Deuter, H. (no. 0613)","SNSB-M","Germany, Bavaria, Upper Bavaria, München, Säbererstrasse.","BSMlichenscoll",NA,"GBIF",NA
152949286,"89579e3e-f762-11e1-a439-00145eb45e9a",15.245148,46.399678,1987,"9",23,"Slovenia","F775884","Batič F.","ULBF-AGR",NA,"FloVegSI-FLO",NA,"GBIF",NA
152949285,"89579e3e-f762-11e1-a439-00145eb45e9a",14.245309,46.099672,1986,"10",15,"Slovenia","F775839","Batič F.","ULBF-AGR",NA,"FloVegSI-FLO",NA,"GBIF",NA
NA,NA,17.973473,42.713378,1984,"26.8.1984",NA,NA,"M-0302860","A. Vezda","MUNICH_HTL","Yugoslavia, Dlamatia, Dubrovnik, near Trsteno",NA,NA,"MUNICH_HTL",NA
2449364244,"85739778-f762-11e1-a439-00145eb45e9a",6.5667,47.8333,1983,"9",7,"France","114968","Frahm, Hakelier, Huerlimann","B","FRANKREICH, Dep. Haute Saône: Faucogney, Mauern und Baumstämme im Ortskern ca.400 mü. NN.  und Porphyrfelsklippen östlich des Ortes ca. 450 m ü.NN.","Lichen Herbarium Berlin",NA,"GBIF",NA
788604228,"aab0cf80-0c64-11dd-84d1-b8a03c50a862",23.048611,45.076111,1981,"7",27,"Romania","1362948","S. Svane","LD","Pestisani","General","Gorj","GBIF",NA
914864457,"828a3d8c-f762-11e1-a439-00145eb45e9a",21.979167,48.808333,1979,"4",24,"Slovakia","18046",NA,"FR","Vihorlat, in decl. sept. collis senderová prope pag. Vinné/ ad sept. ab opp. Michalovce versus","Herbarium Senckenbergianum (FR) - Fungi",NA,"GBIF",NA
2513362207,"15f819bd-6612-4447-854b-14d12ee1022d",5.017102,52.131907,1978,"8",8,"Netherlands","L.1037888","Wolters HJ",NA,"Maarssen; 'Maire Hofstede'.","Botany","Utrecht","GBIF",NA
NA,NA,6.934027,50.606822,1971,"31. März",NA,"GERMANY","97682","H. Breuer","BERLIN_DB","DEUTSCHLAND, Nordrhein-Westfalen: Kr. Bonn, Rheinbach, am ""Frischen Brünnchen"".",NA,NA,"BERLIN_DB","B 60 0141441"
788549065,"aab0cf80-0c64-11dd-84d1-b8a03c50a862",9.404444,48.789722,1970,"4",13,"Germany","1306203","Felix Schumm","LD","Schnaith","General","Baden-Württemberg","GBIF",NA
234011009,"905daf20-04fd-11df-8c28-b8a03c50a862",9.04937,48.54851,1970,"8",14,"Germany","41003","Schumm","UME",NA,"General",NA,"GBIF",NA
NA,NA,9.583686,54.60347,1970,"14. Sept.",NA,"GERMANY","114966","J.-P. Frahm","BERLIN_DB","DEUTSCHLAND, Schleswig-Holstein: Böklund, Kreis Schleswig - Flensburg.",NA,NA,"BERLIN_DB","B 60 0174196"
NA,NA,17.151389,48.641667,1969,"17.7.1968",NA,NA,"M-0301720","J. Franclová & I. Pišút","MUNICH_HTL","Slovakia, Záhorská nížina, near Šaštínske Stráže",NA,NA,"MUNICH_HTL",NA
2449364634,"85739778-f762-11e1-a439-00145eb45e9a",7.45,47.9333,1967,NA,NA,"France","178841","H. Reznik","B","FRANCE, Dep. Haut-Rhin: Alsace, Rüstenhart near Colmar.","Lichen Herbarium Berlin",NA,"GBIF",NA
NA,NA,6.900183,50.623883,1963,"09. Aug.",NA,"GERMANY","97684","H. Breuer","BERLIN_DB","DEUTSCHLAND, Nordrhein-Westfalen: Flamersheimer Wald, bei Rheinbach.",NA,NA,"BERLIN_DB","B 60 0141436"
NA,NA,6.944316,50.597448,1962,"30. Mai",NA,"GERMANY","97683","H. Breuer","BERLIN_DB","DEUTSCHLAND, Nordrhein-Westfalen: Kr. Bonn, Rheinbach, Schwarzes Kreuz.",NA,NA,"BERLIN_DB","B 60 0141451"
2449356615,"85739778-f762-11e1-a439-00145eb45e9a",8.5333,49.2833,1960,"10",2,"Germany","178700","H. Reznik","B","GERMANY, Baden-Württemberg: Nordbaden, Hubwald near Neu-Lussheim.","Lichen Herbarium Berlin",NA,"GBIF",NA
2449363698,"85739778-f762-11e1-a439-00145eb45e9a",8.4167,48.7,1960,"11",29,"Germany","178776","H. Reznik","B","GERMANY, Baden-Württemberg: Nordschwarzwald, im oberen Reichental, unterhalb Kaltenbronn.","Lichen Herbarium Berlin",NA,"GBIF",NA
NA,NA,8.672248,49.448729,1960,"07. Febr.",NA,"GERMANY","178727","H. Reznik","BERLIN_DB","GERMANY, Baden-Württemberg: Nordbaden, Odenwald - Bergstraße, Kirchberg bei Dossenheim, Eichen auf dem Gipfelplateau. Alt. 320 m.",NA,NA,"BERLIN_DB","B 60 0174500"
NA,NA,8.752367,49.442806,1960,"24. Febr.",NA,"GERMANY","178709","P. Martens","BERLIN_DB","GERMANY, Baden-Württemberg: Nordbaden, Odenwald, Peterstal bei Heidelberg.",NA,NA,"BERLIN_DB","B 60 0174497"
NA,NA,8.712455,49.469688,1960,"01. Febr.",NA,"GERMANY","178710","H. Reznik","BERLIN_DB","GERMANY, Baden-Württemberg: Nordbaden, Odenwald, Wendenkopf bei Schriesheim an der Bergstraße.",NA,NA,"BERLIN_DB","B 60 0174498"
NA,NA,8.564595,49.276059,1959,"Mai  .",NA,"GERMANY","178712","H. Reznik","BERLIN_DB","GERMANY, Baden-Württemberg: Nordbaden, Oberrhein-Ebene, Quercus im Kiefernwald südlich Reilingen.",NA,NA,"BERLIN_DB","B 60 0174499"
914864469,"828a3d8c-f762-11e1-a439-00145eb45e9a",22.666667,49.1375,1958,"9",20,"Poland","3961",NA,"FR","Bieszczady Zachodnie, prope rivulum Wolosaty in vico Berezki","Herbarium Senckenbergianum (FR) - Fungi",NA,"GBIF",NA
NA,NA,6.444977,49.855731,1958,"März",NA,"GERMANY","97686","H. Breuer","BERLIN_DB","DEUTSCHLAND, Rheinland-Pfalz: Kr. Bitburg, Irrel, Wasserfälle.",NA,NA,"BERLIN_DB","B 60 0141434"
914864706,"828a3d8c-f762-11e1-a439-00145eb45e9a",6.457217,49.92555,1957,"4",13,"Germany","3966",NA,"FR","Dockendorf","Herbarium Senckenbergianum (FR) - Fungi",NA,"GBIF",NA
788560612,"aab0cf80-0c64-11dd-84d1-b8a03c50a862",22.22597,49.96282,1956,"5",18,"Poland","1317847","K. Glanc","LD","No locality information available","General","Podkarpackie","GBIF",NA
NA,NA,9.0075,49.743197,1952,"17.4.1952",NA,"Deutschland",NA,"O. Behr","BERLIN_HTL","Bad König",NA,NA,"BERLIN_HTL",NA
788549482,"aab0cf80-0c64-11dd-84d1-b8a03c50a862",6.14,46.203889,1949,"5",28,"Switzerland","1306623","Ove Almborn","LD","Genève","General","Genève","GBIF",NA
788549601,"aab0cf80-0c64-11dd-84d1-b8a03c50a862",8.491944,47.349444,1949,"5",19,"Switzerland","1306743","Ove Almborn","LD","Uetliberg","General","Zürich","GBIF",NA
788604631,"aab0cf80-0c64-11dd-84d1-b8a03c50a862",8.491944,47.349444,1949,"5",19,"Switzerland","1363368","Ove Almborn","LD","Uetliberg","General","Zürich","GBIF",NA
788555923,"aab0cf80-0c64-11dd-84d1-b8a03c50a862",12.360833,46.422778,1948,"5",NA,"Italy","1313104","Hans Runemark","LD","Pieve di Cadore","General","Veneto","GBIF",NA
788555985,"aab0cf80-0c64-11dd-84d1-b8a03c50a862",12.360833,46.422778,1948,"5",NA,"Italy","1313164","Hans Runemark","LD","Pieve di Cadore","General","Veneto","GBIF",NA
NA,NA,8.95375,49.683022,1948,"28.11.1948",NA,"Deutschland",NA,"O. Behr","BERLIN_HTL","Steinbuch",NA,NA,"BERLIN_HTL",NA
442147592,"8589cc8c-f762-11e1-a439-00145eb45e9a",7.661667,47.612778,1945,"7",27,"Germany","B 60 0011490 / 145017 / 89797","Lettau, G.","B","Baden: Hünerberg bei Lörrach (400 m.)","Blettaucoll",NA,"GBIF",NA
788604864,"aab0cf80-0c64-11dd-84d1-b8a03c50a862",5.931111,50.768889,1942,"7",13,"Netherlands","1363608","R. A. Maas Geesteranus","LD","Camerig","General","Limburg","GBIF",NA
788567746,"aab0cf80-0c64-11dd-84d1-b8a03c50a862",5.789167,52.291111,1941,"10",27,"Netherlands","1325385","R. A. Maas Geesteranus","LD","Elspeet","General","Gelderland","GBIF",NA
788567975,"aab0cf80-0c64-11dd-84d1-b8a03c50a862",20.621944,48.100556,1938,"5",15,"Hungary","1325625","F. Fóriss","LD","Lillafüred","General","Borsod-Abaúj-Zemplén","GBIF",NA
914864496,"828a3d8c-f762-11e1-a439-00145eb45e9a",8.6975,49.899717,1937,"7",8,"Germany","3970",NA,"FR","Darmstadt, am Jagdschloß Kranichstein","Herbarium Senckenbergianum (FR) - Fungi",NA,"GBIF",NA
914864499,"828a3d8c-f762-11e1-a439-00145eb45e9a",9.530283,47.605833,1937,"9",13,"Germany","3963",NA,"FR","Langenargen am Bodensee, beim Sportplatz","Herbarium Senckenbergianum (FR) - Fungi",NA,"GBIF",NA
442147890,"8589cc8c-f762-11e1-a439-00145eb45e9a",7.695556,47.643612,1935,"6",NA,"Germany","B 60 0128061 / 149468 / 91429","Lettau, G.","B","Baden: Östlich Brombach (bei Lörrach), in einem Seitentälchen des Wiesentals, am Ausgang desselben.","Blettaucoll",NA,"GBIF",NA
2449353352,"85739778-f762-11e1-a439-00145eb45e9a",7.6717,47.6333,1929,"7",4,"Germany","118851","V. J. Grummann","B","DEUTSCHLAND, Baden-Württemberg: Haagen bei Lörrach, Röttler Wald.","Lichen Herbarium Berlin",NA,"GBIF",NA
NA,NA,16.048611,50.393889,1928,"1928",NA,NA,"M-0302856","V. Kutak","MUNICH_HTL","Czech Republic, Bohemia, near České Skalice",NA,NA,"MUNICH_HTL",NA
NA,NA,16.048611,50.393889,1926,"1926",NA,NA,"M-0301719","V. Kutak","MUNICH_HTL","Czech Republic, Bohemia, near České Skalice",NA,NA,"MUNICH_HTL",NA
NA,NA,16.048611,50.393889,1926,"1926",NA,NA,"M-0302857","V. Kutak","MUNICH_HTL","Czech Republic, Bohemia, near České Skalice",NA,NA,"MUNICH_HTL",NA
788605337,"aab0cf80-0c64-11dd-84d1-b8a03c50a862",8.41093,46.92607,1923,"7",23,"Switzerland","1364088","G. Einar du Rietz","LD","No locality information available","General","Nidwalden","GBIF",NA
442147645,"8589cc8c-f762-11e1-a439-00145eb45e9a",7.828333,47.77639,1915,"10",31,"Germany","B 60 0030125 / 145848 / 90103","Lettau, G.","B","Schwarzwald: Bürchau - Elbenschwand (kleines Wiesental)","Blettaucoll",NA,"GBIF",NA
442147644,"8589cc8c-f762-11e1-a439-00145eb45e9a",7.661667,47.612778,1914,"1",NA,"Germany","B 60 0030108a / 152105 / 92496","Lettau, G.","B","Baden: Lörrach - Tumringen","Blettaucoll",NA,"GBIF",NA
788567804,"aab0cf80-0c64-11dd-84d1-b8a03c50a862",17.17481,48.319,1914,"6",NA,"Slovakia","1325445","A. Zahlbruckner & G. Timkó","LD","No locality information available","General","Bratislavsky kraj","GBIF",NA
442147653,"8589cc8c-f762-11e1-a439-00145eb45e9a",7.695833,47.645557,1913,"5",11,"Germany","B 60 0034519 / 146158 / 90226","Lettau, G.","B","Baden: 1) Hauingen bei Lörrach","Blettaucoll",NA,"GBIF",NA
442147642,"8589cc8c-f762-11e1-a439-00145eb45e9a",7.956111,47.649445,1913,"10",19,"Germany","B 60 0030105b / 152103 / 92495","Lettau, G.","B","Baden: 2) Unterhalb Atdorf (Wehratal)","Blettaucoll",NA,"GBIF",NA
442147639,"8589cc8c-f762-11e1-a439-00145eb45e9a",7.646389,47.757221,1913,"11",23,"Germany","B 60 0030099 / 151647 / 92301","Lettau, G.","B","Baden: Oberhalb Obereggenen (bei Kandern)","Blettaucoll",NA,"GBIF",NA
442147643,"8589cc8c-f762-11e1-a439-00145eb45e9a",7.661667,47.612778,1912,"6",14,"Germany","B 60 0030108 / 151653 / 92304","Lettau, G.","B","Baden: Lörrach - Tumringen","Blettaucoll",NA,"GBIF",NA
442147641,"8589cc8c-f762-11e1-a439-00145eb45e9a",7.956111,47.649445,1911,"7",16,"Germany","B 60 0030105a / 151651 / 92303","Lettau, G.","B","Baden: 2) Unterhalb Atdorf (Wehratal)","Blettaucoll",NA,"GBIF",NA
442147640,"8589cc8c-f762-11e1-a439-00145eb45e9a",7.675,47.660557,1911,"9",17,"Germany","B 60 0030105 / 151649 / 92302","Lettau, G.","B","Baden:  1) Röttler Wald bei Lörrach","Blettaucoll",NA,"GBIF",NA
442147637,"8589cc8c-f762-11e1-a439-00145eb45e9a",11.104445,50.703335,1909,"4",9,"Germany","B 60 0030092 / 151642 / 92299","Lettau, G.","B","Thüringen:  1) Ruine Paulinzella, 380 m.","Blettaucoll",NA,"GBIF",NA
442147638,"8589cc8c-f762-11e1-a439-00145eb45e9a",11.265,50.685833,1909,"5",2,"Germany","B 60 0030092a / 151644 / 92300","Lettau, G.","B","Thüringen: 2) Werrasitz oberhalb Blankenburg, 350? m.","Blettaucoll",NA,"GBIF",NA
442147636,"8589cc8c-f762-11e1-a439-00145eb45e9a",8.690278,49.350555,1903,"6",28,"Germany","B 60 0030091 / 151640 / 92298","Lettau, G.","B","Baden: Oberhalb Leimen bei Heidelberg, 300 m.","Blettaucoll",NA,"GBIF",NA
234011008,"905daf20-04fd-11df-8c28-b8a03c50a862",9.04937,48.54851,1902,NA,NA,"Germany","40830","A. Wälde","UME",NA,"General",NA,"GBIF",NA
914864425,"828a3d8c-f762-11e1-a439-00145eb45e9a",24.05,46.133333,1899,"4",4,"Romania","24781",NA,"FR","Transsylvania, Langenthal","Herbarium Senckenbergianum (FR) - Fungi",NA,"GBIF",NA
NA,NA,12.174718,53.149468,1893,"12.1893",NA,"Deutschland",NA,"Jaap","BERLIN_HTL","Pritzwalk",NA,NA,"BERLIN_HTL",NA
788604286,"aab0cf80-0c64-11dd-84d1-b8a03c50a862",22.93998,45.74631,1883,"8",17,"Romania","1363008","J. Barth","LD","No locality information available","General","Hunedoara","GBIF",NA
788604342,"aab0cf80-0c64-11dd-84d1-b8a03c50a862",22.93998,45.74631,1883,"8",17,"Romania","1363068","J. Barth","LD","No locality information available","General","Hunedoara","GBIF",NA
788549186,"aab0cf80-0c64-11dd-84d1-b8a03c50a862",14.307778,46.623611,1881,"7",NA,"Austria","1306323","Arnold","LD","Klagenfurt","General","Kärnten","GBIF",NA
788553834,"aab0cf80-0c64-11dd-84d1-b8a03c50a862",11.598056,50.953889,1879,"4",3,"Germany","1310989","B. Jönsson","LD","Jena: Rautal","General","Thüringen","GBIF",NA
788549304,"aab0cf80-0c64-11dd-84d1-b8a03c50a862",13.045833,47.8025,1872,NA,NA,"Austria","1306443","A. Minks","LD","Salzburg","General","Salzburg","GBIF",NA
788549246,"aab0cf80-0c64-11dd-84d1-b8a03c50a862",17.871389,50.576389,1869,"11",NA,"Poland","1306383","B. Stein","LD","Prószków","General","Opolskie","GBIF",NA
788549006,"aab0cf80-0c64-11dd-84d1-b8a03c50a862",8.818611,51.7825,1868,"7",NA,"Germany","1306143","K. Beckhaus","LD","Bad Lippspringe","General","Nordrhein-Westfalen","GBIF",NA
